ISO-10303-21;
HEADER;
/* Generated by software containing ST-Developer
 * from STEP Tools, Inc. (www.steptools.com) 
 */

FILE_DESCRIPTION(
/* description */ ('Open CASCADE Model'),
/* implementation_level */ '2;1');

FILE_NAME(
/* name */ 'BoitierRBup.step',
/* time_stamp */ '2026-10-06T13:20:14+02:00',
/* author */ (''),
/* organization */ (''),
/* preprocessor_version */ 'ST-DEVELOPER v20.2',
/* originating_system */ 'Autodesk Translation Framework v15.15.0.0',
/* authorisation */ '');

FILE_SCHEMA (('AUTOMOTIVE_DESIGN { 1 0 10303 214 3 1 1 }'));
ENDSEC;

DATA;
#10=MECHANICAL_DESIGN_GEOMETRIC_PRESENTATION_REPRESENTATION('',(#13),#4905);
#11=SHAPE_REPRESENTATION_RELATIONSHIP('SRR','None',#5540,#12);
#12=ADVANCED_BREP_SHAPE_REPRESENTATION('',(#14),#4737);
#13=STYLED_ITEM('',(#6384),#14);
#14=MANIFOLD_SOLID_BREP('Corps4',#296);
#15=FACE_BOUND('',#60,.T.);
#16=FACE_BOUND('',#65,.T.);
#17=FACE_BOUND('',#75,.T.);
#18=PLANE('',#2434);
#19=PLANE('',#2435);
#20=PLANE('',#2436);
#21=PLANE('',#2437);
#22=PLANE('',#2438);
#23=PLANE('',#2439);
#24=PLANE('',#2440);
#25=PLANE('',#2441);
#26=PLANE('',#2442);
#27=PLANE('',#2443);
#28=PLANE('',#2444);
#29=(
BOUNDED_CURVE()
B_SPLINE_CURVE(2,(#4035,#4036,#4037),.UNSPECIFIED.,.F.,.F.)
B_SPLINE_CURVE_WITH_KNOTS((3,3),(0.,0.51788030276598),.UNSPECIFIED.)
CURVE()
GEOMETRIC_REPRESENTATION_ITEM()
RATIONAL_B_SPLINE_CURVE((1.,2.33333333333333,1.))
REPRESENTATION_ITEM('')
);
#30=(
BOUNDED_CURVE()
B_SPLINE_CURVE(2,(#4461,#4462,#4463),.UNSPECIFIED.,.F.,.F.)
B_SPLINE_CURVE_WITH_KNOTS((3,3),(0.,0.517880303188949),.UNSPECIFIED.)
CURVE()
GEOMETRIC_REPRESENTATION_ITEM()
RATIONAL_B_SPLINE_CURVE((1.,2.33333333333333,1.))
REPRESENTATION_ITEM('')
);
#31=(
BOUNDED_CURVE()
B_SPLINE_CURVE(2,(#4474,#4475,#4476),.UNSPECIFIED.,.F.,.F.)
B_SPLINE_CURVE_WITH_KNOTS((3,3),(0.,0.517880303188949),.UNSPECIFIED.)
CURVE()
GEOMETRIC_REPRESENTATION_ITEM()
RATIONAL_B_SPLINE_CURVE((1.,2.33333333333333,1.))
REPRESENTATION_ITEM('')
);
#32=(
BOUNDED_CURVE()
B_SPLINE_CURVE(2,(#4483,#4484,#4485),.UNSPECIFIED.,.F.,.F.)
B_SPLINE_CURVE_WITH_KNOTS((3,3),(-0.51788030276598,0.),.UNSPECIFIED.)
CURVE()
GEOMETRIC_REPRESENTATION_ITEM()
RATIONAL_B_SPLINE_CURVE((1.,2.33333333333333,1.))
REPRESENTATION_ITEM('')
);
#33=B_SPLINE_CURVE_WITH_KNOTS('',3,(#3902,#3903,#3904,#3905,#3906,#3907,
#3908,#3909,#3910,#3911,#3912,#3913,#3914,#3915,#3916,#3917,#3918,#3919,
#3920,#3921,#3922,#3923,#3924,#3925,#3926,#3927,#3928,#3929,#3930,#3931,
#3932,#3933,#3934,#3935,#3936,#3937,#3938,#3939,#3940,#3941,#3942,#3943,
#3944,#3945,#3946,#3947,#3948,#3949,#3950,#3951,#3952,#3953,#3954,#3955,
#3956,#3957,#3958,#3959,#3960,#3961,#3962,#3963,#3964,#3965,#3966,#3967,
#3968,#3969,#3970,#3971,#3972,#3973,#3974,#3975,#3976,#3977,#3978,#3979,
#3980,#3981,#3982,#3983,#3984,#3985,#3986,#3987,#3988,#3989,#3990,#3991,
#3992,#3993,#3994,#3995,#3996,#3997,#3998,#3999,#4000,#4001,#4002,#4003,
#4004,#4005,#4006,#4007,#4008,#4009,#4010,#4011,#4012,#4013,#4014,#4015,
#4016,#4017,#4018,#4019,#4020,#4021,#4022,#4023,#4024,#4025,#4026,#4027,
#4028,#4029,#4030,#4031),.UNSPECIFIED.,.F.,.F.,(4,3,3,3,3,3,3,3,3,3,3,3,
3,3,3,3,3,3,3,3,3,3,3,3,3,3,3,3,3,3,3,3,3,3,3,3,3,3,3,3,3,3,3,4),(0.,0.0124120615572254,
0.0254827813156853,0.0392542967689443,0.0541597381430702,0.0698801682983921,
0.0864691641456161,0.103984403536489,0.122488004671922,0.142046883734395,
0.162733121163879,0.184624315695349,0.207803881952681,0.233061887079665,
0.259819708176642,0.288175525689735,0.318226706598322,0.350059301318955,
0.383723004311171,0.42087831405446,0.458418745440821,0.496401432556667,
0.533849494354243,0.569973322762886,0.604360830083989,0.63688578595391,
0.667567036378177,0.696483394700219,0.723734362042065,0.749423584984869,
0.773652127393683,0.796515858113696,0.819227370874958,0.839099944541063,
0.857828649531616,0.87562235259505,0.892536084598078,0.908621162553466,
0.923925456349479,0.938108070156262,0.951720271830475,0.964964116017135,
0.977323520353639,0.978207960203795),.UNSPECIFIED.);
#34=B_SPLINE_CURVE_WITH_KNOTS('',3,(#4043,#4044,#4045,#4046,#4047,#4048,
#4049,#4050,#4051,#4052,#4053,#4054,#4055,#4056,#4057,#4058,#4059,#4060,
#4061,#4062,#4063,#4064,#4065,#4066,#4067,#4068,#4069,#4070,#4071,#4072,
#4073,#4074,#4075,#4076,#4077,#4078,#4079,#4080,#4081,#4082,#4083,#4084,
#4085,#4086,#4087,#4088,#4089,#4090,#4091,#4092,#4093,#4094,#4095,#4096,
#4097,#4098,#4099,#4100,#4101,#4102,#4103,#4104,#4105,#4106,#4107,#4108,
#4109,#4110,#4111,#4112,#4113,#4114,#4115,#4116,#4117,#4118,#4119,#4120,
#4121,#4122,#4123,#4124,#4125,#4126,#4127,#4128,#4129,#4130,#4131,#4132,
#4133,#4134,#4135,#4136,#4137,#4138,#4139,#4140,#4141,#4142,#4143,#4144,
#4145,#4146,#4147,#4148,#4149,#4150,#4151,#4152,#4153,#4154,#4155,#4156,
#4157,#4158,#4159,#4160,#4161,#4162,#4163,#4164,#4165,#4166,#4167,#4168,
#4169,#4170,#4171,#4172),.UNSPECIFIED.,.F.,.F.,(4,3,3,3,3,3,3,3,3,3,3,3,
3,3,3,3,3,3,3,3,3,3,3,3,3,3,3,3,3,3,3,3,3,3,3,3,3,3,3,3,3,3,3,4),(0.,0.0124120615571985,
0.025482781315687,0.0392542967689143,0.0541597381430129,0.0698801682982995,
0.0864691641455028,0.103984403536336,0.122488004671714,0.142046883734143,
0.162733121163569,0.18462431569495,0.207803881952156,0.233061887079087,
0.259819708176019,0.288175525689023,0.318226706597574,0.350059301318186,
0.38372300431043,0.420878314053628,0.458418745439907,0.496401432555674,
0.533849494353167,0.56997332276172,0.604360830082745,0.636885785952587,
0.66756703637679,0.696483394698745,0.723734362040542,0.749423584983288,
0.773652127392015,0.79651585811197,0.819227370873174,0.839099944539228,
0.857828649529731,0.875622352593126,0.892536084596104,0.908621162551459,
0.923925456347451,0.938108070154199,0.951720271828381,0.964964116014992,
0.977323520351472,0.978207960201602),.UNSPECIFIED.);
#35=B_SPLINE_CURVE_WITH_KNOTS('',3,(#4176,#4177,#4178,#4179,#4180,#4181,
#4182,#4183,#4184,#4185,#4186,#4187,#4188,#4189,#4190,#4191,#4192,#4193,
#4194,#4195,#4196,#4197,#4198,#4199,#4200,#4201,#4202,#4203,#4204,#4205,
#4206,#4207,#4208,#4209,#4210,#4211,#4212,#4213,#4214,#4215,#4216,#4217,
#4218,#4219,#4220,#4221,#4222,#4223,#4224,#4225,#4226,#4227,#4228,#4229,
#4230,#4231,#4232,#4233,#4234,#4235,#4236,#4237,#4238,#4239,#4240,#4241,
#4242,#4243,#4244,#4245,#4246,#4247,#4248,#4249,#4250,#4251,#4252,#4253,
#4254,#4255,#4256,#4257,#4258,#4259,#4260,#4261,#4262,#4263,#4264,#4265,
#4266,#4267,#4268,#4269,#4270,#4271,#4272,#4273,#4274,#4275,#4276,#4277,
#4278,#4279,#4280,#4281,#4282,#4283,#4284,#4285,#4286,#4287,#4288,#4289,
#4290,#4291,#4292,#4293,#4294,#4295,#4296,#4297,#4298,#4299,#4300,#4301,
#4302,#4303,#4304,#4305),.UNSPECIFIED.,.F.,.F.,(4,3,3,3,3,3,3,3,3,3,3,3,
3,3,3,3,3,3,3,3,3,3,3,3,3,3,3,3,3,3,3,3,3,3,3,3,3,3,3,3,3,3,3,4),(0.,0.00937704173704667,
0.0192516853761994,0.0296557648745328,0.0409165006689532,0.0527929427081024,
0.0653255671791781,0.078557948440859,0.0925370154387195,0.107313321888754,
0.122941322990918,0.139479642896389,0.156991299533761,0.176073171394759,
0.196288121501094,0.217710323037837,0.240413334633666,0.264462165500993,
0.289894358720126,0.317964384724002,0.34632536168237,0.375020453206437,
0.403311646977719,0.430602411321274,0.456581422965966,0.481153317622559,
0.504332333035408,0.526178010965319,0.546765522338988,0.566173169887288,
0.584477305155524,0.601750354964876,0.618908407442035,0.633921703359549,
0.648070831429731,0.66151358594017,0.674291541510232,0.686443467023629,
0.698005527136679,0.7087201824855,0.719003903911232,0.729009339346689,0.738346599709514,
0.739014774782146),.UNSPECIFIED.);
#36=B_SPLINE_CURVE_WITH_KNOTS('',3,(#4309,#4310,#4311,#4312,#4313,#4314,
#4315,#4316,#4317,#4318,#4319,#4320,#4321,#4322,#4323,#4324,#4325,#4326,
#4327,#4328,#4329,#4330,#4331,#4332,#4333,#4334,#4335,#4336,#4337,#4338,
#4339,#4340,#4341,#4342,#4343,#4344,#4345,#4346,#4347,#4348,#4349,#4350,
#4351,#4352,#4353,#4354,#4355,#4356,#4357,#4358,#4359,#4360,#4361,#4362,
#4363,#4364,#4365,#4366,#4367,#4368,#4369,#4370,#4371,#4372,#4373,#4374,
#4375,#4376,#4377,#4378,#4379,#4380,#4381,#4382,#4383,#4384,#4385,#4386,
#4387,#4388,#4389,#4390,#4391,#4392,#4393,#4394,#4395,#4396,#4397,#4398,
#4399,#4400,#4401,#4402,#4403,#4404,#4405,#4406,#4407,#4408,#4409,#4410,
#4411,#4412,#4413,#4414,#4415,#4416,#4417,#4418,#4419,#4420,#4421,#4422,
#4423,#4424,#4425,#4426,#4427,#4428,#4429,#4430,#4431,#4432,#4433,#4434,
#4435,#4436,#4437,#4438),.UNSPECIFIED.,.F.,.F.,(4,3,3,3,3,3,3,3,3,3,3,3,
3,3,3,3,3,3,3,3,3,3,3,3,3,3,3,3,3,3,3,3,3,3,3,3,3,3,3,3,3,3,3,4),(0.,0.00937704180616037,
0.0192516855183763,0.0296557650939931,0.0409165009725056,0.0527929431007122,
0.0653255676661765,0.0785579490279499,0.0925370161320413,0.107313322694905,
0.122941323916914,0.139479643949888,0.156991300722935,0.176073172732136,
0.196288122996189,0.217710324700715,0.24041333647491,0.264462167531368,
0.289894360949837,0.317964387126369,0.346325364288963,0.375020456006221,
0.40331164995444,0.430602414459827,0.456581426254538,0.481153321051769,
0.504332336597208,0.526178014652618,0.546765526145163,0.566173173806285,
0.584477309181561,0.601750359092577,0.618908411677798,0.633921707689867,
0.648070835844484,0.661513590435623,0.674291546082783,0.686443471669901,
0.698005531853523,0.708720187268046,0.719003908757093,0.729009344265719,
0.738346604686045,0.739014779774345),.UNSPECIFIED.);
#37=(
BOUNDED_SURFACE()
B_SPLINE_SURFACE(2,1,((#3894,#3895),(#3896,#3897),(#3898,#3899)),
 .UNSPECIFIED.,.F.,.F.,.F.)
B_SPLINE_SURFACE_WITH_KNOTS((3,3),(2,2),(0.,0.51788030276598),(0.,4.),
 .UNSPECIFIED.)
GEOMETRIC_REPRESENTATION_ITEM()
RATIONAL_B_SPLINE_SURFACE(((1.,1.),(2.33333333333333,2.33333333333333),
(1.,1.)))
REPRESENTATION_ITEM('')
SURFACE()
);
#38=(
BOUNDED_SURFACE()
B_SPLINE_SURFACE(2,1,((#4452,#4453),(#4454,#4455),(#4456,#4457)),
 .UNSPECIFIED.,.F.,.F.,.F.)
B_SPLINE_SURFACE_WITH_KNOTS((3,3),(2,2),(0.,0.517880303188949),(0.,20.),
 .UNSPECIFIED.)
GEOMETRIC_REPRESENTATION_ITEM()
RATIONAL_B_SPLINE_SURFACE(((1.,1.),(2.33333333333333,2.33333333333333),
(1.,1.)))
REPRESENTATION_ITEM('')
SURFACE()
);
#39=(
BOUNDED_SURFACE()
B_SPLINE_SURFACE(2,1,((#4465,#4466),(#4467,#4468),(#4469,#4470)),
 .UNSPECIFIED.,.F.,.F.,.F.)
B_SPLINE_SURFACE_WITH_KNOTS((3,3),(2,2),(0.,0.517880303188949),(0.,20.),
 .UNSPECIFIED.)
GEOMETRIC_REPRESENTATION_ITEM()
RATIONAL_B_SPLINE_SURFACE(((1.,1.),(2.33333333333333,2.33333333333333),
(1.,1.)))
REPRESENTATION_ITEM('')
SURFACE()
);
#40=(
BOUNDED_SURFACE()
B_SPLINE_SURFACE(2,1,((#4489,#4490),(#4491,#4492),(#4493,#4494)),
 .UNSPECIFIED.,.F.,.F.,.F.)
B_SPLINE_SURFACE_WITH_KNOTS((3,3),(2,2),(-0.51788030276598,0.),(0.,2.),
 .UNSPECIFIED.)
GEOMETRIC_REPRESENTATION_ITEM()
RATIONAL_B_SPLINE_SURFACE(((1.,1.),(2.33333333333333,2.33333333333333),
(1.,1.)))
REPRESENTATION_ITEM('')
SURFACE()
);
#41=FACE_OUTER_BOUND('',#57,.T.);
#42=FACE_OUTER_BOUND('',#58,.T.);
#43=FACE_OUTER_BOUND('',#59,.T.);
#44=FACE_OUTER_BOUND('',#61,.T.);
#45=FACE_OUTER_BOUND('',#62,.T.);
#46=FACE_OUTER_BOUND('',#63,.T.);
#47=FACE_OUTER_BOUND('',#64,.T.);
#48=FACE_OUTER_BOUND('',#66,.T.);
#49=FACE_OUTER_BOUND('',#67,.T.);
#50=FACE_OUTER_BOUND('',#68,.T.);
#51=FACE_OUTER_BOUND('',#69,.T.);
#52=FACE_OUTER_BOUND('',#70,.T.);
#53=FACE_OUTER_BOUND('',#71,.T.);
#54=FACE_OUTER_BOUND('',#72,.T.);
#55=FACE_OUTER_BOUND('',#73,.T.);
#56=FACE_OUTER_BOUND('',#74,.T.);
#57=EDGE_LOOP('',(#201,#202,#203,#204));
#58=EDGE_LOOP('',(#205,#206,#207,#208));
#59=EDGE_LOOP('',(#209,#210,#211,#212,#213,#214,#215,#216));
#60=EDGE_LOOP('',(#217,#218,#219,#220));
#61=EDGE_LOOP('',(#221,#222,#223,#224));
#62=EDGE_LOOP('',(#225,#226,#227,#228));
#63=EDGE_LOOP('',(#229,#230,#231,#232));
#64=EDGE_LOOP('',(#233,#234,#235,#236,#237,#238,#239,#240));
#65=EDGE_LOOP('',(#241));
#66=EDGE_LOOP('',(#242,#243,#244,#245));
#67=EDGE_LOOP('',(#246,#247,#248,#249));
#68=EDGE_LOOP('',(#250,#251,#252,#253));
#69=EDGE_LOOP('',(#254,#255,#256,#257));
#70=EDGE_LOOP('',(#258,#259,#260,#261));
#71=EDGE_LOOP('',(#262,#263,#264,#265));
#72=EDGE_LOOP('',(#266,#267,#268,#269));
#73=EDGE_LOOP('',(#270,#271,#272,#273));
#74=EDGE_LOOP('',(#274,#275,#276,#277));
#75=EDGE_LOOP('',(#278));
#76=LINE('',#3892,#105);
#77=LINE('',#4033,#106);
#78=LINE('',#4038,#107);
#79=LINE('',#4041,#108);
#80=LINE('',#4174,#109);
#81=LINE('',#4307,#110);
#82=LINE('',#4439,#111);
#83=LINE('',#4442,#112);
#84=LINE('',#4444,#113);
#85=LINE('',#4446,#114);
#86=LINE('',#4447,#115);
#87=LINE('',#4450,#116);
#88=LINE('',#4451,#117);
#89=LINE('',#4459,#118);
#90=LINE('',#4464,#119);
#91=LINE('',#4472,#120);
#92=LINE('',#4477,#121);
#93=LINE('',#4479,#122);
#94=LINE('',#4480,#123);
#95=LINE('',#4482,#124);
#96=LINE('',#4488,#125);
#97=LINE('',#4499,#126);
#98=LINE('',#4500,#127);
#99=LINE('',#4501,#128);
#100=LINE('',#4504,#129);
#101=LINE('',#4505,#130);
#102=LINE('',#4508,#131);
#103=LINE('',#4509,#132);
#104=LINE('',#4511,#133);
#105=VECTOR('',#3318,3.24999862350524);
#106=VECTOR('',#3321,10.);
#107=VECTOR('',#3322,10.);
#108=VECTOR('',#3325,10.);
#109=VECTOR('',#3326,10.);
#110=VECTOR('',#3327,10.);
#111=VECTOR('',#3328,10.);
#112=VECTOR('',#3329,10.);
#113=VECTOR('',#3330,10.);
#114=VECTOR('',#3331,10.);
#115=VECTOR('',#3332,10.);
#116=VECTOR('',#3335,10.);
#117=VECTOR('',#3336,10.);
#118=VECTOR('',#3337,10.);
#119=VECTOR('',#3338,10.);
#120=VECTOR('',#3339,10.);
#121=VECTOR('',#3340,10.);
#122=VECTOR('',#3343,10.);
#123=VECTOR('',#3344,10.);
#124=VECTOR('',#3345,10.);
#125=VECTOR('',#3350,10.);
#126=VECTOR('',#3355,10.);
#127=VECTOR('',#3356,10.);
#128=VECTOR('',#3357,10.);
#129=VECTOR('',#3360,10.);
#130=VECTOR('',#3361,10.);
#131=VECTOR('',#3364,10.);
#132=VECTOR('',#3365,10.);
#133=VECTOR('',#3368,10.);
#134=CIRCLE('',#2432,3.24999862350524);
#135=CIRCLE('',#2433,3.24999862350524);
#136=VERTEX_POINT('',#3889);
#137=VERTEX_POINT('',#3891);
#138=VERTEX_POINT('',#3900);
#139=VERTEX_POINT('',#3901);
#140=VERTEX_POINT('',#4032);
#141=VERTEX_POINT('',#4034);
#142=VERTEX_POINT('',#4040);
#143=VERTEX_POINT('',#4042);
#144=VERTEX_POINT('',#4173);
#145=VERTEX_POINT('',#4175);
#146=VERTEX_POINT('',#4306);
#147=VERTEX_POINT('',#4308);
#148=VERTEX_POINT('',#4440);
#149=VERTEX_POINT('',#4441);
#150=VERTEX_POINT('',#4443);
#151=VERTEX_POINT('',#4445);
#152=VERTEX_POINT('',#4449);
#153=VERTEX_POINT('',#4458);
#154=VERTEX_POINT('',#4460);
#155=VERTEX_POINT('',#4471);
#156=VERTEX_POINT('',#4473);
#157=VERTEX_POINT('',#4481);
#158=VERTEX_POINT('',#4497);
#159=VERTEX_POINT('',#4498);
#160=VERTEX_POINT('',#4503);
#161=VERTEX_POINT('',#4507);
#162=EDGE_CURVE('',#136,#136,#134,.T.);
#163=EDGE_CURVE('',#136,#137,#76,.T.);
#164=EDGE_CURVE('',#137,#137,#135,.T.);
#165=EDGE_CURVE('',#138,#139,#33,.T.);
#166=EDGE_CURVE('',#140,#138,#77,.T.);
#167=EDGE_CURVE('',#141,#140,#29,.T.);
#168=EDGE_CURVE('',#141,#139,#78,.T.);
#169=EDGE_CURVE('',#139,#142,#79,.T.);
#170=EDGE_CURVE('',#142,#143,#34,.T.);
#171=EDGE_CURVE('',#143,#144,#80,.T.);
#172=EDGE_CURVE('',#144,#145,#35,.T.);
#173=EDGE_CURVE('',#145,#146,#81,.T.);
#174=EDGE_CURVE('',#146,#147,#36,.T.);
#175=EDGE_CURVE('',#147,#138,#82,.T.);
#176=EDGE_CURVE('',#148,#149,#83,.T.);
#177=EDGE_CURVE('',#149,#150,#84,.T.);
#178=EDGE_CURVE('',#150,#151,#85,.T.);
#179=EDGE_CURVE('',#151,#148,#86,.T.);
#180=EDGE_CURVE('',#152,#141,#87,.T.);
#181=EDGE_CURVE('',#152,#142,#88,.T.);
#182=EDGE_CURVE('',#153,#146,#89,.T.);
#183=EDGE_CURVE('',#154,#153,#30,.T.);
#184=EDGE_CURVE('',#154,#147,#90,.T.);
#185=EDGE_CURVE('',#155,#144,#91,.T.);
#186=EDGE_CURVE('',#156,#155,#31,.T.);
#187=EDGE_CURVE('',#156,#145,#92,.T.);
#188=EDGE_CURVE('',#140,#154,#93,.T.);
#189=EDGE_CURVE('',#153,#156,#94,.T.);
#190=EDGE_CURVE('',#155,#157,#95,.T.);
#191=EDGE_CURVE('',#157,#152,#32,.T.);
#192=EDGE_CURVE('',#157,#143,#96,.T.);
#193=EDGE_CURVE('',#158,#159,#97,.T.);
#194=EDGE_CURVE('',#159,#149,#98,.T.);
#195=EDGE_CURVE('',#158,#148,#99,.T.);
#196=EDGE_CURVE('',#160,#158,#100,.T.);
#197=EDGE_CURVE('',#160,#151,#101,.T.);
#198=EDGE_CURVE('',#161,#160,#102,.T.);
#199=EDGE_CURVE('',#161,#150,#103,.T.);
#200=EDGE_CURVE('',#159,#161,#104,.T.);
#201=ORIENTED_EDGE('',*,*,#162,.F.);
#202=ORIENTED_EDGE('',*,*,#163,.T.);
#203=ORIENTED_EDGE('',*,*,#164,.F.);
#204=ORIENTED_EDGE('',*,*,#163,.F.);
#205=ORIENTED_EDGE('',*,*,#165,.F.);
#206=ORIENTED_EDGE('',*,*,#166,.F.);
#207=ORIENTED_EDGE('',*,*,#167,.F.);
#208=ORIENTED_EDGE('',*,*,#168,.T.);
#209=ORIENTED_EDGE('',*,*,#165,.T.);
#210=ORIENTED_EDGE('',*,*,#169,.T.);
#211=ORIENTED_EDGE('',*,*,#170,.T.);
#212=ORIENTED_EDGE('',*,*,#171,.T.);
#213=ORIENTED_EDGE('',*,*,#172,.T.);
#214=ORIENTED_EDGE('',*,*,#173,.T.);
#215=ORIENTED_EDGE('',*,*,#174,.T.);
#216=ORIENTED_EDGE('',*,*,#175,.T.);
#217=ORIENTED_EDGE('',*,*,#176,.T.);
#218=ORIENTED_EDGE('',*,*,#177,.T.);
#219=ORIENTED_EDGE('',*,*,#178,.T.);
#220=ORIENTED_EDGE('',*,*,#179,.T.);
#221=ORIENTED_EDGE('',*,*,#168,.F.);
#222=ORIENTED_EDGE('',*,*,#180,.F.);
#223=ORIENTED_EDGE('',*,*,#181,.T.);
#224=ORIENTED_EDGE('',*,*,#169,.F.);
#225=ORIENTED_EDGE('',*,*,#174,.F.);
#226=ORIENTED_EDGE('',*,*,#182,.F.);
#227=ORIENTED_EDGE('',*,*,#183,.F.);
#228=ORIENTED_EDGE('',*,*,#184,.T.);
#229=ORIENTED_EDGE('',*,*,#172,.F.);
#230=ORIENTED_EDGE('',*,*,#185,.F.);
#231=ORIENTED_EDGE('',*,*,#186,.F.);
#232=ORIENTED_EDGE('',*,*,#187,.T.);
#233=ORIENTED_EDGE('',*,*,#167,.T.);
#234=ORIENTED_EDGE('',*,*,#188,.T.);
#235=ORIENTED_EDGE('',*,*,#183,.T.);
#236=ORIENTED_EDGE('',*,*,#189,.T.);
#237=ORIENTED_EDGE('',*,*,#186,.T.);
#238=ORIENTED_EDGE('',*,*,#190,.T.);
#239=ORIENTED_EDGE('',*,*,#191,.T.);
#240=ORIENTED_EDGE('',*,*,#180,.T.);
#241=ORIENTED_EDGE('',*,*,#164,.T.);
#242=ORIENTED_EDGE('',*,*,#182,.T.);
#243=ORIENTED_EDGE('',*,*,#173,.F.);
#244=ORIENTED_EDGE('',*,*,#187,.F.);
#245=ORIENTED_EDGE('',*,*,#189,.F.);
#246=ORIENTED_EDGE('',*,*,#185,.T.);
#247=ORIENTED_EDGE('',*,*,#171,.F.);
#248=ORIENTED_EDGE('',*,*,#192,.F.);
#249=ORIENTED_EDGE('',*,*,#190,.F.);
#250=ORIENTED_EDGE('',*,*,#170,.F.);
#251=ORIENTED_EDGE('',*,*,#181,.F.);
#252=ORIENTED_EDGE('',*,*,#191,.F.);
#253=ORIENTED_EDGE('',*,*,#192,.T.);
#254=ORIENTED_EDGE('',*,*,#166,.T.);
#255=ORIENTED_EDGE('',*,*,#175,.F.);
#256=ORIENTED_EDGE('',*,*,#184,.F.);
#257=ORIENTED_EDGE('',*,*,#188,.F.);
#258=ORIENTED_EDGE('',*,*,#193,.T.);
#259=ORIENTED_EDGE('',*,*,#194,.T.);
#260=ORIENTED_EDGE('',*,*,#176,.F.);
#261=ORIENTED_EDGE('',*,*,#195,.F.);
#262=ORIENTED_EDGE('',*,*,#196,.T.);
#263=ORIENTED_EDGE('',*,*,#195,.T.);
#264=ORIENTED_EDGE('',*,*,#179,.F.);
#265=ORIENTED_EDGE('',*,*,#197,.F.);
#266=ORIENTED_EDGE('',*,*,#198,.T.);
#267=ORIENTED_EDGE('',*,*,#197,.T.);
#268=ORIENTED_EDGE('',*,*,#178,.F.);
#269=ORIENTED_EDGE('',*,*,#199,.F.);
#270=ORIENTED_EDGE('',*,*,#200,.T.);
#271=ORIENTED_EDGE('',*,*,#199,.T.);
#272=ORIENTED_EDGE('',*,*,#177,.F.);
#273=ORIENTED_EDGE('',*,*,#194,.F.);
#274=ORIENTED_EDGE('',*,*,#200,.F.);
#275=ORIENTED_EDGE('',*,*,#193,.F.);
#276=ORIENTED_EDGE('',*,*,#196,.F.);
#277=ORIENTED_EDGE('',*,*,#198,.F.);
#278=ORIENTED_EDGE('',*,*,#162,.T.);
#279=CYLINDRICAL_SURFACE('',#2431,3.24999862350524);
#280=ADVANCED_FACE('',(#41),#279,.F.);
#281=ADVANCED_FACE('',(#42),#37,.F.);
#282=ADVANCED_FACE('',(#43,#15),#18,.F.);
#283=ADVANCED_FACE('',(#44),#19,.T.);
#284=ADVANCED_FACE('',(#45),#38,.F.);
#285=ADVANCED_FACE('',(#46),#39,.F.);
#286=ADVANCED_FACE('',(#47,#16),#20,.T.);
#287=ADVANCED_FACE('',(#48),#21,.T.);
#288=ADVANCED_FACE('',(#49),#22,.T.);
#289=ADVANCED_FACE('',(#50),#40,.F.);
#290=ADVANCED_FACE('',(#51),#23,.T.);
#291=ADVANCED_FACE('',(#52),#24,.T.);
#292=ADVANCED_FACE('',(#53),#25,.T.);
#293=ADVANCED_FACE('',(#54),#26,.T.);
#294=ADVANCED_FACE('',(#55),#27,.T.);
#295=ADVANCED_FACE('',(#56,#17),#28,.T.);
#296=CLOSED_SHELL('',(#280,#281,#282,#283,#284,#285,#286,#287,#288,#289,
#290,#291,#292,#293,#294,#295));
#297=ITEM_DEFINED_TRANSFORMATION($,$,#2026,#2027);
#298=ITEM_DEFINED_TRANSFORMATION($,$,#2034,#2035);
#299=ITEM_DEFINED_TRANSFORMATION($,$,#2033,#2036);
#300=ITEM_DEFINED_TRANSFORMATION($,$,#2041,#2042);
#301=ITEM_DEFINED_TRANSFORMATION($,$,#2047,#2048);
#302=ITEM_DEFINED_TRANSFORMATION($,$,#2050,#2051);
#303=ITEM_DEFINED_TRANSFORMATION($,$,#2046,#2052);
#304=ITEM_DEFINED_TRANSFORMATION($,$,#2046,#2053);
#305=ITEM_DEFINED_TRANSFORMATION($,$,#2049,#2054);
#306=ITEM_DEFINED_TRANSFORMATION($,$,#2057,#2060);
#307=ITEM_DEFINED_TRANSFORMATION($,$,#2058,#2061);
#308=ITEM_DEFINED_TRANSFORMATION($,$,#2059,#2062);
#309=ITEM_DEFINED_TRANSFORMATION($,$,#2056,#2063);
#310=ITEM_DEFINED_TRANSFORMATION($,$,#2067,#2068);
#311=ITEM_DEFINED_TRANSFORMATION($,$,#2071,#2072);
#312=ITEM_DEFINED_TRANSFORMATION($,$,#2070,#2073);
#313=ITEM_DEFINED_TRANSFORMATION($,$,#2066,#2074);
#314=ITEM_DEFINED_TRANSFORMATION($,$,#2066,#2075);
#315=ITEM_DEFINED_TRANSFORMATION($,$,#2077,#2078);
#316=ITEM_DEFINED_TRANSFORMATION($,$,#2070,#2079);
#317=ITEM_DEFINED_TRANSFORMATION($,$,#2076,#2080);
#318=ITEM_DEFINED_TRANSFORMATION($,$,#2076,#2081);
#319=ITEM_DEFINED_TRANSFORMATION($,$,#2070,#2082);
#320=ITEM_DEFINED_TRANSFORMATION($,$,#2076,#2083);
#321=ITEM_DEFINED_TRANSFORMATION($,$,#2076,#2084);
#322=ITEM_DEFINED_TRANSFORMATION($,$,#2095,#2096);
#323=ITEM_DEFINED_TRANSFORMATION($,$,#2102,#2107);
#324=ITEM_DEFINED_TRANSFORMATION($,$,#2103,#2108);
#325=ITEM_DEFINED_TRANSFORMATION($,$,#2104,#2109);
#326=ITEM_DEFINED_TRANSFORMATION($,$,#2105,#2110);
#327=ITEM_DEFINED_TRANSFORMATION($,$,#2106,#2111);
#328=ITEM_DEFINED_TRANSFORMATION($,$,#2100,#2112);
#329=ITEM_DEFINED_TRANSFORMATION($,$,#2101,#2113);
#330=ITEM_DEFINED_TRANSFORMATION($,$,#2099,#2115);
#331=ITEM_DEFINED_TRANSFORMATION($,$,#2114,#2116);
#332=ITEM_DEFINED_TRANSFORMATION($,$,#2119,#2120);
#333=ITEM_DEFINED_TRANSFORMATION($,$,#2118,#2121);
#334=ITEM_DEFINED_TRANSFORMATION($,$,#2125,#2126);
#335=ITEM_DEFINED_TRANSFORMATION($,$,#2137,#2138);
#336=ITEM_DEFINED_TRANSFORMATION($,$,#2140,#2141);
#337=ITEM_DEFINED_TRANSFORMATION($,$,#2136,#2142);
#338=ITEM_DEFINED_TRANSFORMATION($,$,#2139,#2143);
#339=ITEM_DEFINED_TRANSFORMATION($,$,#2139,#2144);
#340=ITEM_DEFINED_TRANSFORMATION($,$,#2136,#2145);
#341=ITEM_DEFINED_TRANSFORMATION($,$,#2139,#2146);
#342=ITEM_DEFINED_TRANSFORMATION($,$,#2139,#2147);
#343=ITEM_DEFINED_TRANSFORMATION($,$,#2150,#2151);
#344=ITEM_DEFINED_TRANSFORMATION($,$,#2149,#2152);
#345=ITEM_DEFINED_TRANSFORMATION($,$,#2149,#2153);
#346=ITEM_DEFINED_TRANSFORMATION($,$,#2124,#2154);
#347=ITEM_DEFINED_TRANSFORMATION($,$,#2157,#2158);
#348=ITEM_DEFINED_TRANSFORMATION($,$,#2149,#2159);
#349=ITEM_DEFINED_TRANSFORMATION($,$,#2149,#2160);
#350=ITEM_DEFINED_TRANSFORMATION($,$,#2156,#2161);
#351=ITEM_DEFINED_TRANSFORMATION($,$,#2149,#2162);
#352=ITEM_DEFINED_TRANSFORMATION($,$,#2149,#2163);
#353=ITEM_DEFINED_TRANSFORMATION($,$,#2156,#2164);
#354=ITEM_DEFINED_TRANSFORMATION($,$,#2156,#2165);
#355=ITEM_DEFINED_TRANSFORMATION($,$,#2149,#2166);
#356=ITEM_DEFINED_TRANSFORMATION($,$,#2149,#2167);
#357=ITEM_DEFINED_TRANSFORMATION($,$,#2149,#2168);
#358=ITEM_DEFINED_TRANSFORMATION($,$,#2149,#2169);
#359=ITEM_DEFINED_TRANSFORMATION($,$,#2156,#2170);
#360=ITEM_DEFINED_TRANSFORMATION($,$,#2172,#2173);
#361=ITEM_DEFINED_TRANSFORMATION($,$,#2171,#2174);
#362=ITEM_DEFINED_TRANSFORMATION($,$,#2171,#2175);
#363=ITEM_DEFINED_TRANSFORMATION($,$,#2156,#2176);
#364=ITEM_DEFINED_TRANSFORMATION($,$,#2124,#2177);
#365=ITEM_DEFINED_TRANSFORMATION($,$,#2171,#2178);
#366=ITEM_DEFINED_TRANSFORMATION($,$,#2171,#2179);
#367=ITEM_DEFINED_TRANSFORMATION($,$,#2156,#2180);
#368=ITEM_DEFINED_TRANSFORMATION($,$,#2171,#2181);
#369=ITEM_DEFINED_TRANSFORMATION($,$,#2171,#2182);
#370=ITEM_DEFINED_TRANSFORMATION($,$,#2171,#2183);
#371=ITEM_DEFINED_TRANSFORMATION($,$,#2171,#2184);
#372=ITEM_DEFINED_TRANSFORMATION($,$,#2156,#2185);
#373=ITEM_DEFINED_TRANSFORMATION($,$,#2156,#2186);
#374=ITEM_DEFINED_TRANSFORMATION($,$,#2171,#2187);
#375=ITEM_DEFINED_TRANSFORMATION($,$,#2171,#2188);
#376=ITEM_DEFINED_TRANSFORMATION($,$,#2156,#2189);
#377=ITEM_DEFINED_TRANSFORMATION($,$,#2171,#2190);
#378=ITEM_DEFINED_TRANSFORMATION($,$,#2171,#2191);
#379=ITEM_DEFINED_TRANSFORMATION($,$,#2171,#2192);
#380=ITEM_DEFINED_TRANSFORMATION($,$,#2171,#2193);
#381=ITEM_DEFINED_TRANSFORMATION($,$,#2156,#2194);
#382=ITEM_DEFINED_TRANSFORMATION($,$,#2171,#2195);
#383=ITEM_DEFINED_TRANSFORMATION($,$,#2171,#2196);
#384=ITEM_DEFINED_TRANSFORMATION($,$,#2156,#2197);
#385=ITEM_DEFINED_TRANSFORMATION($,$,#2156,#2198);
#386=ITEM_DEFINED_TRANSFORMATION($,$,#2171,#2199);
#387=ITEM_DEFINED_TRANSFORMATION($,$,#2171,#2200);
#388=ITEM_DEFINED_TRANSFORMATION($,$,#2171,#2201);
#389=ITEM_DEFINED_TRANSFORMATION($,$,#2171,#2202);
#390=ITEM_DEFINED_TRANSFORMATION($,$,#2094,#2203);
#391=ITEM_DEFINED_TRANSFORMATION($,$,#2156,#2204);
#392=ITEM_DEFINED_TRANSFORMATION($,$,#2171,#2205);
#393=ITEM_DEFINED_TRANSFORMATION($,$,#2171,#2206);
#394=ITEM_DEFINED_TRANSFORMATION($,$,#2171,#2207);
#395=ITEM_DEFINED_TRANSFORMATION($,$,#2171,#2208);
#396=ITEM_DEFINED_TRANSFORMATION($,$,#2156,#2209);
#397=ITEM_DEFINED_TRANSFORMATION($,$,#2156,#2210);
#398=ITEM_DEFINED_TRANSFORMATION($,$,#2171,#2211);
#399=ITEM_DEFINED_TRANSFORMATION($,$,#2171,#2212);
#400=ITEM_DEFINED_TRANSFORMATION($,$,#2171,#2213);
#401=ITEM_DEFINED_TRANSFORMATION($,$,#2171,#2214);
#402=ITEM_DEFINED_TRANSFORMATION($,$,#2156,#2215);
#403=ITEM_DEFINED_TRANSFORMATION($,$,#2171,#2216);
#404=ITEM_DEFINED_TRANSFORMATION($,$,#2171,#2217);
#405=ITEM_DEFINED_TRANSFORMATION($,$,#2156,#2218);
#406=ITEM_DEFINED_TRANSFORMATION($,$,#2156,#2219);
#407=ITEM_DEFINED_TRANSFORMATION($,$,#2171,#2220);
#408=ITEM_DEFINED_TRANSFORMATION($,$,#2171,#2221);
#409=ITEM_DEFINED_TRANSFORMATION($,$,#2156,#2222);
#410=ITEM_DEFINED_TRANSFORMATION($,$,#2171,#2223);
#411=ITEM_DEFINED_TRANSFORMATION($,$,#2171,#2224);
#412=ITEM_DEFINED_TRANSFORMATION($,$,#2156,#2225);
#413=ITEM_DEFINED_TRANSFORMATION($,$,#2171,#2226);
#414=ITEM_DEFINED_TRANSFORMATION($,$,#2171,#2227);
#415=ITEM_DEFINED_TRANSFORMATION($,$,#2040,#2228);
#416=ITEM_DEFINED_TRANSFORMATION($,$,#2043,#2229);
#417=ITEM_DEFINED_TRANSFORMATION($,$,#2044,#2230);
#418=ITEM_DEFINED_TRANSFORMATION($,$,#2045,#2231);
#419=ITEM_DEFINED_TRANSFORMATION($,$,#2055,#2232);
#420=ITEM_DEFINED_TRANSFORMATION($,$,#2064,#2233);
#421=ITEM_DEFINED_TRANSFORMATION($,$,#2065,#2234);
#422=ITEM_DEFINED_TRANSFORMATION($,$,#2069,#2235);
#423=ITEM_DEFINED_TRANSFORMATION($,$,#2085,#2236);
#424=ITEM_DEFINED_TRANSFORMATION($,$,#2086,#2237);
#425=ITEM_DEFINED_TRANSFORMATION($,$,#2087,#2238);
#426=ITEM_DEFINED_TRANSFORMATION($,$,#2088,#2239);
#427=ITEM_DEFINED_TRANSFORMATION($,$,#2089,#2240);
#428=ITEM_DEFINED_TRANSFORMATION($,$,#2090,#2241);
#429=ITEM_DEFINED_TRANSFORMATION($,$,#2091,#2242);
#430=ITEM_DEFINED_TRANSFORMATION($,$,#2092,#2243);
#431=ITEM_DEFINED_TRANSFORMATION($,$,#2093,#2244);
#432=ITEM_DEFINED_TRANSFORMATION($,$,#2097,#2245);
#433=ITEM_DEFINED_TRANSFORMATION($,$,#2098,#2246);
#434=ITEM_DEFINED_TRANSFORMATION($,$,#2117,#2247);
#435=ITEM_DEFINED_TRANSFORMATION($,$,#2122,#2248);
#436=ITEM_DEFINED_TRANSFORMATION($,$,#2123,#2249);
#437=ITEM_DEFINED_TRANSFORMATION($,$,#2127,#2250);
#438=ITEM_DEFINED_TRANSFORMATION($,$,#2128,#2251);
#439=ITEM_DEFINED_TRANSFORMATION($,$,#2129,#2252);
#440=ITEM_DEFINED_TRANSFORMATION($,$,#2130,#2253);
#441=ITEM_DEFINED_TRANSFORMATION($,$,#2131,#2254);
#442=ITEM_DEFINED_TRANSFORMATION($,$,#2132,#2255);
#443=ITEM_DEFINED_TRANSFORMATION($,$,#2133,#2256);
#444=ITEM_DEFINED_TRANSFORMATION($,$,#2134,#2257);
#445=ITEM_DEFINED_TRANSFORMATION($,$,#2135,#2258);
#446=ITEM_DEFINED_TRANSFORMATION($,$,#2148,#2259);
#447=ITEM_DEFINED_TRANSFORMATION($,$,#2155,#2260);
#448=ITEM_DEFINED_TRANSFORMATION($,$,#2039,#2261);
#449=ITEM_DEFINED_TRANSFORMATION($,$,#2264,#2265);
#450=ITEM_DEFINED_TRANSFORMATION($,$,#2264,#2266);
#451=ITEM_DEFINED_TRANSFORMATION($,$,#2271,#2272);
#452=ITEM_DEFINED_TRANSFORMATION($,$,#2275,#2277);
#453=ITEM_DEFINED_TRANSFORMATION($,$,#2276,#2278);
#454=ITEM_DEFINED_TRANSFORMATION($,$,#2269,#2279);
#455=ITEM_DEFINED_TRANSFORMATION($,$,#2270,#2280);
#456=ITEM_DEFINED_TRANSFORMATION($,$,#2273,#2281);
#457=ITEM_DEFINED_TRANSFORMATION($,$,#2274,#2282);
#458=ITEM_DEFINED_TRANSFORMATION($,$,#2274,#2283);
#459=ITEM_DEFINED_TRANSFORMATION($,$,#2274,#2284);
#460=ITEM_DEFINED_TRANSFORMATION($,$,#2274,#2285);
#461=ITEM_DEFINED_TRANSFORMATION($,$,#2274,#2286);
#462=ITEM_DEFINED_TRANSFORMATION($,$,#2274,#2287);
#463=ITEM_DEFINED_TRANSFORMATION($,$,#2274,#2288);
#464=ITEM_DEFINED_TRANSFORMATION($,$,#2274,#2289);
#465=ITEM_DEFINED_TRANSFORMATION($,$,#2268,#2290);
#466=ITEM_DEFINED_TRANSFORMATION($,$,#2306,#2307);
#467=ITEM_DEFINED_TRANSFORMATION($,$,#2320,#2321);
#468=ITEM_DEFINED_TRANSFORMATION($,$,#2323,#2324);
#469=ITEM_DEFINED_TRANSFORMATION($,$,#2318,#2325);
#470=ITEM_DEFINED_TRANSFORMATION($,$,#2319,#2326);
#471=ITEM_DEFINED_TRANSFORMATION($,$,#2322,#2327);
#472=ITEM_DEFINED_TRANSFORMATION($,$,#2322,#2328);
#473=ITEM_DEFINED_TRANSFORMATION($,$,#2322,#2329);
#474=ITEM_DEFINED_TRANSFORMATION($,$,#2322,#2330);
#475=ITEM_DEFINED_TRANSFORMATION($,$,#2322,#2331);
#476=ITEM_DEFINED_TRANSFORMATION($,$,#2322,#2332);
#477=ITEM_DEFINED_TRANSFORMATION($,$,#2322,#2333);
#478=ITEM_DEFINED_TRANSFORMATION($,$,#2322,#2334);
#479=ITEM_DEFINED_TRANSFORMATION($,$,#2317,#2335);
#480=ITEM_DEFINED_TRANSFORMATION($,$,#2338,#2339);
#481=ITEM_DEFINED_TRANSFORMATION($,$,#2337,#2340);
#482=ITEM_DEFINED_TRANSFORMATION($,$,#2342,#2343);
#483=ITEM_DEFINED_TRANSFORMATION($,$,#2342,#2344);
#484=ITEM_DEFINED_TRANSFORMATION($,$,#2342,#2345);
#485=ITEM_DEFINED_TRANSFORMATION($,$,#2342,#2346);
#486=ITEM_DEFINED_TRANSFORMATION($,$,#2349,#2350);
#487=ITEM_DEFINED_TRANSFORMATION($,$,#2349,#2351);
#488=ITEM_DEFINED_TRANSFORMATION($,$,#2349,#2352);
#489=ITEM_DEFINED_TRANSFORMATION($,$,#2349,#2353);
#490=ITEM_DEFINED_TRANSFORMATION($,$,#2349,#2354);
#491=ITEM_DEFINED_TRANSFORMATION($,$,#2349,#2355);
#492=ITEM_DEFINED_TRANSFORMATION($,$,#2359,#2360);
#493=ITEM_DEFINED_TRANSFORMATION($,$,#2359,#2361);
#494=ITEM_DEFINED_TRANSFORMATION($,$,#2359,#2362);
#495=ITEM_DEFINED_TRANSFORMATION($,$,#2359,#2363);
#496=ITEM_DEFINED_TRANSFORMATION($,$,#2359,#2364);
#497=ITEM_DEFINED_TRANSFORMATION($,$,#2371,#2372);
#498=ITEM_DEFINED_TRANSFORMATION($,$,#2370,#2374);
#499=ITEM_DEFINED_TRANSFORMATION($,$,#2373,#2375);
#500=ITEM_DEFINED_TRANSFORMATION($,$,#2373,#2376);
#501=ITEM_DEFINED_TRANSFORMATION($,$,#2369,#2377);
#502=ITEM_DEFINED_TRANSFORMATION($,$,#2368,#2378);
#503=ITEM_DEFINED_TRANSFORMATION($,$,#2381,#2382);
#504=ITEM_DEFINED_TRANSFORMATION($,$,#2381,#2383);
#505=ITEM_DEFINED_TRANSFORMATION($,$,#2381,#2384);
#506=ITEM_DEFINED_TRANSFORMATION($,$,#2381,#2385);
#507=ITEM_DEFINED_TRANSFORMATION($,$,#2381,#2386);
#508=ITEM_DEFINED_TRANSFORMATION($,$,#2381,#2387);
#509=ITEM_DEFINED_TRANSFORMATION($,$,#2381,#2388);
#510=ITEM_DEFINED_TRANSFORMATION($,$,#2381,#2389);
#511=ITEM_DEFINED_TRANSFORMATION($,$,#2381,#2390);
#512=ITEM_DEFINED_TRANSFORMATION($,$,#2381,#2391);
#513=ITEM_DEFINED_TRANSFORMATION($,$,#2381,#2392);
#514=ITEM_DEFINED_TRANSFORMATION($,$,#2381,#2393);
#515=ITEM_DEFINED_TRANSFORMATION($,$,#2381,#2394);
#516=ITEM_DEFINED_TRANSFORMATION($,$,#2381,#2395);
#517=ITEM_DEFINED_TRANSFORMATION($,$,#2381,#2396);
#518=ITEM_DEFINED_TRANSFORMATION($,$,#2381,#2397);
#519=ITEM_DEFINED_TRANSFORMATION($,$,#2381,#2398);
#520=ITEM_DEFINED_TRANSFORMATION($,$,#2381,#2399);
#521=ITEM_DEFINED_TRANSFORMATION($,$,#2381,#2400);
#522=ITEM_DEFINED_TRANSFORMATION($,$,#2381,#2401);
#523=ITEM_DEFINED_TRANSFORMATION($,$,#2381,#2402);
#524=ITEM_DEFINED_TRANSFORMATION($,$,#2404,#2405);
#525=ITEM_DEFINED_TRANSFORMATION($,$,#2407,#2408);
#526=ITEM_DEFINED_TRANSFORMATION($,$,#2407,#2409);
#527=ITEM_DEFINED_TRANSFORMATION($,$,#2412,#2413);
#528=ITEM_DEFINED_TRANSFORMATION($,$,#2412,#2414);
#529=ITEM_DEFINED_TRANSFORMATION($,$,#2412,#2415);
#530=ITEM_DEFINED_TRANSFORMATION($,$,#2412,#2416);
#531=ITEM_DEFINED_TRANSFORMATION($,$,#2418,#2419);
#532=ITEM_DEFINED_TRANSFORMATION($,$,#2422,#2423);
#533=ITEM_DEFINED_TRANSFORMATION($,$,#2421,#2424);
#534=ITEM_DEFINED_TRANSFORMATION($,$,#2426,#2427);
#535=ITEM_DEFINED_TRANSFORMATION($,$,#2429,#2430);
#536=ITEM_DEFINED_TRANSFORMATION($,$,#2025,#2445);
#537=ITEM_DEFINED_TRANSFORMATION($,$,#2028,#2446);
#538=ITEM_DEFINED_TRANSFORMATION($,$,#2029,#2447);
#539=ITEM_DEFINED_TRANSFORMATION($,$,#2030,#2448);
#540=ITEM_DEFINED_TRANSFORMATION($,$,#2031,#2449);
#541=ITEM_DEFINED_TRANSFORMATION($,$,#2032,#2450);
#542=ITEM_DEFINED_TRANSFORMATION($,$,#2037,#2451);
#543=ITEM_DEFINED_TRANSFORMATION($,$,#2038,#2452);
#544=ITEM_DEFINED_TRANSFORMATION($,$,#2262,#2453);
#545=ITEM_DEFINED_TRANSFORMATION($,$,#2263,#2454);
#546=ITEM_DEFINED_TRANSFORMATION($,$,#2267,#2455);
#547=ITEM_DEFINED_TRANSFORMATION($,$,#2291,#2456);
#548=ITEM_DEFINED_TRANSFORMATION($,$,#2292,#2457);
#549=ITEM_DEFINED_TRANSFORMATION($,$,#2293,#2458);
#550=ITEM_DEFINED_TRANSFORMATION($,$,#2294,#2459);
#551=ITEM_DEFINED_TRANSFORMATION($,$,#2295,#2460);
#552=ITEM_DEFINED_TRANSFORMATION($,$,#2296,#2461);
#553=ITEM_DEFINED_TRANSFORMATION($,$,#2297,#2462);
#554=ITEM_DEFINED_TRANSFORMATION($,$,#2298,#2463);
#555=ITEM_DEFINED_TRANSFORMATION($,$,#2299,#2464);
#556=ITEM_DEFINED_TRANSFORMATION($,$,#2300,#2465);
#557=ITEM_DEFINED_TRANSFORMATION($,$,#2301,#2466);
#558=ITEM_DEFINED_TRANSFORMATION($,$,#2302,#2467);
#559=ITEM_DEFINED_TRANSFORMATION($,$,#2303,#2468);
#560=ITEM_DEFINED_TRANSFORMATION($,$,#2304,#2469);
#561=ITEM_DEFINED_TRANSFORMATION($,$,#2305,#2470);
#562=ITEM_DEFINED_TRANSFORMATION($,$,#2308,#2471);
#563=ITEM_DEFINED_TRANSFORMATION($,$,#2309,#2472);
#564=ITEM_DEFINED_TRANSFORMATION($,$,#2310,#2473);
#565=ITEM_DEFINED_TRANSFORMATION($,$,#2311,#2474);
#566=ITEM_DEFINED_TRANSFORMATION($,$,#2312,#2475);
#567=ITEM_DEFINED_TRANSFORMATION($,$,#2313,#2476);
#568=ITEM_DEFINED_TRANSFORMATION($,$,#2314,#2477);
#569=ITEM_DEFINED_TRANSFORMATION($,$,#2315,#2478);
#570=ITEM_DEFINED_TRANSFORMATION($,$,#2316,#2479);
#571=ITEM_DEFINED_TRANSFORMATION($,$,#2336,#2480);
#572=ITEM_DEFINED_TRANSFORMATION($,$,#2341,#2481);
#573=ITEM_DEFINED_TRANSFORMATION($,$,#2347,#2482);
#574=ITEM_DEFINED_TRANSFORMATION($,$,#2348,#2483);
#575=ITEM_DEFINED_TRANSFORMATION($,$,#2356,#2484);
#576=ITEM_DEFINED_TRANSFORMATION($,$,#2357,#2485);
#577=ITEM_DEFINED_TRANSFORMATION($,$,#2358,#2486);
#578=ITEM_DEFINED_TRANSFORMATION($,$,#2365,#2487);
#579=ITEM_DEFINED_TRANSFORMATION($,$,#2366,#2488);
#580=ITEM_DEFINED_TRANSFORMATION($,$,#2367,#2489);
#581=ITEM_DEFINED_TRANSFORMATION($,$,#2379,#2490);
#582=ITEM_DEFINED_TRANSFORMATION($,$,#2380,#2491);
#583=ITEM_DEFINED_TRANSFORMATION($,$,#2403,#2492);
#584=ITEM_DEFINED_TRANSFORMATION($,$,#2406,#2493);
#585=ITEM_DEFINED_TRANSFORMATION($,$,#2410,#2494);
#586=ITEM_DEFINED_TRANSFORMATION($,$,#2411,#2495);
#587=ITEM_DEFINED_TRANSFORMATION($,$,#2417,#2496);
#588=ITEM_DEFINED_TRANSFORMATION($,$,#2420,#2497);
#589=ITEM_DEFINED_TRANSFORMATION($,$,#2425,#2498);
#590=ITEM_DEFINED_TRANSFORMATION($,$,#2428,#2499);
#591=(
REPRESENTATION_RELATIONSHIP($,$,#5542,#5541)
REPRESENTATION_RELATIONSHIP_WITH_TRANSFORMATION(#297)
SHAPE_REPRESENTATION_RELATIONSHIP()
);
#592=(
REPRESENTATION_RELATIONSHIP($,$,#5549,#5548)
REPRESENTATION_RELATIONSHIP_WITH_TRANSFORMATION(#298)
SHAPE_REPRESENTATION_RELATIONSHIP()
);
#593=(
REPRESENTATION_RELATIONSHIP($,$,#5548,#5547)
REPRESENTATION_RELATIONSHIP_WITH_TRANSFORMATION(#299)
SHAPE_REPRESENTATION_RELATIONSHIP()
);
#594=(
REPRESENTATION_RELATIONSHIP($,$,#5554,#5553)
REPRESENTATION_RELATIONSHIP_WITH_TRANSFORMATION(#300)
SHAPE_REPRESENTATION_RELATIONSHIP()
);
#595=(
REPRESENTATION_RELATIONSHIP($,$,#5559,#5558)
REPRESENTATION_RELATIONSHIP_WITH_TRANSFORMATION(#301)
SHAPE_REPRESENTATION_RELATIONSHIP()
);
#596=(
REPRESENTATION_RELATIONSHIP($,$,#5561,#5560)
REPRESENTATION_RELATIONSHIP_WITH_TRANSFORMATION(#302)
SHAPE_REPRESENTATION_RELATIONSHIP()
);
#597=(
REPRESENTATION_RELATIONSHIP($,$,#5558,#5557)
REPRESENTATION_RELATIONSHIP_WITH_TRANSFORMATION(#303)
SHAPE_REPRESENTATION_RELATIONSHIP()
);
#598=(
REPRESENTATION_RELATIONSHIP($,$,#5558,#5557)
REPRESENTATION_RELATIONSHIP_WITH_TRANSFORMATION(#304)
SHAPE_REPRESENTATION_RELATIONSHIP()
);
#599=(
REPRESENTATION_RELATIONSHIP($,$,#5560,#5557)
REPRESENTATION_RELATIONSHIP_WITH_TRANSFORMATION(#305)
SHAPE_REPRESENTATION_RELATIONSHIP()
);
#600=(
REPRESENTATION_RELATIONSHIP($,$,#5564,#5563)
REPRESENTATION_RELATIONSHIP_WITH_TRANSFORMATION(#306)
SHAPE_REPRESENTATION_RELATIONSHIP()
);
#601=(
REPRESENTATION_RELATIONSHIP($,$,#5565,#5563)
REPRESENTATION_RELATIONSHIP_WITH_TRANSFORMATION(#307)
SHAPE_REPRESENTATION_RELATIONSHIP()
);
#602=(
REPRESENTATION_RELATIONSHIP($,$,#5566,#5563)
REPRESENTATION_RELATIONSHIP_WITH_TRANSFORMATION(#308)
SHAPE_REPRESENTATION_RELATIONSHIP()
);
#603=(
REPRESENTATION_RELATIONSHIP($,$,#5563,#5562)
REPRESENTATION_RELATIONSHIP_WITH_TRANSFORMATION(#309)
SHAPE_REPRESENTATION_RELATIONSHIP()
);
#604=(
REPRESENTATION_RELATIONSHIP($,$,#5570,#5569)
REPRESENTATION_RELATIONSHIP_WITH_TRANSFORMATION(#310)
SHAPE_REPRESENTATION_RELATIONSHIP()
);
#605=(
REPRESENTATION_RELATIONSHIP($,$,#5573,#5572)
REPRESENTATION_RELATIONSHIP_WITH_TRANSFORMATION(#311)
SHAPE_REPRESENTATION_RELATIONSHIP()
);
#606=(
REPRESENTATION_RELATIONSHIP($,$,#5572,#5568)
REPRESENTATION_RELATIONSHIP_WITH_TRANSFORMATION(#312)
SHAPE_REPRESENTATION_RELATIONSHIP()
);
#607=(
REPRESENTATION_RELATIONSHIP($,$,#5569,#5568)
REPRESENTATION_RELATIONSHIP_WITH_TRANSFORMATION(#313)
SHAPE_REPRESENTATION_RELATIONSHIP()
);
#608=(
REPRESENTATION_RELATIONSHIP($,$,#5569,#5568)
REPRESENTATION_RELATIONSHIP_WITH_TRANSFORMATION(#314)
SHAPE_REPRESENTATION_RELATIONSHIP()
);
#609=(
REPRESENTATION_RELATIONSHIP($,$,#5575,#5574)
REPRESENTATION_RELATIONSHIP_WITH_TRANSFORMATION(#315)
SHAPE_REPRESENTATION_RELATIONSHIP()
);
#610=(
REPRESENTATION_RELATIONSHIP($,$,#5572,#5567)
REPRESENTATION_RELATIONSHIP_WITH_TRANSFORMATION(#316)
SHAPE_REPRESENTATION_RELATIONSHIP()
);
#611=(
REPRESENTATION_RELATIONSHIP($,$,#5574,#5567)
REPRESENTATION_RELATIONSHIP_WITH_TRANSFORMATION(#317)
SHAPE_REPRESENTATION_RELATIONSHIP()
);
#612=(
REPRESENTATION_RELATIONSHIP($,$,#5574,#5567)
REPRESENTATION_RELATIONSHIP_WITH_TRANSFORMATION(#318)
SHAPE_REPRESENTATION_RELATIONSHIP()
);
#613=(
REPRESENTATION_RELATIONSHIP($,$,#5572,#5571)
REPRESENTATION_RELATIONSHIP_WITH_TRANSFORMATION(#319)
SHAPE_REPRESENTATION_RELATIONSHIP()
);
#614=(
REPRESENTATION_RELATIONSHIP($,$,#5574,#5571)
REPRESENTATION_RELATIONSHIP_WITH_TRANSFORMATION(#320)
SHAPE_REPRESENTATION_RELATIONSHIP()
);
#615=(
REPRESENTATION_RELATIONSHIP($,$,#5574,#5571)
REPRESENTATION_RELATIONSHIP_WITH_TRANSFORMATION(#321)
SHAPE_REPRESENTATION_RELATIONSHIP()
);
#616=(
REPRESENTATION_RELATIONSHIP($,$,#5586,#5585)
REPRESENTATION_RELATIONSHIP_WITH_TRANSFORMATION(#322)
SHAPE_REPRESENTATION_RELATIONSHIP()
);
#617=(
REPRESENTATION_RELATIONSHIP($,$,#5592,#5591)
REPRESENTATION_RELATIONSHIP_WITH_TRANSFORMATION(#323)
SHAPE_REPRESENTATION_RELATIONSHIP()
);
#618=(
REPRESENTATION_RELATIONSHIP($,$,#5593,#5591)
REPRESENTATION_RELATIONSHIP_WITH_TRANSFORMATION(#324)
SHAPE_REPRESENTATION_RELATIONSHIP()
);
#619=(
REPRESENTATION_RELATIONSHIP($,$,#5594,#5591)
REPRESENTATION_RELATIONSHIP_WITH_TRANSFORMATION(#325)
SHAPE_REPRESENTATION_RELATIONSHIP()
);
#620=(
REPRESENTATION_RELATIONSHIP($,$,#5595,#5591)
REPRESENTATION_RELATIONSHIP_WITH_TRANSFORMATION(#326)
SHAPE_REPRESENTATION_RELATIONSHIP()
);
#621=(
REPRESENTATION_RELATIONSHIP($,$,#5596,#5591)
REPRESENTATION_RELATIONSHIP_WITH_TRANSFORMATION(#327)
SHAPE_REPRESENTATION_RELATIONSHIP()
);
#622=(
REPRESENTATION_RELATIONSHIP($,$,#5590,#5589)
REPRESENTATION_RELATIONSHIP_WITH_TRANSFORMATION(#328)
SHAPE_REPRESENTATION_RELATIONSHIP()
);
#623=(
REPRESENTATION_RELATIONSHIP($,$,#5591,#5589)
REPRESENTATION_RELATIONSHIP_WITH_TRANSFORMATION(#329)
SHAPE_REPRESENTATION_RELATIONSHIP()
);
#624=(
REPRESENTATION_RELATIONSHIP($,$,#5589,#5588)
REPRESENTATION_RELATIONSHIP_WITH_TRANSFORMATION(#330)
SHAPE_REPRESENTATION_RELATIONSHIP()
);
#625=(
REPRESENTATION_RELATIONSHIP($,$,#5597,#5588)
REPRESENTATION_RELATIONSHIP_WITH_TRANSFORMATION(#331)
SHAPE_REPRESENTATION_RELATIONSHIP()
);
#626=(
REPRESENTATION_RELATIONSHIP($,$,#5600,#5599)
REPRESENTATION_RELATIONSHIP_WITH_TRANSFORMATION(#332)
SHAPE_REPRESENTATION_RELATIONSHIP()
);
#627=(
REPRESENTATION_RELATIONSHIP($,$,#5599,#5598)
REPRESENTATION_RELATIONSHIP_WITH_TRANSFORMATION(#333)
SHAPE_REPRESENTATION_RELATIONSHIP()
);
#628=(
REPRESENTATION_RELATIONSHIP($,$,#5604,#5603)
REPRESENTATION_RELATIONSHIP_WITH_TRANSFORMATION(#334)
SHAPE_REPRESENTATION_RELATIONSHIP()
);
#629=(
REPRESENTATION_RELATIONSHIP($,$,#5615,#5614)
REPRESENTATION_RELATIONSHIP_WITH_TRANSFORMATION(#335)
SHAPE_REPRESENTATION_RELATIONSHIP()
);
#630=(
REPRESENTATION_RELATIONSHIP($,$,#5617,#5616)
REPRESENTATION_RELATIONSHIP_WITH_TRANSFORMATION(#336)
SHAPE_REPRESENTATION_RELATIONSHIP()
);
#631=(
REPRESENTATION_RELATIONSHIP($,$,#5614,#5610)
REPRESENTATION_RELATIONSHIP_WITH_TRANSFORMATION(#337)
SHAPE_REPRESENTATION_RELATIONSHIP()
);
#632=(
REPRESENTATION_RELATIONSHIP($,$,#5616,#5610)
REPRESENTATION_RELATIONSHIP_WITH_TRANSFORMATION(#338)
SHAPE_REPRESENTATION_RELATIONSHIP()
);
#633=(
REPRESENTATION_RELATIONSHIP($,$,#5616,#5610)
REPRESENTATION_RELATIONSHIP_WITH_TRANSFORMATION(#339)
SHAPE_REPRESENTATION_RELATIONSHIP()
);
#634=(
REPRESENTATION_RELATIONSHIP($,$,#5614,#5613)
REPRESENTATION_RELATIONSHIP_WITH_TRANSFORMATION(#340)
SHAPE_REPRESENTATION_RELATIONSHIP()
);
#635=(
REPRESENTATION_RELATIONSHIP($,$,#5616,#5613)
REPRESENTATION_RELATIONSHIP_WITH_TRANSFORMATION(#341)
SHAPE_REPRESENTATION_RELATIONSHIP()
);
#636=(
REPRESENTATION_RELATIONSHIP($,$,#5616,#5613)
REPRESENTATION_RELATIONSHIP_WITH_TRANSFORMATION(#342)
SHAPE_REPRESENTATION_RELATIONSHIP()
);
#637=(
REPRESENTATION_RELATIONSHIP($,$,#5620,#5619)
REPRESENTATION_RELATIONSHIP_WITH_TRANSFORMATION(#343)
SHAPE_REPRESENTATION_RELATIONSHIP()
);
#638=(
REPRESENTATION_RELATIONSHIP($,$,#5619,#5602)
REPRESENTATION_RELATIONSHIP_WITH_TRANSFORMATION(#344)
SHAPE_REPRESENTATION_RELATIONSHIP()
);
#639=(
REPRESENTATION_RELATIONSHIP($,$,#5619,#5602)
REPRESENTATION_RELATIONSHIP_WITH_TRANSFORMATION(#345)
SHAPE_REPRESENTATION_RELATIONSHIP()
);
#640=(
REPRESENTATION_RELATIONSHIP($,$,#5603,#5602)
REPRESENTATION_RELATIONSHIP_WITH_TRANSFORMATION(#346)
SHAPE_REPRESENTATION_RELATIONSHIP()
);
#641=(
REPRESENTATION_RELATIONSHIP($,$,#5623,#5622)
REPRESENTATION_RELATIONSHIP_WITH_TRANSFORMATION(#347)
SHAPE_REPRESENTATION_RELATIONSHIP()
);
#642=(
REPRESENTATION_RELATIONSHIP($,$,#5619,#5579)
REPRESENTATION_RELATIONSHIP_WITH_TRANSFORMATION(#348)
SHAPE_REPRESENTATION_RELATIONSHIP()
);
#643=(
REPRESENTATION_RELATIONSHIP($,$,#5619,#5579)
REPRESENTATION_RELATIONSHIP_WITH_TRANSFORMATION(#349)
SHAPE_REPRESENTATION_RELATIONSHIP()
);
#644=(
REPRESENTATION_RELATIONSHIP($,$,#5622,#5579)
REPRESENTATION_RELATIONSHIP_WITH_TRANSFORMATION(#350)
SHAPE_REPRESENTATION_RELATIONSHIP()
);
#645=(
REPRESENTATION_RELATIONSHIP($,$,#5619,#5605)
REPRESENTATION_RELATIONSHIP_WITH_TRANSFORMATION(#351)
SHAPE_REPRESENTATION_RELATIONSHIP()
);
#646=(
REPRESENTATION_RELATIONSHIP($,$,#5619,#5605)
REPRESENTATION_RELATIONSHIP_WITH_TRANSFORMATION(#352)
SHAPE_REPRESENTATION_RELATIONSHIP()
);
#647=(
REPRESENTATION_RELATIONSHIP($,$,#5622,#5605)
REPRESENTATION_RELATIONSHIP_WITH_TRANSFORMATION(#353)
SHAPE_REPRESENTATION_RELATIONSHIP()
);
#648=(
REPRESENTATION_RELATIONSHIP($,$,#5622,#5609)
REPRESENTATION_RELATIONSHIP_WITH_TRANSFORMATION(#354)
SHAPE_REPRESENTATION_RELATIONSHIP()
);
#649=(
REPRESENTATION_RELATIONSHIP($,$,#5619,#5609)
REPRESENTATION_RELATIONSHIP_WITH_TRANSFORMATION(#355)
SHAPE_REPRESENTATION_RELATIONSHIP()
);
#650=(
REPRESENTATION_RELATIONSHIP($,$,#5619,#5609)
REPRESENTATION_RELATIONSHIP_WITH_TRANSFORMATION(#356)
SHAPE_REPRESENTATION_RELATIONSHIP()
);
#651=(
REPRESENTATION_RELATIONSHIP($,$,#5619,#5618)
REPRESENTATION_RELATIONSHIP_WITH_TRANSFORMATION(#357)
SHAPE_REPRESENTATION_RELATIONSHIP()
);
#652=(
REPRESENTATION_RELATIONSHIP($,$,#5619,#5618)
REPRESENTATION_RELATIONSHIP_WITH_TRANSFORMATION(#358)
SHAPE_REPRESENTATION_RELATIONSHIP()
);
#653=(
REPRESENTATION_RELATIONSHIP($,$,#5622,#5618)
REPRESENTATION_RELATIONSHIP_WITH_TRANSFORMATION(#359)
SHAPE_REPRESENTATION_RELATIONSHIP()
);
#654=(
REPRESENTATION_RELATIONSHIP($,$,#5625,#5624)
REPRESENTATION_RELATIONSHIP_WITH_TRANSFORMATION(#360)
SHAPE_REPRESENTATION_RELATIONSHIP()
);
#655=(
REPRESENTATION_RELATIONSHIP($,$,#5624,#5555)
REPRESENTATION_RELATIONSHIP_WITH_TRANSFORMATION(#361)
SHAPE_REPRESENTATION_RELATIONSHIP()
);
#656=(
REPRESENTATION_RELATIONSHIP($,$,#5624,#5555)
REPRESENTATION_RELATIONSHIP_WITH_TRANSFORMATION(#362)
SHAPE_REPRESENTATION_RELATIONSHIP()
);
#657=(
REPRESENTATION_RELATIONSHIP($,$,#5622,#5555)
REPRESENTATION_RELATIONSHIP_WITH_TRANSFORMATION(#363)
SHAPE_REPRESENTATION_RELATIONSHIP()
);
#658=(
REPRESENTATION_RELATIONSHIP($,$,#5603,#5556)
REPRESENTATION_RELATIONSHIP_WITH_TRANSFORMATION(#364)
SHAPE_REPRESENTATION_RELATIONSHIP()
);
#659=(
REPRESENTATION_RELATIONSHIP($,$,#5624,#5556)
REPRESENTATION_RELATIONSHIP_WITH_TRANSFORMATION(#365)
SHAPE_REPRESENTATION_RELATIONSHIP()
);
#660=(
REPRESENTATION_RELATIONSHIP($,$,#5624,#5556)
REPRESENTATION_RELATIONSHIP_WITH_TRANSFORMATION(#366)
SHAPE_REPRESENTATION_RELATIONSHIP()
);
#661=(
REPRESENTATION_RELATIONSHIP($,$,#5622,#5576)
REPRESENTATION_RELATIONSHIP_WITH_TRANSFORMATION(#367)
SHAPE_REPRESENTATION_RELATIONSHIP()
);
#662=(
REPRESENTATION_RELATIONSHIP($,$,#5624,#5576)
REPRESENTATION_RELATIONSHIP_WITH_TRANSFORMATION(#368)
SHAPE_REPRESENTATION_RELATIONSHIP()
);
#663=(
REPRESENTATION_RELATIONSHIP($,$,#5624,#5576)
REPRESENTATION_RELATIONSHIP_WITH_TRANSFORMATION(#369)
SHAPE_REPRESENTATION_RELATIONSHIP()
);
#664=(
REPRESENTATION_RELATIONSHIP($,$,#5624,#5577)
REPRESENTATION_RELATIONSHIP_WITH_TRANSFORMATION(#370)
SHAPE_REPRESENTATION_RELATIONSHIP()
);
#665=(
REPRESENTATION_RELATIONSHIP($,$,#5624,#5577)
REPRESENTATION_RELATIONSHIP_WITH_TRANSFORMATION(#371)
SHAPE_REPRESENTATION_RELATIONSHIP()
);
#666=(
REPRESENTATION_RELATIONSHIP($,$,#5622,#5577)
REPRESENTATION_RELATIONSHIP_WITH_TRANSFORMATION(#372)
SHAPE_REPRESENTATION_RELATIONSHIP()
);
#667=(
REPRESENTATION_RELATIONSHIP($,$,#5622,#5578)
REPRESENTATION_RELATIONSHIP_WITH_TRANSFORMATION(#373)
SHAPE_REPRESENTATION_RELATIONSHIP()
);
#668=(
REPRESENTATION_RELATIONSHIP($,$,#5624,#5578)
REPRESENTATION_RELATIONSHIP_WITH_TRANSFORMATION(#374)
SHAPE_REPRESENTATION_RELATIONSHIP()
);
#669=(
REPRESENTATION_RELATIONSHIP($,$,#5624,#5578)
REPRESENTATION_RELATIONSHIP_WITH_TRANSFORMATION(#375)
SHAPE_REPRESENTATION_RELATIONSHIP()
);
#670=(
REPRESENTATION_RELATIONSHIP($,$,#5622,#5580)
REPRESENTATION_RELATIONSHIP_WITH_TRANSFORMATION(#376)
SHAPE_REPRESENTATION_RELATIONSHIP()
);
#671=(
REPRESENTATION_RELATIONSHIP($,$,#5624,#5580)
REPRESENTATION_RELATIONSHIP_WITH_TRANSFORMATION(#377)
SHAPE_REPRESENTATION_RELATIONSHIP()
);
#672=(
REPRESENTATION_RELATIONSHIP($,$,#5624,#5580)
REPRESENTATION_RELATIONSHIP_WITH_TRANSFORMATION(#378)
SHAPE_REPRESENTATION_RELATIONSHIP()
);
#673=(
REPRESENTATION_RELATIONSHIP($,$,#5624,#5581)
REPRESENTATION_RELATIONSHIP_WITH_TRANSFORMATION(#379)
SHAPE_REPRESENTATION_RELATIONSHIP()
);
#674=(
REPRESENTATION_RELATIONSHIP($,$,#5624,#5581)
REPRESENTATION_RELATIONSHIP_WITH_TRANSFORMATION(#380)
SHAPE_REPRESENTATION_RELATIONSHIP()
);
#675=(
REPRESENTATION_RELATIONSHIP($,$,#5622,#5581)
REPRESENTATION_RELATIONSHIP_WITH_TRANSFORMATION(#381)
SHAPE_REPRESENTATION_RELATIONSHIP()
);
#676=(
REPRESENTATION_RELATIONSHIP($,$,#5624,#5582)
REPRESENTATION_RELATIONSHIP_WITH_TRANSFORMATION(#382)
SHAPE_REPRESENTATION_RELATIONSHIP()
);
#677=(
REPRESENTATION_RELATIONSHIP($,$,#5624,#5582)
REPRESENTATION_RELATIONSHIP_WITH_TRANSFORMATION(#383)
SHAPE_REPRESENTATION_RELATIONSHIP()
);
#678=(
REPRESENTATION_RELATIONSHIP($,$,#5622,#5582)
REPRESENTATION_RELATIONSHIP_WITH_TRANSFORMATION(#384)
SHAPE_REPRESENTATION_RELATIONSHIP()
);
#679=(
REPRESENTATION_RELATIONSHIP($,$,#5622,#5583)
REPRESENTATION_RELATIONSHIP_WITH_TRANSFORMATION(#385)
SHAPE_REPRESENTATION_RELATIONSHIP()
);
#680=(
REPRESENTATION_RELATIONSHIP($,$,#5624,#5583)
REPRESENTATION_RELATIONSHIP_WITH_TRANSFORMATION(#386)
SHAPE_REPRESENTATION_RELATIONSHIP()
);
#681=(
REPRESENTATION_RELATIONSHIP($,$,#5624,#5583)
REPRESENTATION_RELATIONSHIP_WITH_TRANSFORMATION(#387)
SHAPE_REPRESENTATION_RELATIONSHIP()
);
#682=(
REPRESENTATION_RELATIONSHIP($,$,#5624,#5584)
REPRESENTATION_RELATIONSHIP_WITH_TRANSFORMATION(#388)
SHAPE_REPRESENTATION_RELATIONSHIP()
);
#683=(
REPRESENTATION_RELATIONSHIP($,$,#5624,#5584)
REPRESENTATION_RELATIONSHIP_WITH_TRANSFORMATION(#389)
SHAPE_REPRESENTATION_RELATIONSHIP()
);
#684=(
REPRESENTATION_RELATIONSHIP($,$,#5585,#5584)
REPRESENTATION_RELATIONSHIP_WITH_TRANSFORMATION(#390)
SHAPE_REPRESENTATION_RELATIONSHIP()
);
#685=(
REPRESENTATION_RELATIONSHIP($,$,#5622,#5587)
REPRESENTATION_RELATIONSHIP_WITH_TRANSFORMATION(#391)
SHAPE_REPRESENTATION_RELATIONSHIP()
);
#686=(
REPRESENTATION_RELATIONSHIP($,$,#5624,#5587)
REPRESENTATION_RELATIONSHIP_WITH_TRANSFORMATION(#392)
SHAPE_REPRESENTATION_RELATIONSHIP()
);
#687=(
REPRESENTATION_RELATIONSHIP($,$,#5624,#5587)
REPRESENTATION_RELATIONSHIP_WITH_TRANSFORMATION(#393)
SHAPE_REPRESENTATION_RELATIONSHIP()
);
#688=(
REPRESENTATION_RELATIONSHIP($,$,#5624,#5601)
REPRESENTATION_RELATIONSHIP_WITH_TRANSFORMATION(#394)
SHAPE_REPRESENTATION_RELATIONSHIP()
);
#689=(
REPRESENTATION_RELATIONSHIP($,$,#5624,#5601)
REPRESENTATION_RELATIONSHIP_WITH_TRANSFORMATION(#395)
SHAPE_REPRESENTATION_RELATIONSHIP()
);
#690=(
REPRESENTATION_RELATIONSHIP($,$,#5622,#5601)
REPRESENTATION_RELATIONSHIP_WITH_TRANSFORMATION(#396)
SHAPE_REPRESENTATION_RELATIONSHIP()
);
#691=(
REPRESENTATION_RELATIONSHIP($,$,#5622,#5606)
REPRESENTATION_RELATIONSHIP_WITH_TRANSFORMATION(#397)
SHAPE_REPRESENTATION_RELATIONSHIP()
);
#692=(
REPRESENTATION_RELATIONSHIP($,$,#5624,#5606)
REPRESENTATION_RELATIONSHIP_WITH_TRANSFORMATION(#398)
SHAPE_REPRESENTATION_RELATIONSHIP()
);
#693=(
REPRESENTATION_RELATIONSHIP($,$,#5624,#5606)
REPRESENTATION_RELATIONSHIP_WITH_TRANSFORMATION(#399)
SHAPE_REPRESENTATION_RELATIONSHIP()
);
#694=(
REPRESENTATION_RELATIONSHIP($,$,#5624,#5607)
REPRESENTATION_RELATIONSHIP_WITH_TRANSFORMATION(#400)
SHAPE_REPRESENTATION_RELATIONSHIP()
);
#695=(
REPRESENTATION_RELATIONSHIP($,$,#5624,#5607)
REPRESENTATION_RELATIONSHIP_WITH_TRANSFORMATION(#401)
SHAPE_REPRESENTATION_RELATIONSHIP()
);
#696=(
REPRESENTATION_RELATIONSHIP($,$,#5622,#5607)
REPRESENTATION_RELATIONSHIP_WITH_TRANSFORMATION(#402)
SHAPE_REPRESENTATION_RELATIONSHIP()
);
#697=(
REPRESENTATION_RELATIONSHIP($,$,#5624,#5608)
REPRESENTATION_RELATIONSHIP_WITH_TRANSFORMATION(#403)
SHAPE_REPRESENTATION_RELATIONSHIP()
);
#698=(
REPRESENTATION_RELATIONSHIP($,$,#5624,#5608)
REPRESENTATION_RELATIONSHIP_WITH_TRANSFORMATION(#404)
SHAPE_REPRESENTATION_RELATIONSHIP()
);
#699=(
REPRESENTATION_RELATIONSHIP($,$,#5622,#5608)
REPRESENTATION_RELATIONSHIP_WITH_TRANSFORMATION(#405)
SHAPE_REPRESENTATION_RELATIONSHIP()
);
#700=(
REPRESENTATION_RELATIONSHIP($,$,#5622,#5611)
REPRESENTATION_RELATIONSHIP_WITH_TRANSFORMATION(#406)
SHAPE_REPRESENTATION_RELATIONSHIP()
);
#701=(
REPRESENTATION_RELATIONSHIP($,$,#5624,#5611)
REPRESENTATION_RELATIONSHIP_WITH_TRANSFORMATION(#407)
SHAPE_REPRESENTATION_RELATIONSHIP()
);
#702=(
REPRESENTATION_RELATIONSHIP($,$,#5624,#5611)
REPRESENTATION_RELATIONSHIP_WITH_TRANSFORMATION(#408)
SHAPE_REPRESENTATION_RELATIONSHIP()
);
#703=(
REPRESENTATION_RELATIONSHIP($,$,#5622,#5612)
REPRESENTATION_RELATIONSHIP_WITH_TRANSFORMATION(#409)
SHAPE_REPRESENTATION_RELATIONSHIP()
);
#704=(
REPRESENTATION_RELATIONSHIP($,$,#5624,#5612)
REPRESENTATION_RELATIONSHIP_WITH_TRANSFORMATION(#410)
SHAPE_REPRESENTATION_RELATIONSHIP()
);
#705=(
REPRESENTATION_RELATIONSHIP($,$,#5624,#5612)
REPRESENTATION_RELATIONSHIP_WITH_TRANSFORMATION(#411)
SHAPE_REPRESENTATION_RELATIONSHIP()
);
#706=(
REPRESENTATION_RELATIONSHIP($,$,#5622,#5621)
REPRESENTATION_RELATIONSHIP_WITH_TRANSFORMATION(#412)
SHAPE_REPRESENTATION_RELATIONSHIP()
);
#707=(
REPRESENTATION_RELATIONSHIP($,$,#5624,#5621)
REPRESENTATION_RELATIONSHIP_WITH_TRANSFORMATION(#413)
SHAPE_REPRESENTATION_RELATIONSHIP()
);
#708=(
REPRESENTATION_RELATIONSHIP($,$,#5624,#5621)
REPRESENTATION_RELATIONSHIP_WITH_TRANSFORMATION(#414)
SHAPE_REPRESENTATION_RELATIONSHIP()
);
#709=(
REPRESENTATION_RELATIONSHIP($,$,#5553,#5552)
REPRESENTATION_RELATIONSHIP_WITH_TRANSFORMATION(#415)
SHAPE_REPRESENTATION_RELATIONSHIP()
);
#710=(
REPRESENTATION_RELATIONSHIP($,$,#5555,#5552)
REPRESENTATION_RELATIONSHIP_WITH_TRANSFORMATION(#416)
SHAPE_REPRESENTATION_RELATIONSHIP()
);
#711=(
REPRESENTATION_RELATIONSHIP($,$,#5556,#5552)
REPRESENTATION_RELATIONSHIP_WITH_TRANSFORMATION(#417)
SHAPE_REPRESENTATION_RELATIONSHIP()
);
#712=(
REPRESENTATION_RELATIONSHIP($,$,#5557,#5552)
REPRESENTATION_RELATIONSHIP_WITH_TRANSFORMATION(#418)
SHAPE_REPRESENTATION_RELATIONSHIP()
);
#713=(
REPRESENTATION_RELATIONSHIP($,$,#5562,#5552)
REPRESENTATION_RELATIONSHIP_WITH_TRANSFORMATION(#419)
SHAPE_REPRESENTATION_RELATIONSHIP()
);
#714=(
REPRESENTATION_RELATIONSHIP($,$,#5567,#5552)
REPRESENTATION_RELATIONSHIP_WITH_TRANSFORMATION(#420)
SHAPE_REPRESENTATION_RELATIONSHIP()
);
#715=(
REPRESENTATION_RELATIONSHIP($,$,#5568,#5552)
REPRESENTATION_RELATIONSHIP_WITH_TRANSFORMATION(#421)
SHAPE_REPRESENTATION_RELATIONSHIP()
);
#716=(
REPRESENTATION_RELATIONSHIP($,$,#5571,#5552)
REPRESENTATION_RELATIONSHIP_WITH_TRANSFORMATION(#422)
SHAPE_REPRESENTATION_RELATIONSHIP()
);
#717=(
REPRESENTATION_RELATIONSHIP($,$,#5576,#5552)
REPRESENTATION_RELATIONSHIP_WITH_TRANSFORMATION(#423)
SHAPE_REPRESENTATION_RELATIONSHIP()
);
#718=(
REPRESENTATION_RELATIONSHIP($,$,#5577,#5552)
REPRESENTATION_RELATIONSHIP_WITH_TRANSFORMATION(#424)
SHAPE_REPRESENTATION_RELATIONSHIP()
);
#719=(
REPRESENTATION_RELATIONSHIP($,$,#5578,#5552)
REPRESENTATION_RELATIONSHIP_WITH_TRANSFORMATION(#425)
SHAPE_REPRESENTATION_RELATIONSHIP()
);
#720=(
REPRESENTATION_RELATIONSHIP($,$,#5579,#5552)
REPRESENTATION_RELATIONSHIP_WITH_TRANSFORMATION(#426)
SHAPE_REPRESENTATION_RELATIONSHIP()
);
#721=(
REPRESENTATION_RELATIONSHIP($,$,#5580,#5552)
REPRESENTATION_RELATIONSHIP_WITH_TRANSFORMATION(#427)
SHAPE_REPRESENTATION_RELATIONSHIP()
);
#722=(
REPRESENTATION_RELATIONSHIP($,$,#5581,#5552)
REPRESENTATION_RELATIONSHIP_WITH_TRANSFORMATION(#428)
SHAPE_REPRESENTATION_RELATIONSHIP()
);
#723=(
REPRESENTATION_RELATIONSHIP($,$,#5582,#5552)
REPRESENTATION_RELATIONSHIP_WITH_TRANSFORMATION(#429)
SHAPE_REPRESENTATION_RELATIONSHIP()
);
#724=(
REPRESENTATION_RELATIONSHIP($,$,#5583,#5552)
REPRESENTATION_RELATIONSHIP_WITH_TRANSFORMATION(#430)
SHAPE_REPRESENTATION_RELATIONSHIP()
);
#725=(
REPRESENTATION_RELATIONSHIP($,$,#5584,#5552)
REPRESENTATION_RELATIONSHIP_WITH_TRANSFORMATION(#431)
SHAPE_REPRESENTATION_RELATIONSHIP()
);
#726=(
REPRESENTATION_RELATIONSHIP($,$,#5587,#5552)
REPRESENTATION_RELATIONSHIP_WITH_TRANSFORMATION(#432)
SHAPE_REPRESENTATION_RELATIONSHIP()
);
#727=(
REPRESENTATION_RELATIONSHIP($,$,#5588,#5552)
REPRESENTATION_RELATIONSHIP_WITH_TRANSFORMATION(#433)
SHAPE_REPRESENTATION_RELATIONSHIP()
);
#728=(
REPRESENTATION_RELATIONSHIP($,$,#5598,#5552)
REPRESENTATION_RELATIONSHIP_WITH_TRANSFORMATION(#434)
SHAPE_REPRESENTATION_RELATIONSHIP()
);
#729=(
REPRESENTATION_RELATIONSHIP($,$,#5601,#5552)
REPRESENTATION_RELATIONSHIP_WITH_TRANSFORMATION(#435)
SHAPE_REPRESENTATION_RELATIONSHIP()
);
#730=(
REPRESENTATION_RELATIONSHIP($,$,#5602,#5552)
REPRESENTATION_RELATIONSHIP_WITH_TRANSFORMATION(#436)
SHAPE_REPRESENTATION_RELATIONSHIP()
);
#731=(
REPRESENTATION_RELATIONSHIP($,$,#5605,#5552)
REPRESENTATION_RELATIONSHIP_WITH_TRANSFORMATION(#437)
SHAPE_REPRESENTATION_RELATIONSHIP()
);
#732=(
REPRESENTATION_RELATIONSHIP($,$,#5606,#5552)
REPRESENTATION_RELATIONSHIP_WITH_TRANSFORMATION(#438)
SHAPE_REPRESENTATION_RELATIONSHIP()
);
#733=(
REPRESENTATION_RELATIONSHIP($,$,#5607,#5552)
REPRESENTATION_RELATIONSHIP_WITH_TRANSFORMATION(#439)
SHAPE_REPRESENTATION_RELATIONSHIP()
);
#734=(
REPRESENTATION_RELATIONSHIP($,$,#5608,#5552)
REPRESENTATION_RELATIONSHIP_WITH_TRANSFORMATION(#440)
SHAPE_REPRESENTATION_RELATIONSHIP()
);
#735=(
REPRESENTATION_RELATIONSHIP($,$,#5609,#5552)
REPRESENTATION_RELATIONSHIP_WITH_TRANSFORMATION(#441)
SHAPE_REPRESENTATION_RELATIONSHIP()
);
#736=(
REPRESENTATION_RELATIONSHIP($,$,#5610,#5552)
REPRESENTATION_RELATIONSHIP_WITH_TRANSFORMATION(#442)
SHAPE_REPRESENTATION_RELATIONSHIP()
);
#737=(
REPRESENTATION_RELATIONSHIP($,$,#5611,#5552)
REPRESENTATION_RELATIONSHIP_WITH_TRANSFORMATION(#443)
SHAPE_REPRESENTATION_RELATIONSHIP()
);
#738=(
REPRESENTATION_RELATIONSHIP($,$,#5612,#5552)
REPRESENTATION_RELATIONSHIP_WITH_TRANSFORMATION(#444)
SHAPE_REPRESENTATION_RELATIONSHIP()
);
#739=(
REPRESENTATION_RELATIONSHIP($,$,#5613,#5552)
REPRESENTATION_RELATIONSHIP_WITH_TRANSFORMATION(#445)
SHAPE_REPRESENTATION_RELATIONSHIP()
);
#740=(
REPRESENTATION_RELATIONSHIP($,$,#5618,#5552)
REPRESENTATION_RELATIONSHIP_WITH_TRANSFORMATION(#446)
SHAPE_REPRESENTATION_RELATIONSHIP()
);
#741=(
REPRESENTATION_RELATIONSHIP($,$,#5621,#5552)
REPRESENTATION_RELATIONSHIP_WITH_TRANSFORMATION(#447)
SHAPE_REPRESENTATION_RELATIONSHIP()
);
#742=(
REPRESENTATION_RELATIONSHIP($,$,#5552,#5551)
REPRESENTATION_RELATIONSHIP_WITH_TRANSFORMATION(#448)
SHAPE_REPRESENTATION_RELATIONSHIP()
);
#743=(
REPRESENTATION_RELATIONSHIP($,$,#5628,#5626)
REPRESENTATION_RELATIONSHIP_WITH_TRANSFORMATION(#449)
SHAPE_REPRESENTATION_RELATIONSHIP()
);
#744=(
REPRESENTATION_RELATIONSHIP($,$,#5628,#5627)
REPRESENTATION_RELATIONSHIP_WITH_TRANSFORMATION(#450)
SHAPE_REPRESENTATION_RELATIONSHIP()
);
#745=(
REPRESENTATION_RELATIONSHIP($,$,#5633,#5632)
REPRESENTATION_RELATIONSHIP_WITH_TRANSFORMATION(#451)
SHAPE_REPRESENTATION_RELATIONSHIP()
);
#746=(
REPRESENTATION_RELATIONSHIP($,$,#5636,#5635)
REPRESENTATION_RELATIONSHIP_WITH_TRANSFORMATION(#452)
SHAPE_REPRESENTATION_RELATIONSHIP()
);
#747=(
REPRESENTATION_RELATIONSHIP($,$,#5637,#5635)
REPRESENTATION_RELATIONSHIP_WITH_TRANSFORMATION(#453)
SHAPE_REPRESENTATION_RELATIONSHIP()
);
#748=(
REPRESENTATION_RELATIONSHIP($,$,#5631,#5630)
REPRESENTATION_RELATIONSHIP_WITH_TRANSFORMATION(#454)
SHAPE_REPRESENTATION_RELATIONSHIP()
);
#749=(
REPRESENTATION_RELATIONSHIP($,$,#5632,#5630)
REPRESENTATION_RELATIONSHIP_WITH_TRANSFORMATION(#455)
SHAPE_REPRESENTATION_RELATIONSHIP()
);
#750=(
REPRESENTATION_RELATIONSHIP($,$,#5634,#5630)
REPRESENTATION_RELATIONSHIP_WITH_TRANSFORMATION(#456)
SHAPE_REPRESENTATION_RELATIONSHIP()
);
#751=(
REPRESENTATION_RELATIONSHIP($,$,#5635,#5630)
REPRESENTATION_RELATIONSHIP_WITH_TRANSFORMATION(#457)
SHAPE_REPRESENTATION_RELATIONSHIP()
);
#752=(
REPRESENTATION_RELATIONSHIP($,$,#5635,#5630)
REPRESENTATION_RELATIONSHIP_WITH_TRANSFORMATION(#458)
SHAPE_REPRESENTATION_RELATIONSHIP()
);
#753=(
REPRESENTATION_RELATIONSHIP($,$,#5635,#5630)
REPRESENTATION_RELATIONSHIP_WITH_TRANSFORMATION(#459)
SHAPE_REPRESENTATION_RELATIONSHIP()
);
#754=(
REPRESENTATION_RELATIONSHIP($,$,#5635,#5630)
REPRESENTATION_RELATIONSHIP_WITH_TRANSFORMATION(#460)
SHAPE_REPRESENTATION_RELATIONSHIP()
);
#755=(
REPRESENTATION_RELATIONSHIP($,$,#5635,#5630)
REPRESENTATION_RELATIONSHIP_WITH_TRANSFORMATION(#461)
SHAPE_REPRESENTATION_RELATIONSHIP()
);
#756=(
REPRESENTATION_RELATIONSHIP($,$,#5635,#5630)
REPRESENTATION_RELATIONSHIP_WITH_TRANSFORMATION(#462)
SHAPE_REPRESENTATION_RELATIONSHIP()
);
#757=(
REPRESENTATION_RELATIONSHIP($,$,#5635,#5630)
REPRESENTATION_RELATIONSHIP_WITH_TRANSFORMATION(#463)
SHAPE_REPRESENTATION_RELATIONSHIP()
);
#758=(
REPRESENTATION_RELATIONSHIP($,$,#5635,#5630)
REPRESENTATION_RELATIONSHIP_WITH_TRANSFORMATION(#464)
SHAPE_REPRESENTATION_RELATIONSHIP()
);
#759=(
REPRESENTATION_RELATIONSHIP($,$,#5630,#5629)
REPRESENTATION_RELATIONSHIP_WITH_TRANSFORMATION(#465)
SHAPE_REPRESENTATION_RELATIONSHIP()
);
#760=(
REPRESENTATION_RELATIONSHIP($,$,#5653,#5652)
REPRESENTATION_RELATIONSHIP_WITH_TRANSFORMATION(#466)
SHAPE_REPRESENTATION_RELATIONSHIP()
);
#761=(
REPRESENTATION_RELATIONSHIP($,$,#5666,#5665)
REPRESENTATION_RELATIONSHIP_WITH_TRANSFORMATION(#467)
SHAPE_REPRESENTATION_RELATIONSHIP()
);
#762=(
REPRESENTATION_RELATIONSHIP($,$,#5668,#5667)
REPRESENTATION_RELATIONSHIP_WITH_TRANSFORMATION(#468)
SHAPE_REPRESENTATION_RELATIONSHIP()
);
#763=(
REPRESENTATION_RELATIONSHIP($,$,#5664,#5663)
REPRESENTATION_RELATIONSHIP_WITH_TRANSFORMATION(#469)
SHAPE_REPRESENTATION_RELATIONSHIP()
);
#764=(
REPRESENTATION_RELATIONSHIP($,$,#5665,#5663)
REPRESENTATION_RELATIONSHIP_WITH_TRANSFORMATION(#470)
SHAPE_REPRESENTATION_RELATIONSHIP()
);
#765=(
REPRESENTATION_RELATIONSHIP($,$,#5667,#5663)
REPRESENTATION_RELATIONSHIP_WITH_TRANSFORMATION(#471)
SHAPE_REPRESENTATION_RELATIONSHIP()
);
#766=(
REPRESENTATION_RELATIONSHIP($,$,#5667,#5663)
REPRESENTATION_RELATIONSHIP_WITH_TRANSFORMATION(#472)
SHAPE_REPRESENTATION_RELATIONSHIP()
);
#767=(
REPRESENTATION_RELATIONSHIP($,$,#5667,#5663)
REPRESENTATION_RELATIONSHIP_WITH_TRANSFORMATION(#473)
SHAPE_REPRESENTATION_RELATIONSHIP()
);
#768=(
REPRESENTATION_RELATIONSHIP($,$,#5667,#5663)
REPRESENTATION_RELATIONSHIP_WITH_TRANSFORMATION(#474)
SHAPE_REPRESENTATION_RELATIONSHIP()
);
#769=(
REPRESENTATION_RELATIONSHIP($,$,#5667,#5663)
REPRESENTATION_RELATIONSHIP_WITH_TRANSFORMATION(#475)
SHAPE_REPRESENTATION_RELATIONSHIP()
);
#770=(
REPRESENTATION_RELATIONSHIP($,$,#5667,#5663)
REPRESENTATION_RELATIONSHIP_WITH_TRANSFORMATION(#476)
SHAPE_REPRESENTATION_RELATIONSHIP()
);
#771=(
REPRESENTATION_RELATIONSHIP($,$,#5667,#5663)
REPRESENTATION_RELATIONSHIP_WITH_TRANSFORMATION(#477)
SHAPE_REPRESENTATION_RELATIONSHIP()
);
#772=(
REPRESENTATION_RELATIONSHIP($,$,#5667,#5663)
REPRESENTATION_RELATIONSHIP_WITH_TRANSFORMATION(#478)
SHAPE_REPRESENTATION_RELATIONSHIP()
);
#773=(
REPRESENTATION_RELATIONSHIP($,$,#5663,#5662)
REPRESENTATION_RELATIONSHIP_WITH_TRANSFORMATION(#479)
SHAPE_REPRESENTATION_RELATIONSHIP()
);
#774=(
REPRESENTATION_RELATIONSHIP($,$,#5671,#5670)
REPRESENTATION_RELATIONSHIP_WITH_TRANSFORMATION(#480)
SHAPE_REPRESENTATION_RELATIONSHIP()
);
#775=(
REPRESENTATION_RELATIONSHIP($,$,#5670,#5669)
REPRESENTATION_RELATIONSHIP_WITH_TRANSFORMATION(#481)
SHAPE_REPRESENTATION_RELATIONSHIP()
);
#776=(
REPRESENTATION_RELATIONSHIP($,$,#5673,#5550)
REPRESENTATION_RELATIONSHIP_WITH_TRANSFORMATION(#482)
SHAPE_REPRESENTATION_RELATIONSHIP()
);
#777=(
REPRESENTATION_RELATIONSHIP($,$,#5673,#5656)
REPRESENTATION_RELATIONSHIP_WITH_TRANSFORMATION(#483)
SHAPE_REPRESENTATION_RELATIONSHIP()
);
#778=(
REPRESENTATION_RELATIONSHIP($,$,#5673,#5657)
REPRESENTATION_RELATIONSHIP_WITH_TRANSFORMATION(#484)
SHAPE_REPRESENTATION_RELATIONSHIP()
);
#779=(
REPRESENTATION_RELATIONSHIP($,$,#5673,#5672)
REPRESENTATION_RELATIONSHIP_WITH_TRANSFORMATION(#485)
SHAPE_REPRESENTATION_RELATIONSHIP()
);
#780=(
REPRESENTATION_RELATIONSHIP($,$,#5676,#5546)
REPRESENTATION_RELATIONSHIP_WITH_TRANSFORMATION(#486)
SHAPE_REPRESENTATION_RELATIONSHIP()
);
#781=(
REPRESENTATION_RELATIONSHIP($,$,#5676,#5655)
REPRESENTATION_RELATIONSHIP_WITH_TRANSFORMATION(#487)
SHAPE_REPRESENTATION_RELATIONSHIP()
);
#782=(
REPRESENTATION_RELATIONSHIP($,$,#5676,#5659)
REPRESENTATION_RELATIONSHIP_WITH_TRANSFORMATION(#488)
SHAPE_REPRESENTATION_RELATIONSHIP()
);
#783=(
REPRESENTATION_RELATIONSHIP($,$,#5676,#5660)
REPRESENTATION_RELATIONSHIP_WITH_TRANSFORMATION(#489)
SHAPE_REPRESENTATION_RELATIONSHIP()
);
#784=(
REPRESENTATION_RELATIONSHIP($,$,#5676,#5674)
REPRESENTATION_RELATIONSHIP_WITH_TRANSFORMATION(#490)
SHAPE_REPRESENTATION_RELATIONSHIP()
);
#785=(
REPRESENTATION_RELATIONSHIP($,$,#5676,#5675)
REPRESENTATION_RELATIONSHIP_WITH_TRANSFORMATION(#491)
SHAPE_REPRESENTATION_RELATIONSHIP()
);
#786=(
REPRESENTATION_RELATIONSHIP($,$,#5680,#5658)
REPRESENTATION_RELATIONSHIP_WITH_TRANSFORMATION(#492)
SHAPE_REPRESENTATION_RELATIONSHIP()
);
#787=(
REPRESENTATION_RELATIONSHIP($,$,#5680,#5661)
REPRESENTATION_RELATIONSHIP_WITH_TRANSFORMATION(#493)
SHAPE_REPRESENTATION_RELATIONSHIP()
);
#788=(
REPRESENTATION_RELATIONSHIP($,$,#5680,#5677)
REPRESENTATION_RELATIONSHIP_WITH_TRANSFORMATION(#494)
SHAPE_REPRESENTATION_RELATIONSHIP()
);
#789=(
REPRESENTATION_RELATIONSHIP($,$,#5680,#5678)
REPRESENTATION_RELATIONSHIP_WITH_TRANSFORMATION(#495)
SHAPE_REPRESENTATION_RELATIONSHIP()
);
#790=(
REPRESENTATION_RELATIONSHIP($,$,#5680,#5679)
REPRESENTATION_RELATIONSHIP_WITH_TRANSFORMATION(#496)
SHAPE_REPRESENTATION_RELATIONSHIP()
);
#791=(
REPRESENTATION_RELATIONSHIP($,$,#5687,#5686)
REPRESENTATION_RELATIONSHIP_WITH_TRANSFORMATION(#497)
SHAPE_REPRESENTATION_RELATIONSHIP()
);
#792=(
REPRESENTATION_RELATIONSHIP($,$,#5686,#5685)
REPRESENTATION_RELATIONSHIP_WITH_TRANSFORMATION(#498)
SHAPE_REPRESENTATION_RELATIONSHIP()
);
#793=(
REPRESENTATION_RELATIONSHIP($,$,#5688,#5685)
REPRESENTATION_RELATIONSHIP_WITH_TRANSFORMATION(#499)
SHAPE_REPRESENTATION_RELATIONSHIP()
);
#794=(
REPRESENTATION_RELATIONSHIP($,$,#5688,#5685)
REPRESENTATION_RELATIONSHIP_WITH_TRANSFORMATION(#500)
SHAPE_REPRESENTATION_RELATIONSHIP()
);
#795=(
REPRESENTATION_RELATIONSHIP($,$,#5685,#5684)
REPRESENTATION_RELATIONSHIP_WITH_TRANSFORMATION(#501)
SHAPE_REPRESENTATION_RELATIONSHIP()
);
#796=(
REPRESENTATION_RELATIONSHIP($,$,#5684,#5683)
REPRESENTATION_RELATIONSHIP_WITH_TRANSFORMATION(#502)
SHAPE_REPRESENTATION_RELATIONSHIP()
);
#797=(
REPRESENTATION_RELATIONSHIP($,$,#5691,#5543)
REPRESENTATION_RELATIONSHIP_WITH_TRANSFORMATION(#503)
SHAPE_REPRESENTATION_RELATIONSHIP()
);
#798=(
REPRESENTATION_RELATIONSHIP($,$,#5691,#5544)
REPRESENTATION_RELATIONSHIP_WITH_TRANSFORMATION(#504)
SHAPE_REPRESENTATION_RELATIONSHIP()
);
#799=(
REPRESENTATION_RELATIONSHIP($,$,#5691,#5545)
REPRESENTATION_RELATIONSHIP_WITH_TRANSFORMATION(#505)
SHAPE_REPRESENTATION_RELATIONSHIP()
);
#800=(
REPRESENTATION_RELATIONSHIP($,$,#5691,#5638)
REPRESENTATION_RELATIONSHIP_WITH_TRANSFORMATION(#506)
SHAPE_REPRESENTATION_RELATIONSHIP()
);
#801=(
REPRESENTATION_RELATIONSHIP($,$,#5691,#5639)
REPRESENTATION_RELATIONSHIP_WITH_TRANSFORMATION(#507)
SHAPE_REPRESENTATION_RELATIONSHIP()
);
#802=(
REPRESENTATION_RELATIONSHIP($,$,#5691,#5640)
REPRESENTATION_RELATIONSHIP_WITH_TRANSFORMATION(#508)
SHAPE_REPRESENTATION_RELATIONSHIP()
);
#803=(
REPRESENTATION_RELATIONSHIP($,$,#5691,#5641)
REPRESENTATION_RELATIONSHIP_WITH_TRANSFORMATION(#509)
SHAPE_REPRESENTATION_RELATIONSHIP()
);
#804=(
REPRESENTATION_RELATIONSHIP($,$,#5691,#5642)
REPRESENTATION_RELATIONSHIP_WITH_TRANSFORMATION(#510)
SHAPE_REPRESENTATION_RELATIONSHIP()
);
#805=(
REPRESENTATION_RELATIONSHIP($,$,#5691,#5643)
REPRESENTATION_RELATIONSHIP_WITH_TRANSFORMATION(#511)
SHAPE_REPRESENTATION_RELATIONSHIP()
);
#806=(
REPRESENTATION_RELATIONSHIP($,$,#5691,#5644)
REPRESENTATION_RELATIONSHIP_WITH_TRANSFORMATION(#512)
SHAPE_REPRESENTATION_RELATIONSHIP()
);
#807=(
REPRESENTATION_RELATIONSHIP($,$,#5691,#5645)
REPRESENTATION_RELATIONSHIP_WITH_TRANSFORMATION(#513)
SHAPE_REPRESENTATION_RELATIONSHIP()
);
#808=(
REPRESENTATION_RELATIONSHIP($,$,#5691,#5646)
REPRESENTATION_RELATIONSHIP_WITH_TRANSFORMATION(#514)
SHAPE_REPRESENTATION_RELATIONSHIP()
);
#809=(
REPRESENTATION_RELATIONSHIP($,$,#5691,#5647)
REPRESENTATION_RELATIONSHIP_WITH_TRANSFORMATION(#515)
SHAPE_REPRESENTATION_RELATIONSHIP()
);
#810=(
REPRESENTATION_RELATIONSHIP($,$,#5691,#5648)
REPRESENTATION_RELATIONSHIP_WITH_TRANSFORMATION(#516)
SHAPE_REPRESENTATION_RELATIONSHIP()
);
#811=(
REPRESENTATION_RELATIONSHIP($,$,#5691,#5649)
REPRESENTATION_RELATIONSHIP_WITH_TRANSFORMATION(#517)
SHAPE_REPRESENTATION_RELATIONSHIP()
);
#812=(
REPRESENTATION_RELATIONSHIP($,$,#5691,#5650)
REPRESENTATION_RELATIONSHIP_WITH_TRANSFORMATION(#518)
SHAPE_REPRESENTATION_RELATIONSHIP()
);
#813=(
REPRESENTATION_RELATIONSHIP($,$,#5691,#5651)
REPRESENTATION_RELATIONSHIP_WITH_TRANSFORMATION(#519)
SHAPE_REPRESENTATION_RELATIONSHIP()
);
#814=(
REPRESENTATION_RELATIONSHIP($,$,#5691,#5681)
REPRESENTATION_RELATIONSHIP_WITH_TRANSFORMATION(#520)
SHAPE_REPRESENTATION_RELATIONSHIP()
);
#815=(
REPRESENTATION_RELATIONSHIP($,$,#5691,#5682)
REPRESENTATION_RELATIONSHIP_WITH_TRANSFORMATION(#521)
SHAPE_REPRESENTATION_RELATIONSHIP()
);
#816=(
REPRESENTATION_RELATIONSHIP($,$,#5691,#5689)
REPRESENTATION_RELATIONSHIP_WITH_TRANSFORMATION(#522)
SHAPE_REPRESENTATION_RELATIONSHIP()
);
#817=(
REPRESENTATION_RELATIONSHIP($,$,#5691,#5690)
REPRESENTATION_RELATIONSHIP_WITH_TRANSFORMATION(#523)
SHAPE_REPRESENTATION_RELATIONSHIP()
);
#818=(
REPRESENTATION_RELATIONSHIP($,$,#5693,#5692)
REPRESENTATION_RELATIONSHIP_WITH_TRANSFORMATION(#524)
SHAPE_REPRESENTATION_RELATIONSHIP()
);
#819=(
REPRESENTATION_RELATIONSHIP($,$,#5695,#5654)
REPRESENTATION_RELATIONSHIP_WITH_TRANSFORMATION(#525)
SHAPE_REPRESENTATION_RELATIONSHIP()
);
#820=(
REPRESENTATION_RELATIONSHIP($,$,#5695,#5694)
REPRESENTATION_RELATIONSHIP_WITH_TRANSFORMATION(#526)
SHAPE_REPRESENTATION_RELATIONSHIP()
);
#821=(
REPRESENTATION_RELATIONSHIP($,$,#5698,#5696)
REPRESENTATION_RELATIONSHIP_WITH_TRANSFORMATION(#527)
SHAPE_REPRESENTATION_RELATIONSHIP()
);
#822=(
REPRESENTATION_RELATIONSHIP($,$,#5698,#5696)
REPRESENTATION_RELATIONSHIP_WITH_TRANSFORMATION(#528)
SHAPE_REPRESENTATION_RELATIONSHIP()
);
#823=(
REPRESENTATION_RELATIONSHIP($,$,#5698,#5697)
REPRESENTATION_RELATIONSHIP_WITH_TRANSFORMATION(#529)
SHAPE_REPRESENTATION_RELATIONSHIP()
);
#824=(
REPRESENTATION_RELATIONSHIP($,$,#5698,#5697)
REPRESENTATION_RELATIONSHIP_WITH_TRANSFORMATION(#530)
SHAPE_REPRESENTATION_RELATIONSHIP()
);
#825=(
REPRESENTATION_RELATIONSHIP($,$,#5700,#5699)
REPRESENTATION_RELATIONSHIP_WITH_TRANSFORMATION(#531)
SHAPE_REPRESENTATION_RELATIONSHIP()
);
#826=(
REPRESENTATION_RELATIONSHIP($,$,#5703,#5702)
REPRESENTATION_RELATIONSHIP_WITH_TRANSFORMATION(#532)
SHAPE_REPRESENTATION_RELATIONSHIP()
);
#827=(
REPRESENTATION_RELATIONSHIP($,$,#5702,#5701)
REPRESENTATION_RELATIONSHIP_WITH_TRANSFORMATION(#533)
SHAPE_REPRESENTATION_RELATIONSHIP()
);
#828=(
REPRESENTATION_RELATIONSHIP($,$,#5705,#5704)
REPRESENTATION_RELATIONSHIP_WITH_TRANSFORMATION(#534)
SHAPE_REPRESENTATION_RELATIONSHIP()
);
#829=(
REPRESENTATION_RELATIONSHIP($,$,#5707,#5706)
REPRESENTATION_RELATIONSHIP_WITH_TRANSFORMATION(#535)
SHAPE_REPRESENTATION_RELATIONSHIP()
);
#830=(
REPRESENTATION_RELATIONSHIP($,$,#5541,#5540)
REPRESENTATION_RELATIONSHIP_WITH_TRANSFORMATION(#536)
SHAPE_REPRESENTATION_RELATIONSHIP()
);
#831=(
REPRESENTATION_RELATIONSHIP($,$,#5543,#5540)
REPRESENTATION_RELATIONSHIP_WITH_TRANSFORMATION(#537)
SHAPE_REPRESENTATION_RELATIONSHIP()
);
#832=(
REPRESENTATION_RELATIONSHIP($,$,#5544,#5540)
REPRESENTATION_RELATIONSHIP_WITH_TRANSFORMATION(#538)
SHAPE_REPRESENTATION_RELATIONSHIP()
);
#833=(
REPRESENTATION_RELATIONSHIP($,$,#5545,#5540)
REPRESENTATION_RELATIONSHIP_WITH_TRANSFORMATION(#539)
SHAPE_REPRESENTATION_RELATIONSHIP()
);
#834=(
REPRESENTATION_RELATIONSHIP($,$,#5546,#5540)
REPRESENTATION_RELATIONSHIP_WITH_TRANSFORMATION(#540)
SHAPE_REPRESENTATION_RELATIONSHIP()
);
#835=(
REPRESENTATION_RELATIONSHIP($,$,#5547,#5540)
REPRESENTATION_RELATIONSHIP_WITH_TRANSFORMATION(#541)
SHAPE_REPRESENTATION_RELATIONSHIP()
);
#836=(
REPRESENTATION_RELATIONSHIP($,$,#5550,#5540)
REPRESENTATION_RELATIONSHIP_WITH_TRANSFORMATION(#542)
SHAPE_REPRESENTATION_RELATIONSHIP()
);
#837=(
REPRESENTATION_RELATIONSHIP($,$,#5551,#5540)
REPRESENTATION_RELATIONSHIP_WITH_TRANSFORMATION(#543)
SHAPE_REPRESENTATION_RELATIONSHIP()
);
#838=(
REPRESENTATION_RELATIONSHIP($,$,#5626,#5540)
REPRESENTATION_RELATIONSHIP_WITH_TRANSFORMATION(#544)
SHAPE_REPRESENTATION_RELATIONSHIP()
);
#839=(
REPRESENTATION_RELATIONSHIP($,$,#5627,#5540)
REPRESENTATION_RELATIONSHIP_WITH_TRANSFORMATION(#545)
SHAPE_REPRESENTATION_RELATIONSHIP()
);
#840=(
REPRESENTATION_RELATIONSHIP($,$,#5629,#5540)
REPRESENTATION_RELATIONSHIP_WITH_TRANSFORMATION(#546)
SHAPE_REPRESENTATION_RELATIONSHIP()
);
#841=(
REPRESENTATION_RELATIONSHIP($,$,#5638,#5540)
REPRESENTATION_RELATIONSHIP_WITH_TRANSFORMATION(#547)
SHAPE_REPRESENTATION_RELATIONSHIP()
);
#842=(
REPRESENTATION_RELATIONSHIP($,$,#5639,#5540)
REPRESENTATION_RELATIONSHIP_WITH_TRANSFORMATION(#548)
SHAPE_REPRESENTATION_RELATIONSHIP()
);
#843=(
REPRESENTATION_RELATIONSHIP($,$,#5640,#5540)
REPRESENTATION_RELATIONSHIP_WITH_TRANSFORMATION(#549)
SHAPE_REPRESENTATION_RELATIONSHIP()
);
#844=(
REPRESENTATION_RELATIONSHIP($,$,#5641,#5540)
REPRESENTATION_RELATIONSHIP_WITH_TRANSFORMATION(#550)
SHAPE_REPRESENTATION_RELATIONSHIP()
);
#845=(
REPRESENTATION_RELATIONSHIP($,$,#5642,#5540)
REPRESENTATION_RELATIONSHIP_WITH_TRANSFORMATION(#551)
SHAPE_REPRESENTATION_RELATIONSHIP()
);
#846=(
REPRESENTATION_RELATIONSHIP($,$,#5643,#5540)
REPRESENTATION_RELATIONSHIP_WITH_TRANSFORMATION(#552)
SHAPE_REPRESENTATION_RELATIONSHIP()
);
#847=(
REPRESENTATION_RELATIONSHIP($,$,#5644,#5540)
REPRESENTATION_RELATIONSHIP_WITH_TRANSFORMATION(#553)
SHAPE_REPRESENTATION_RELATIONSHIP()
);
#848=(
REPRESENTATION_RELATIONSHIP($,$,#5645,#5540)
REPRESENTATION_RELATIONSHIP_WITH_TRANSFORMATION(#554)
SHAPE_REPRESENTATION_RELATIONSHIP()
);
#849=(
REPRESENTATION_RELATIONSHIP($,$,#5646,#5540)
REPRESENTATION_RELATIONSHIP_WITH_TRANSFORMATION(#555)
SHAPE_REPRESENTATION_RELATIONSHIP()
);
#850=(
REPRESENTATION_RELATIONSHIP($,$,#5647,#5540)
REPRESENTATION_RELATIONSHIP_WITH_TRANSFORMATION(#556)
SHAPE_REPRESENTATION_RELATIONSHIP()
);
#851=(
REPRESENTATION_RELATIONSHIP($,$,#5648,#5540)
REPRESENTATION_RELATIONSHIP_WITH_TRANSFORMATION(#557)
SHAPE_REPRESENTATION_RELATIONSHIP()
);
#852=(
REPRESENTATION_RELATIONSHIP($,$,#5649,#5540)
REPRESENTATION_RELATIONSHIP_WITH_TRANSFORMATION(#558)
SHAPE_REPRESENTATION_RELATIONSHIP()
);
#853=(
REPRESENTATION_RELATIONSHIP($,$,#5650,#5540)
REPRESENTATION_RELATIONSHIP_WITH_TRANSFORMATION(#559)
SHAPE_REPRESENTATION_RELATIONSHIP()
);
#854=(
REPRESENTATION_RELATIONSHIP($,$,#5651,#5540)
REPRESENTATION_RELATIONSHIP_WITH_TRANSFORMATION(#560)
SHAPE_REPRESENTATION_RELATIONSHIP()
);
#855=(
REPRESENTATION_RELATIONSHIP($,$,#5652,#5540)
REPRESENTATION_RELATIONSHIP_WITH_TRANSFORMATION(#561)
SHAPE_REPRESENTATION_RELATIONSHIP()
);
#856=(
REPRESENTATION_RELATIONSHIP($,$,#5654,#5540)
REPRESENTATION_RELATIONSHIP_WITH_TRANSFORMATION(#562)
SHAPE_REPRESENTATION_RELATIONSHIP()
);
#857=(
REPRESENTATION_RELATIONSHIP($,$,#5655,#5540)
REPRESENTATION_RELATIONSHIP_WITH_TRANSFORMATION(#563)
SHAPE_REPRESENTATION_RELATIONSHIP()
);
#858=(
REPRESENTATION_RELATIONSHIP($,$,#5656,#5540)
REPRESENTATION_RELATIONSHIP_WITH_TRANSFORMATION(#564)
SHAPE_REPRESENTATION_RELATIONSHIP()
);
#859=(
REPRESENTATION_RELATIONSHIP($,$,#5657,#5540)
REPRESENTATION_RELATIONSHIP_WITH_TRANSFORMATION(#565)
SHAPE_REPRESENTATION_RELATIONSHIP()
);
#860=(
REPRESENTATION_RELATIONSHIP($,$,#5658,#5540)
REPRESENTATION_RELATIONSHIP_WITH_TRANSFORMATION(#566)
SHAPE_REPRESENTATION_RELATIONSHIP()
);
#861=(
REPRESENTATION_RELATIONSHIP($,$,#5659,#5540)
REPRESENTATION_RELATIONSHIP_WITH_TRANSFORMATION(#567)
SHAPE_REPRESENTATION_RELATIONSHIP()
);
#862=(
REPRESENTATION_RELATIONSHIP($,$,#5660,#5540)
REPRESENTATION_RELATIONSHIP_WITH_TRANSFORMATION(#568)
SHAPE_REPRESENTATION_RELATIONSHIP()
);
#863=(
REPRESENTATION_RELATIONSHIP($,$,#5661,#5540)
REPRESENTATION_RELATIONSHIP_WITH_TRANSFORMATION(#569)
SHAPE_REPRESENTATION_RELATIONSHIP()
);
#864=(
REPRESENTATION_RELATIONSHIP($,$,#5662,#5540)
REPRESENTATION_RELATIONSHIP_WITH_TRANSFORMATION(#570)
SHAPE_REPRESENTATION_RELATIONSHIP()
);
#865=(
REPRESENTATION_RELATIONSHIP($,$,#5669,#5540)
REPRESENTATION_RELATIONSHIP_WITH_TRANSFORMATION(#571)
SHAPE_REPRESENTATION_RELATIONSHIP()
);
#866=(
REPRESENTATION_RELATIONSHIP($,$,#5672,#5540)
REPRESENTATION_RELATIONSHIP_WITH_TRANSFORMATION(#572)
SHAPE_REPRESENTATION_RELATIONSHIP()
);
#867=(
REPRESENTATION_RELATIONSHIP($,$,#5674,#5540)
REPRESENTATION_RELATIONSHIP_WITH_TRANSFORMATION(#573)
SHAPE_REPRESENTATION_RELATIONSHIP()
);
#868=(
REPRESENTATION_RELATIONSHIP($,$,#5675,#5540)
REPRESENTATION_RELATIONSHIP_WITH_TRANSFORMATION(#574)
SHAPE_REPRESENTATION_RELATIONSHIP()
);
#869=(
REPRESENTATION_RELATIONSHIP($,$,#5677,#5540)
REPRESENTATION_RELATIONSHIP_WITH_TRANSFORMATION(#575)
SHAPE_REPRESENTATION_RELATIONSHIP()
);
#870=(
REPRESENTATION_RELATIONSHIP($,$,#5678,#5540)
REPRESENTATION_RELATIONSHIP_WITH_TRANSFORMATION(#576)
SHAPE_REPRESENTATION_RELATIONSHIP()
);
#871=(
REPRESENTATION_RELATIONSHIP($,$,#5679,#5540)
REPRESENTATION_RELATIONSHIP_WITH_TRANSFORMATION(#577)
SHAPE_REPRESENTATION_RELATIONSHIP()
);
#872=(
REPRESENTATION_RELATIONSHIP($,$,#5681,#5540)
REPRESENTATION_RELATIONSHIP_WITH_TRANSFORMATION(#578)
SHAPE_REPRESENTATION_RELATIONSHIP()
);
#873=(
REPRESENTATION_RELATIONSHIP($,$,#5682,#5540)
REPRESENTATION_RELATIONSHIP_WITH_TRANSFORMATION(#579)
SHAPE_REPRESENTATION_RELATIONSHIP()
);
#874=(
REPRESENTATION_RELATIONSHIP($,$,#5683,#5540)
REPRESENTATION_RELATIONSHIP_WITH_TRANSFORMATION(#580)
SHAPE_REPRESENTATION_RELATIONSHIP()
);
#875=(
REPRESENTATION_RELATIONSHIP($,$,#5689,#5540)
REPRESENTATION_RELATIONSHIP_WITH_TRANSFORMATION(#581)
SHAPE_REPRESENTATION_RELATIONSHIP()
);
#876=(
REPRESENTATION_RELATIONSHIP($,$,#5690,#5540)
REPRESENTATION_RELATIONSHIP_WITH_TRANSFORMATION(#582)
SHAPE_REPRESENTATION_RELATIONSHIP()
);
#877=(
REPRESENTATION_RELATIONSHIP($,$,#5692,#5540)
REPRESENTATION_RELATIONSHIP_WITH_TRANSFORMATION(#583)
SHAPE_REPRESENTATION_RELATIONSHIP()
);
#878=(
REPRESENTATION_RELATIONSHIP($,$,#5694,#5540)
REPRESENTATION_RELATIONSHIP_WITH_TRANSFORMATION(#584)
SHAPE_REPRESENTATION_RELATIONSHIP()
);
#879=(
REPRESENTATION_RELATIONSHIP($,$,#5696,#5540)
REPRESENTATION_RELATIONSHIP_WITH_TRANSFORMATION(#585)
SHAPE_REPRESENTATION_RELATIONSHIP()
);
#880=(
REPRESENTATION_RELATIONSHIP($,$,#5697,#5540)
REPRESENTATION_RELATIONSHIP_WITH_TRANSFORMATION(#586)
SHAPE_REPRESENTATION_RELATIONSHIP()
);
#881=(
REPRESENTATION_RELATIONSHIP($,$,#5699,#5540)
REPRESENTATION_RELATIONSHIP_WITH_TRANSFORMATION(#587)
SHAPE_REPRESENTATION_RELATIONSHIP()
);
#882=(
REPRESENTATION_RELATIONSHIP($,$,#5701,#5540)
REPRESENTATION_RELATIONSHIP_WITH_TRANSFORMATION(#588)
SHAPE_REPRESENTATION_RELATIONSHIP()
);
#883=(
REPRESENTATION_RELATIONSHIP($,$,#5704,#5540)
REPRESENTATION_RELATIONSHIP_WITH_TRANSFORMATION(#589)
SHAPE_REPRESENTATION_RELATIONSHIP()
);
#884=(
REPRESENTATION_RELATIONSHIP($,$,#5706,#5540)
REPRESENTATION_RELATIONSHIP_WITH_TRANSFORMATION(#590)
SHAPE_REPRESENTATION_RELATIONSHIP()
);
#885=CONTEXT_DEPENDENT_SHAPE_REPRESENTATION(#591,#5081);
#886=CONTEXT_DEPENDENT_SHAPE_REPRESENTATION(#592,#5089);
#887=CONTEXT_DEPENDENT_SHAPE_REPRESENTATION(#593,#5090);
#888=CONTEXT_DEPENDENT_SHAPE_REPRESENTATION(#594,#5096);
#889=CONTEXT_DEPENDENT_SHAPE_REPRESENTATION(#595,#5102);
#890=CONTEXT_DEPENDENT_SHAPE_REPRESENTATION(#596,#5105);
#891=CONTEXT_DEPENDENT_SHAPE_REPRESENTATION(#597,#5106);
#892=CONTEXT_DEPENDENT_SHAPE_REPRESENTATION(#598,#5107);
#893=CONTEXT_DEPENDENT_SHAPE_REPRESENTATION(#599,#5108);
#894=CONTEXT_DEPENDENT_SHAPE_REPRESENTATION(#600,#5114);
#895=CONTEXT_DEPENDENT_SHAPE_REPRESENTATION(#601,#5115);
#896=CONTEXT_DEPENDENT_SHAPE_REPRESENTATION(#602,#5116);
#897=CONTEXT_DEPENDENT_SHAPE_REPRESENTATION(#603,#5117);
#898=CONTEXT_DEPENDENT_SHAPE_REPRESENTATION(#604,#5122);
#899=CONTEXT_DEPENDENT_SHAPE_REPRESENTATION(#605,#5126);
#900=CONTEXT_DEPENDENT_SHAPE_REPRESENTATION(#606,#5127);
#901=CONTEXT_DEPENDENT_SHAPE_REPRESENTATION(#607,#5128);
#902=CONTEXT_DEPENDENT_SHAPE_REPRESENTATION(#608,#5129);
#903=CONTEXT_DEPENDENT_SHAPE_REPRESENTATION(#609,#5132);
#904=CONTEXT_DEPENDENT_SHAPE_REPRESENTATION(#610,#5133);
#905=CONTEXT_DEPENDENT_SHAPE_REPRESENTATION(#611,#5134);
#906=CONTEXT_DEPENDENT_SHAPE_REPRESENTATION(#612,#5135);
#907=CONTEXT_DEPENDENT_SHAPE_REPRESENTATION(#613,#5136);
#908=CONTEXT_DEPENDENT_SHAPE_REPRESENTATION(#614,#5137);
#909=CONTEXT_DEPENDENT_SHAPE_REPRESENTATION(#615,#5138);
#910=CONTEXT_DEPENDENT_SHAPE_REPRESENTATION(#616,#5150);
#911=CONTEXT_DEPENDENT_SHAPE_REPRESENTATION(#617,#5161);
#912=CONTEXT_DEPENDENT_SHAPE_REPRESENTATION(#618,#5162);
#913=CONTEXT_DEPENDENT_SHAPE_REPRESENTATION(#619,#5163);
#914=CONTEXT_DEPENDENT_SHAPE_REPRESENTATION(#620,#5164);
#915=CONTEXT_DEPENDENT_SHAPE_REPRESENTATION(#621,#5165);
#916=CONTEXT_DEPENDENT_SHAPE_REPRESENTATION(#622,#5166);
#917=CONTEXT_DEPENDENT_SHAPE_REPRESENTATION(#623,#5167);
#918=CONTEXT_DEPENDENT_SHAPE_REPRESENTATION(#624,#5169);
#919=CONTEXT_DEPENDENT_SHAPE_REPRESENTATION(#625,#5170);
#920=CONTEXT_DEPENDENT_SHAPE_REPRESENTATION(#626,#5174);
#921=CONTEXT_DEPENDENT_SHAPE_REPRESENTATION(#627,#5175);
#922=CONTEXT_DEPENDENT_SHAPE_REPRESENTATION(#628,#5180);
#923=CONTEXT_DEPENDENT_SHAPE_REPRESENTATION(#629,#5192);
#924=CONTEXT_DEPENDENT_SHAPE_REPRESENTATION(#630,#5195);
#925=CONTEXT_DEPENDENT_SHAPE_REPRESENTATION(#631,#5196);
#926=CONTEXT_DEPENDENT_SHAPE_REPRESENTATION(#632,#5197);
#927=CONTEXT_DEPENDENT_SHAPE_REPRESENTATION(#633,#5198);
#928=CONTEXT_DEPENDENT_SHAPE_REPRESENTATION(#634,#5199);
#929=CONTEXT_DEPENDENT_SHAPE_REPRESENTATION(#635,#5200);
#930=CONTEXT_DEPENDENT_SHAPE_REPRESENTATION(#636,#5201);
#931=CONTEXT_DEPENDENT_SHAPE_REPRESENTATION(#637,#5205);
#932=CONTEXT_DEPENDENT_SHAPE_REPRESENTATION(#638,#5206);
#933=CONTEXT_DEPENDENT_SHAPE_REPRESENTATION(#639,#5207);
#934=CONTEXT_DEPENDENT_SHAPE_REPRESENTATION(#640,#5208);
#935=CONTEXT_DEPENDENT_SHAPE_REPRESENTATION(#641,#5212);
#936=CONTEXT_DEPENDENT_SHAPE_REPRESENTATION(#642,#5213);
#937=CONTEXT_DEPENDENT_SHAPE_REPRESENTATION(#643,#5214);
#938=CONTEXT_DEPENDENT_SHAPE_REPRESENTATION(#644,#5215);
#939=CONTEXT_DEPENDENT_SHAPE_REPRESENTATION(#645,#5216);
#940=CONTEXT_DEPENDENT_SHAPE_REPRESENTATION(#646,#5217);
#941=CONTEXT_DEPENDENT_SHAPE_REPRESENTATION(#647,#5218);
#942=CONTEXT_DEPENDENT_SHAPE_REPRESENTATION(#648,#5219);
#943=CONTEXT_DEPENDENT_SHAPE_REPRESENTATION(#649,#5220);
#944=CONTEXT_DEPENDENT_SHAPE_REPRESENTATION(#650,#5221);
#945=CONTEXT_DEPENDENT_SHAPE_REPRESENTATION(#651,#5222);
#946=CONTEXT_DEPENDENT_SHAPE_REPRESENTATION(#652,#5223);
#947=CONTEXT_DEPENDENT_SHAPE_REPRESENTATION(#653,#5224);
#948=CONTEXT_DEPENDENT_SHAPE_REPRESENTATION(#654,#5227);
#949=CONTEXT_DEPENDENT_SHAPE_REPRESENTATION(#655,#5228);
#950=CONTEXT_DEPENDENT_SHAPE_REPRESENTATION(#656,#5229);
#951=CONTEXT_DEPENDENT_SHAPE_REPRESENTATION(#657,#5230);
#952=CONTEXT_DEPENDENT_SHAPE_REPRESENTATION(#658,#5231);
#953=CONTEXT_DEPENDENT_SHAPE_REPRESENTATION(#659,#5232);
#954=CONTEXT_DEPENDENT_SHAPE_REPRESENTATION(#660,#5233);
#955=CONTEXT_DEPENDENT_SHAPE_REPRESENTATION(#661,#5234);
#956=CONTEXT_DEPENDENT_SHAPE_REPRESENTATION(#662,#5235);
#957=CONTEXT_DEPENDENT_SHAPE_REPRESENTATION(#663,#5236);
#958=CONTEXT_DEPENDENT_SHAPE_REPRESENTATION(#664,#5237);
#959=CONTEXT_DEPENDENT_SHAPE_REPRESENTATION(#665,#5238);
#960=CONTEXT_DEPENDENT_SHAPE_REPRESENTATION(#666,#5239);
#961=CONTEXT_DEPENDENT_SHAPE_REPRESENTATION(#667,#5240);
#962=CONTEXT_DEPENDENT_SHAPE_REPRESENTATION(#668,#5241);
#963=CONTEXT_DEPENDENT_SHAPE_REPRESENTATION(#669,#5242);
#964=CONTEXT_DEPENDENT_SHAPE_REPRESENTATION(#670,#5243);
#965=CONTEXT_DEPENDENT_SHAPE_REPRESENTATION(#671,#5244);
#966=CONTEXT_DEPENDENT_SHAPE_REPRESENTATION(#672,#5245);
#967=CONTEXT_DEPENDENT_SHAPE_REPRESENTATION(#673,#5246);
#968=CONTEXT_DEPENDENT_SHAPE_REPRESENTATION(#674,#5247);
#969=CONTEXT_DEPENDENT_SHAPE_REPRESENTATION(#675,#5248);
#970=CONTEXT_DEPENDENT_SHAPE_REPRESENTATION(#676,#5249);
#971=CONTEXT_DEPENDENT_SHAPE_REPRESENTATION(#677,#5250);
#972=CONTEXT_DEPENDENT_SHAPE_REPRESENTATION(#678,#5251);
#973=CONTEXT_DEPENDENT_SHAPE_REPRESENTATION(#679,#5252);
#974=CONTEXT_DEPENDENT_SHAPE_REPRESENTATION(#680,#5253);
#975=CONTEXT_DEPENDENT_SHAPE_REPRESENTATION(#681,#5254);
#976=CONTEXT_DEPENDENT_SHAPE_REPRESENTATION(#682,#5255);
#977=CONTEXT_DEPENDENT_SHAPE_REPRESENTATION(#683,#5256);
#978=CONTEXT_DEPENDENT_SHAPE_REPRESENTATION(#684,#5257);
#979=CONTEXT_DEPENDENT_SHAPE_REPRESENTATION(#685,#5258);
#980=CONTEXT_DEPENDENT_SHAPE_REPRESENTATION(#686,#5259);
#981=CONTEXT_DEPENDENT_SHAPE_REPRESENTATION(#687,#5260);
#982=CONTEXT_DEPENDENT_SHAPE_REPRESENTATION(#688,#5261);
#983=CONTEXT_DEPENDENT_SHAPE_REPRESENTATION(#689,#5262);
#984=CONTEXT_DEPENDENT_SHAPE_REPRESENTATION(#690,#5263);
#985=CONTEXT_DEPENDENT_SHAPE_REPRESENTATION(#691,#5264);
#986=CONTEXT_DEPENDENT_SHAPE_REPRESENTATION(#692,#5265);
#987=CONTEXT_DEPENDENT_SHAPE_REPRESENTATION(#693,#5266);
#988=CONTEXT_DEPENDENT_SHAPE_REPRESENTATION(#694,#5267);
#989=CONTEXT_DEPENDENT_SHAPE_REPRESENTATION(#695,#5268);
#990=CONTEXT_DEPENDENT_SHAPE_REPRESENTATION(#696,#5269);
#991=CONTEXT_DEPENDENT_SHAPE_REPRESENTATION(#697,#5270);
#992=CONTEXT_DEPENDENT_SHAPE_REPRESENTATION(#698,#5271);
#993=CONTEXT_DEPENDENT_SHAPE_REPRESENTATION(#699,#5272);
#994=CONTEXT_DEPENDENT_SHAPE_REPRESENTATION(#700,#5273);
#995=CONTEXT_DEPENDENT_SHAPE_REPRESENTATION(#701,#5274);
#996=CONTEXT_DEPENDENT_SHAPE_REPRESENTATION(#702,#5275);
#997=CONTEXT_DEPENDENT_SHAPE_REPRESENTATION(#703,#5276);
#998=CONTEXT_DEPENDENT_SHAPE_REPRESENTATION(#704,#5277);
#999=CONTEXT_DEPENDENT_SHAPE_REPRESENTATION(#705,#5278);
#1000=CONTEXT_DEPENDENT_SHAPE_REPRESENTATION(#706,#5279);
#1001=CONTEXT_DEPENDENT_SHAPE_REPRESENTATION(#707,#5280);
#1002=CONTEXT_DEPENDENT_SHAPE_REPRESENTATION(#708,#5281);
#1003=CONTEXT_DEPENDENT_SHAPE_REPRESENTATION(#709,#5282);
#1004=CONTEXT_DEPENDENT_SHAPE_REPRESENTATION(#710,#5283);
#1005=CONTEXT_DEPENDENT_SHAPE_REPRESENTATION(#711,#5284);
#1006=CONTEXT_DEPENDENT_SHAPE_REPRESENTATION(#712,#5285);
#1007=CONTEXT_DEPENDENT_SHAPE_REPRESENTATION(#713,#5286);
#1008=CONTEXT_DEPENDENT_SHAPE_REPRESENTATION(#714,#5287);
#1009=CONTEXT_DEPENDENT_SHAPE_REPRESENTATION(#715,#5288);
#1010=CONTEXT_DEPENDENT_SHAPE_REPRESENTATION(#716,#5289);
#1011=CONTEXT_DEPENDENT_SHAPE_REPRESENTATION(#717,#5290);
#1012=CONTEXT_DEPENDENT_SHAPE_REPRESENTATION(#718,#5291);
#1013=CONTEXT_DEPENDENT_SHAPE_REPRESENTATION(#719,#5292);
#1014=CONTEXT_DEPENDENT_SHAPE_REPRESENTATION(#720,#5293);
#1015=CONTEXT_DEPENDENT_SHAPE_REPRESENTATION(#721,#5294);
#1016=CONTEXT_DEPENDENT_SHAPE_REPRESENTATION(#722,#5295);
#1017=CONTEXT_DEPENDENT_SHAPE_REPRESENTATION(#723,#5296);
#1018=CONTEXT_DEPENDENT_SHAPE_REPRESENTATION(#724,#5297);
#1019=CONTEXT_DEPENDENT_SHAPE_REPRESENTATION(#725,#5298);
#1020=CONTEXT_DEPENDENT_SHAPE_REPRESENTATION(#726,#5299);
#1021=CONTEXT_DEPENDENT_SHAPE_REPRESENTATION(#727,#5300);
#1022=CONTEXT_DEPENDENT_SHAPE_REPRESENTATION(#728,#5301);
#1023=CONTEXT_DEPENDENT_SHAPE_REPRESENTATION(#729,#5302);
#1024=CONTEXT_DEPENDENT_SHAPE_REPRESENTATION(#730,#5303);
#1025=CONTEXT_DEPENDENT_SHAPE_REPRESENTATION(#731,#5304);
#1026=CONTEXT_DEPENDENT_SHAPE_REPRESENTATION(#732,#5305);
#1027=CONTEXT_DEPENDENT_SHAPE_REPRESENTATION(#733,#5306);
#1028=CONTEXT_DEPENDENT_SHAPE_REPRESENTATION(#734,#5307);
#1029=CONTEXT_DEPENDENT_SHAPE_REPRESENTATION(#735,#5308);
#1030=CONTEXT_DEPENDENT_SHAPE_REPRESENTATION(#736,#5309);
#1031=CONTEXT_DEPENDENT_SHAPE_REPRESENTATION(#737,#5310);
#1032=CONTEXT_DEPENDENT_SHAPE_REPRESENTATION(#738,#5311);
#1033=CONTEXT_DEPENDENT_SHAPE_REPRESENTATION(#739,#5312);
#1034=CONTEXT_DEPENDENT_SHAPE_REPRESENTATION(#740,#5313);
#1035=CONTEXT_DEPENDENT_SHAPE_REPRESENTATION(#741,#5314);
#1036=CONTEXT_DEPENDENT_SHAPE_REPRESENTATION(#742,#5315);
#1037=CONTEXT_DEPENDENT_SHAPE_REPRESENTATION(#743,#5319);
#1038=CONTEXT_DEPENDENT_SHAPE_REPRESENTATION(#744,#5320);
#1039=CONTEXT_DEPENDENT_SHAPE_REPRESENTATION(#745,#5326);
#1040=CONTEXT_DEPENDENT_SHAPE_REPRESENTATION(#746,#5331);
#1041=CONTEXT_DEPENDENT_SHAPE_REPRESENTATION(#747,#5332);
#1042=CONTEXT_DEPENDENT_SHAPE_REPRESENTATION(#748,#5333);
#1043=CONTEXT_DEPENDENT_SHAPE_REPRESENTATION(#749,#5334);
#1044=CONTEXT_DEPENDENT_SHAPE_REPRESENTATION(#750,#5335);
#1045=CONTEXT_DEPENDENT_SHAPE_REPRESENTATION(#751,#5336);
#1046=CONTEXT_DEPENDENT_SHAPE_REPRESENTATION(#752,#5337);
#1047=CONTEXT_DEPENDENT_SHAPE_REPRESENTATION(#753,#5338);
#1048=CONTEXT_DEPENDENT_SHAPE_REPRESENTATION(#754,#5339);
#1049=CONTEXT_DEPENDENT_SHAPE_REPRESENTATION(#755,#5340);
#1050=CONTEXT_DEPENDENT_SHAPE_REPRESENTATION(#756,#5341);
#1051=CONTEXT_DEPENDENT_SHAPE_REPRESENTATION(#757,#5342);
#1052=CONTEXT_DEPENDENT_SHAPE_REPRESENTATION(#758,#5343);
#1053=CONTEXT_DEPENDENT_SHAPE_REPRESENTATION(#759,#5344);
#1054=CONTEXT_DEPENDENT_SHAPE_REPRESENTATION(#760,#5361);
#1055=CONTEXT_DEPENDENT_SHAPE_REPRESENTATION(#761,#5375);
#1056=CONTEXT_DEPENDENT_SHAPE_REPRESENTATION(#762,#5378);
#1057=CONTEXT_DEPENDENT_SHAPE_REPRESENTATION(#763,#5379);
#1058=CONTEXT_DEPENDENT_SHAPE_REPRESENTATION(#764,#5380);
#1059=CONTEXT_DEPENDENT_SHAPE_REPRESENTATION(#765,#5381);
#1060=CONTEXT_DEPENDENT_SHAPE_REPRESENTATION(#766,#5382);
#1061=CONTEXT_DEPENDENT_SHAPE_REPRESENTATION(#767,#5383);
#1062=CONTEXT_DEPENDENT_SHAPE_REPRESENTATION(#768,#5384);
#1063=CONTEXT_DEPENDENT_SHAPE_REPRESENTATION(#769,#5385);
#1064=CONTEXT_DEPENDENT_SHAPE_REPRESENTATION(#770,#5386);
#1065=CONTEXT_DEPENDENT_SHAPE_REPRESENTATION(#771,#5387);
#1066=CONTEXT_DEPENDENT_SHAPE_REPRESENTATION(#772,#5388);
#1067=CONTEXT_DEPENDENT_SHAPE_REPRESENTATION(#773,#5389);
#1068=CONTEXT_DEPENDENT_SHAPE_REPRESENTATION(#774,#5393);
#1069=CONTEXT_DEPENDENT_SHAPE_REPRESENTATION(#775,#5394);
#1070=CONTEXT_DEPENDENT_SHAPE_REPRESENTATION(#776,#5397);
#1071=CONTEXT_DEPENDENT_SHAPE_REPRESENTATION(#777,#5398);
#1072=CONTEXT_DEPENDENT_SHAPE_REPRESENTATION(#778,#5399);
#1073=CONTEXT_DEPENDENT_SHAPE_REPRESENTATION(#779,#5400);
#1074=CONTEXT_DEPENDENT_SHAPE_REPRESENTATION(#780,#5404);
#1075=CONTEXT_DEPENDENT_SHAPE_REPRESENTATION(#781,#5405);
#1076=CONTEXT_DEPENDENT_SHAPE_REPRESENTATION(#782,#5406);
#1077=CONTEXT_DEPENDENT_SHAPE_REPRESENTATION(#783,#5407);
#1078=CONTEXT_DEPENDENT_SHAPE_REPRESENTATION(#784,#5408);
#1079=CONTEXT_DEPENDENT_SHAPE_REPRESENTATION(#785,#5409);
#1080=CONTEXT_DEPENDENT_SHAPE_REPRESENTATION(#786,#5414);
#1081=CONTEXT_DEPENDENT_SHAPE_REPRESENTATION(#787,#5415);
#1082=CONTEXT_DEPENDENT_SHAPE_REPRESENTATION(#788,#5416);
#1083=CONTEXT_DEPENDENT_SHAPE_REPRESENTATION(#789,#5417);
#1084=CONTEXT_DEPENDENT_SHAPE_REPRESENTATION(#790,#5418);
#1085=CONTEXT_DEPENDENT_SHAPE_REPRESENTATION(#791,#5426);
#1086=CONTEXT_DEPENDENT_SHAPE_REPRESENTATION(#792,#5428);
#1087=CONTEXT_DEPENDENT_SHAPE_REPRESENTATION(#793,#5429);
#1088=CONTEXT_DEPENDENT_SHAPE_REPRESENTATION(#794,#5430);
#1089=CONTEXT_DEPENDENT_SHAPE_REPRESENTATION(#795,#5431);
#1090=CONTEXT_DEPENDENT_SHAPE_REPRESENTATION(#796,#5432);
#1091=CONTEXT_DEPENDENT_SHAPE_REPRESENTATION(#797,#5436);
#1092=CONTEXT_DEPENDENT_SHAPE_REPRESENTATION(#798,#5437);
#1093=CONTEXT_DEPENDENT_SHAPE_REPRESENTATION(#799,#5438);
#1094=CONTEXT_DEPENDENT_SHAPE_REPRESENTATION(#800,#5439);
#1095=CONTEXT_DEPENDENT_SHAPE_REPRESENTATION(#801,#5440);
#1096=CONTEXT_DEPENDENT_SHAPE_REPRESENTATION(#802,#5441);
#1097=CONTEXT_DEPENDENT_SHAPE_REPRESENTATION(#803,#5442);
#1098=CONTEXT_DEPENDENT_SHAPE_REPRESENTATION(#804,#5443);
#1099=CONTEXT_DEPENDENT_SHAPE_REPRESENTATION(#805,#5444);
#1100=CONTEXT_DEPENDENT_SHAPE_REPRESENTATION(#806,#5445);
#1101=CONTEXT_DEPENDENT_SHAPE_REPRESENTATION(#807,#5446);
#1102=CONTEXT_DEPENDENT_SHAPE_REPRESENTATION(#808,#5447);
#1103=CONTEXT_DEPENDENT_SHAPE_REPRESENTATION(#809,#5448);
#1104=CONTEXT_DEPENDENT_SHAPE_REPRESENTATION(#810,#5449);
#1105=CONTEXT_DEPENDENT_SHAPE_REPRESENTATION(#811,#5450);
#1106=CONTEXT_DEPENDENT_SHAPE_REPRESENTATION(#812,#5451);
#1107=CONTEXT_DEPENDENT_SHAPE_REPRESENTATION(#813,#5452);
#1108=CONTEXT_DEPENDENT_SHAPE_REPRESENTATION(#814,#5453);
#1109=CONTEXT_DEPENDENT_SHAPE_REPRESENTATION(#815,#5454);
#1110=CONTEXT_DEPENDENT_SHAPE_REPRESENTATION(#816,#5455);
#1111=CONTEXT_DEPENDENT_SHAPE_REPRESENTATION(#817,#5456);
#1112=CONTEXT_DEPENDENT_SHAPE_REPRESENTATION(#818,#5459);
#1113=CONTEXT_DEPENDENT_SHAPE_REPRESENTATION(#819,#5462);
#1114=CONTEXT_DEPENDENT_SHAPE_REPRESENTATION(#820,#5463);
#1115=CONTEXT_DEPENDENT_SHAPE_REPRESENTATION(#821,#5467);
#1116=CONTEXT_DEPENDENT_SHAPE_REPRESENTATION(#822,#5468);
#1117=CONTEXT_DEPENDENT_SHAPE_REPRESENTATION(#823,#5469);
#1118=CONTEXT_DEPENDENT_SHAPE_REPRESENTATION(#824,#5470);
#1119=CONTEXT_DEPENDENT_SHAPE_REPRESENTATION(#825,#5473);
#1120=CONTEXT_DEPENDENT_SHAPE_REPRESENTATION(#826,#5477);
#1121=CONTEXT_DEPENDENT_SHAPE_REPRESENTATION(#827,#5478);
#1122=CONTEXT_DEPENDENT_SHAPE_REPRESENTATION(#828,#5481);
#1123=CONTEXT_DEPENDENT_SHAPE_REPRESENTATION(#829,#5484);
#1124=CONTEXT_DEPENDENT_SHAPE_REPRESENTATION(#830,#5485);
#1125=CONTEXT_DEPENDENT_SHAPE_REPRESENTATION(#831,#5486);
#1126=CONTEXT_DEPENDENT_SHAPE_REPRESENTATION(#832,#5487);
#1127=CONTEXT_DEPENDENT_SHAPE_REPRESENTATION(#833,#5488);
#1128=CONTEXT_DEPENDENT_SHAPE_REPRESENTATION(#834,#5489);
#1129=CONTEXT_DEPENDENT_SHAPE_REPRESENTATION(#835,#5490);
#1130=CONTEXT_DEPENDENT_SHAPE_REPRESENTATION(#836,#5491);
#1131=CONTEXT_DEPENDENT_SHAPE_REPRESENTATION(#837,#5492);
#1132=CONTEXT_DEPENDENT_SHAPE_REPRESENTATION(#838,#5493);
#1133=CONTEXT_DEPENDENT_SHAPE_REPRESENTATION(#839,#5494);
#1134=CONTEXT_DEPENDENT_SHAPE_REPRESENTATION(#840,#5495);
#1135=CONTEXT_DEPENDENT_SHAPE_REPRESENTATION(#841,#5496);
#1136=CONTEXT_DEPENDENT_SHAPE_REPRESENTATION(#842,#5497);
#1137=CONTEXT_DEPENDENT_SHAPE_REPRESENTATION(#843,#5498);
#1138=CONTEXT_DEPENDENT_SHAPE_REPRESENTATION(#844,#5499);
#1139=CONTEXT_DEPENDENT_SHAPE_REPRESENTATION(#845,#5500);
#1140=CONTEXT_DEPENDENT_SHAPE_REPRESENTATION(#846,#5501);
#1141=CONTEXT_DEPENDENT_SHAPE_REPRESENTATION(#847,#5502);
#1142=CONTEXT_DEPENDENT_SHAPE_REPRESENTATION(#848,#5503);
#1143=CONTEXT_DEPENDENT_SHAPE_REPRESENTATION(#849,#5504);
#1144=CONTEXT_DEPENDENT_SHAPE_REPRESENTATION(#850,#5505);
#1145=CONTEXT_DEPENDENT_SHAPE_REPRESENTATION(#851,#5506);
#1146=CONTEXT_DEPENDENT_SHAPE_REPRESENTATION(#852,#5507);
#1147=CONTEXT_DEPENDENT_SHAPE_REPRESENTATION(#853,#5508);
#1148=CONTEXT_DEPENDENT_SHAPE_REPRESENTATION(#854,#5509);
#1149=CONTEXT_DEPENDENT_SHAPE_REPRESENTATION(#855,#5510);
#1150=CONTEXT_DEPENDENT_SHAPE_REPRESENTATION(#856,#5511);
#1151=CONTEXT_DEPENDENT_SHAPE_REPRESENTATION(#857,#5512);
#1152=CONTEXT_DEPENDENT_SHAPE_REPRESENTATION(#858,#5513);
#1153=CONTEXT_DEPENDENT_SHAPE_REPRESENTATION(#859,#5514);
#1154=CONTEXT_DEPENDENT_SHAPE_REPRESENTATION(#860,#5515);
#1155=CONTEXT_DEPENDENT_SHAPE_REPRESENTATION(#861,#5516);
#1156=CONTEXT_DEPENDENT_SHAPE_REPRESENTATION(#862,#5517);
#1157=CONTEXT_DEPENDENT_SHAPE_REPRESENTATION(#863,#5518);
#1158=CONTEXT_DEPENDENT_SHAPE_REPRESENTATION(#864,#5519);
#1159=CONTEXT_DEPENDENT_SHAPE_REPRESENTATION(#865,#5520);
#1160=CONTEXT_DEPENDENT_SHAPE_REPRESENTATION(#866,#5521);
#1161=CONTEXT_DEPENDENT_SHAPE_REPRESENTATION(#867,#5522);
#1162=CONTEXT_DEPENDENT_SHAPE_REPRESENTATION(#868,#5523);
#1163=CONTEXT_DEPENDENT_SHAPE_REPRESENTATION(#869,#5524);
#1164=CONTEXT_DEPENDENT_SHAPE_REPRESENTATION(#870,#5525);
#1165=CONTEXT_DEPENDENT_SHAPE_REPRESENTATION(#871,#5526);
#1166=CONTEXT_DEPENDENT_SHAPE_REPRESENTATION(#872,#5527);
#1167=CONTEXT_DEPENDENT_SHAPE_REPRESENTATION(#873,#5528);
#1168=CONTEXT_DEPENDENT_SHAPE_REPRESENTATION(#874,#5529);
#1169=CONTEXT_DEPENDENT_SHAPE_REPRESENTATION(#875,#5530);
#1170=CONTEXT_DEPENDENT_SHAPE_REPRESENTATION(#876,#5531);
#1171=CONTEXT_DEPENDENT_SHAPE_REPRESENTATION(#877,#5532);
#1172=CONTEXT_DEPENDENT_SHAPE_REPRESENTATION(#878,#5533);
#1173=CONTEXT_DEPENDENT_SHAPE_REPRESENTATION(#879,#5534);
#1174=CONTEXT_DEPENDENT_SHAPE_REPRESENTATION(#880,#5535);
#1175=CONTEXT_DEPENDENT_SHAPE_REPRESENTATION(#881,#5536);
#1176=CONTEXT_DEPENDENT_SHAPE_REPRESENTATION(#882,#5537);
#1177=CONTEXT_DEPENDENT_SHAPE_REPRESENTATION(#883,#5538);
#1178=CONTEXT_DEPENDENT_SHAPE_REPRESENTATION(#884,#5539);
#1179=NEXT_ASSEMBLY_USAGE_OCCURRENCE(
'Open CASCADE STEP translator 7.5 1.1.1:1',
'Open CASCADE STEP translator 7.5 1.1.1:1',
'Open CASCADE STEP translator 7.5 1.1.1:1',#5710,#5711,
'Open CASCADE STEP translator 7.5 1.1.1:1');
#1180=NEXT_ASSEMBLY_USAGE_OCCURRENCE('Extruded:1','Extruded:1',
'Extruded:1',#5717,#5718,'Extruded:1');
#1181=NEXT_ASSEMBLY_USAGE_OCCURRENCE('1361975687232:1',
'1361975687232:1','1361975687232:1',#5716,#5717,'1361975687232:1');
#1182=NEXT_ASSEMBLY_USAGE_OCCURRENCE(
'Open CASCADE STEP translator 6.8 1.1.1:1',
'Open CASCADE STEP translator 6.8 1.1.1:1',
'Open CASCADE STEP translator 6.8 1.1.1:1',#5722,#5723,
'Open CASCADE STEP translator 6.8 1.1.1:1');
#1183=NEXT_ASSEMBLY_USAGE_OCCURRENCE('Extruded (4):1','Extruded (4):1',
'Extruded (4):1',#5727,#5728,'Extruded (4):1');
#1184=NEXT_ASSEMBLY_USAGE_OCCURRENCE('Extruded (5):1','Extruded (5):1',
'Extruded (5):1',#5729,#5730,'Extruded (5):1');
#1185=NEXT_ASSEMBLY_USAGE_OCCURRENCE('2410859790640:1',
'2410859790640:1','2410859790640:1',#5726,#5727,'2410859790640:1');
#1186=NEXT_ASSEMBLY_USAGE_OCCURRENCE('2410859790640:2',
'2410859790640:2','2410859790640:2',#5726,#5727,'2410859790640:2');
#1187=NEXT_ASSEMBLY_USAGE_OCCURRENCE('2410859790400:1',
'2410859790400:1','2410859790400:1',#5726,#5729,'2410859790400:1');
#1188=NEXT_ASSEMBLY_USAGE_OCCURRENCE('body:1','body:1','body:1',#5732,#5733,
'body:1');
#1189=NEXT_ASSEMBLY_USAGE_OCCURRENCE('pins:1','pins:1','pins:1',#5732,#5734,
'pins:1');
#1190=NEXT_ASSEMBLY_USAGE_OCCURRENCE('logo:1','logo:1','logo:1',#5732,#5735,
'logo:1');
#1191=NEXT_ASSEMBLY_USAGE_OCCURRENCE(
'IC_Espressif_Systems_ESP32-S2_eec:1',
'IC_Espressif_Systems_ESP32-S2_eec:1',
'IC_Espressif_Systems_ESP32-S2_eec:1',#5731,#5732,
'IC_Espressif_Systems_ESP32-S2_eec:1');
#1192=NEXT_ASSEMBLY_USAGE_OCCURRENCE('Extruded (8):1','Extruded (8):1',
'Extruded (8):1',#5738,#5739,'Extruded (8):1');
#1193=NEXT_ASSEMBLY_USAGE_OCCURRENCE('Extruded (7):1','Extruded (7):1',
'Extruded (7):1',#5741,#5742,'Extruded (7):1');
#1194=NEXT_ASSEMBLY_USAGE_OCCURRENCE('2410890683712:1',
'2410890683712:1','2410890683712:1',#5737,#5741,'2410890683712:1');
#1195=NEXT_ASSEMBLY_USAGE_OCCURRENCE('2410890683552:1',
'2410890683552:1','2410890683552:1',#5737,#5738,'2410890683552:1');
#1196=NEXT_ASSEMBLY_USAGE_OCCURRENCE('2410890683552:2',
'2410890683552:2','2410890683552:2',#5737,#5738,'2410890683552:2');
#1197=NEXT_ASSEMBLY_USAGE_OCCURRENCE('Extruded (11):1',
'Extruded (11):1','Extruded (11):1',#5743,#5744,'Extruded (11):1');
#1198=NEXT_ASSEMBLY_USAGE_OCCURRENCE('2410890683712:2',
'2410890683712:2','2410890683712:2',#5736,#5741,'2410890683712:2');
#1199=NEXT_ASSEMBLY_USAGE_OCCURRENCE('2410890678992:1',
'2410890678992:1','2410890678992:1',#5736,#5743,'2410890678992:1');
#1200=NEXT_ASSEMBLY_USAGE_OCCURRENCE('2410890678992:2',
'2410890678992:2','2410890678992:2',#5736,#5743,'2410890678992:2');
#1201=NEXT_ASSEMBLY_USAGE_OCCURRENCE('2410890683712:3',
'2410890683712:3','2410890683712:3',#5740,#5741,'2410890683712:3');
#1202=NEXT_ASSEMBLY_USAGE_OCCURRENCE('2410890678992:3',
'2410890678992:3','2410890678992:3',#5740,#5743,'2410890678992:3');
#1203=NEXT_ASSEMBLY_USAGE_OCCURRENCE('2410890678992:4',
'2410890678992:4','2410890678992:4',#5740,#5743,'2410890678992:4');
#1204=NEXT_ASSEMBLY_USAGE_OCCURRENCE('Extruded (12):1',
'Extruded (12):1','Extruded (12):1',#5754,#5755,'Extruded (12):1');
#1205=NEXT_ASSEMBLY_USAGE_OCCURRENCE('logo_x_4mm:1','logo_x_4mm:1',
'logo_x_4mm:1',#5760,#5761,'logo_x_4mm:1');
#1206=NEXT_ASSEMBLY_USAGE_OCCURRENCE('logo_o_4mm:1','logo_o_4mm:1',
'logo_o_4mm:1',#5760,#5762,'logo_o_4mm:1');
#1207=NEXT_ASSEMBLY_USAGE_OCCURRENCE('logo_l_4mm:1','logo_l_4mm:1',
'logo_l_4mm:1',#5760,#5763,'logo_l_4mm:1');
#1208=NEXT_ASSEMBLY_USAGE_OCCURRENCE('logo_b_4mm:1','logo_b_4mm:1',
'logo_b_4mm:1',#5760,#5764,'logo_b_4mm:1');
#1209=NEXT_ASSEMBLY_USAGE_OCCURRENCE('logo_u_4mm:1','logo_u_4mm:1',
'logo_u_4mm:1',#5760,#5765,'logo_u_4mm:1');
#1210=NEXT_ASSEMBLY_USAGE_OCCURRENCE('label_8x8:1','label_8x8:1',
'label_8x8:1',#5758,#5759,'label_8x8:1');
#1211=NEXT_ASSEMBLY_USAGE_OCCURRENCE('logo_full_4mm:1',
'logo_full_4mm:1','logo_full_4mm:1',#5758,#5760,'logo_full_4mm:1');
#1212=NEXT_ASSEMBLY_USAGE_OCCURRENCE('label_with_logo_8x8:1',
'label_with_logo_8x8:1','label_with_logo_8x8:1',#5757,#5758,
'label_with_logo_8x8:1');
#1213=NEXT_ASSEMBLY_USAGE_OCCURRENCE('MAYA_W1_Shield_UBXH04-0000683:1',
'MAYA_W1_Shield_UBXH04-0000683:1','MAYA_W1_Shield_UBXH04-0000683:1',#5757,
#5766,'MAYA_W1_Shield_UBXH04-0000683:1');
#1214=NEXT_ASSEMBLY_USAGE_OCCURRENCE('Extruded (6):1','Extruded (6):1',
'Extruded (6):1',#5768,#5769,'Extruded (6):1');
#1215=NEXT_ASSEMBLY_USAGE_OCCURRENCE('2410890683872:1',
'2410890683872:1','2410890683872:1',#5767,#5768,'2410890683872:1');
#1216=NEXT_ASSEMBLY_USAGE_OCCURRENCE('Extruded (3):1','Extruded (3):1',
'Extruded (3):1',#5772,#5773,'Extruded (3):1');
#1217=NEXT_ASSEMBLY_USAGE_OCCURRENCE('Extruded (13):1',
'Extruded (13):1','Extruded (13):1',#5783,#5784,'Extruded (13):1');
#1218=NEXT_ASSEMBLY_USAGE_OCCURRENCE('Extruded (14):1',
'Extruded (14):1','Extruded (14):1',#5785,#5786,'Extruded (14):1');
#1219=NEXT_ASSEMBLY_USAGE_OCCURRENCE('2410890683072:1',
'2410890683072:1','2410890683072:1',#5779,#5783,'2410890683072:1');
#1220=NEXT_ASSEMBLY_USAGE_OCCURRENCE('2410890682912:1',
'2410890682912:1','2410890682912:1',#5779,#5785,'2410890682912:1');
#1221=NEXT_ASSEMBLY_USAGE_OCCURRENCE('2410890682912:2',
'2410890682912:2','2410890682912:2',#5779,#5785,'2410890682912:2');
#1222=NEXT_ASSEMBLY_USAGE_OCCURRENCE('2410890683072:2',
'2410890683072:2','2410890683072:2',#5782,#5783,'2410890683072:2');
#1223=NEXT_ASSEMBLY_USAGE_OCCURRENCE('2410890682912:3',
'2410890682912:3','2410890682912:3',#5782,#5785,'2410890682912:3');
#1224=NEXT_ASSEMBLY_USAGE_OCCURRENCE('2410890682912:4',
'2410890682912:4','2410890682912:4',#5782,#5785,'2410890682912:4');
#1225=NEXT_ASSEMBLY_USAGE_OCCURRENCE('Extruded (9):1','Extruded (9):1',
'Extruded (9):1',#5788,#5789,'Extruded (9):1');
#1226=NEXT_ASSEMBLY_USAGE_OCCURRENCE('2410859791280:3',
'2410859791280:3','2410859791280:3',#5771,#5788,'2410859791280:3');
#1227=NEXT_ASSEMBLY_USAGE_OCCURRENCE('2410859791280:4',
'2410859791280:4','2410859791280:4',#5771,#5788,'2410859791280:4');
#1228=NEXT_ASSEMBLY_USAGE_OCCURRENCE('2410859790240:2',
'2410859790240:2','2410859790240:2',#5771,#5772,'2410859790240:2');
#1229=NEXT_ASSEMBLY_USAGE_OCCURRENCE('Extruded (2):1','Extruded (2):1',
'Extruded (2):1',#5791,#5792,'Extruded (2):1');
#1230=NEXT_ASSEMBLY_USAGE_OCCURRENCE('2410859791280:1',
'2410859791280:1','2410859791280:1',#5748,#5788,'2410859791280:1');
#1231=NEXT_ASSEMBLY_USAGE_OCCURRENCE('2410859791280:2',
'2410859791280:2','2410859791280:2',#5748,#5788,'2410859791280:2');
#1232=NEXT_ASSEMBLY_USAGE_OCCURRENCE('2410859791040:17',
'2410859791040:17','2410859791040:17',#5748,#5791,'2410859791040:17');
#1233=NEXT_ASSEMBLY_USAGE_OCCURRENCE('2410859791280:5',
'2410859791280:5','2410859791280:5',#5774,#5788,'2410859791280:5');
#1234=NEXT_ASSEMBLY_USAGE_OCCURRENCE('2410859791280:6',
'2410859791280:6','2410859791280:6',#5774,#5788,'2410859791280:6');
#1235=NEXT_ASSEMBLY_USAGE_OCCURRENCE('2410859791040:18',
'2410859791040:18','2410859791040:18',#5774,#5791,'2410859791040:18');
#1236=NEXT_ASSEMBLY_USAGE_OCCURRENCE('2410859791040:19',
'2410859791040:19','2410859791040:19',#5778,#5791,'2410859791040:19');
#1237=NEXT_ASSEMBLY_USAGE_OCCURRENCE('2410859791280:7',
'2410859791280:7','2410859791280:7',#5778,#5788,'2410859791280:7');
#1238=NEXT_ASSEMBLY_USAGE_OCCURRENCE('2410859791280:8',
'2410859791280:8','2410859791280:8',#5778,#5788,'2410859791280:8');
#1239=NEXT_ASSEMBLY_USAGE_OCCURRENCE('2410859791280:9',
'2410859791280:9','2410859791280:9',#5787,#5788,'2410859791280:9');
#1240=NEXT_ASSEMBLY_USAGE_OCCURRENCE('2410859791280:10',
'2410859791280:10','2410859791280:10',#5787,#5788,'2410859791280:10');
#1241=NEXT_ASSEMBLY_USAGE_OCCURRENCE('2410859791040:20',
'2410859791040:20','2410859791040:20',#5787,#5791,'2410859791040:20');
#1242=NEXT_ASSEMBLY_USAGE_OCCURRENCE('Extruded (1):1','Extruded (1):1',
'Extruded (1):1',#5793,#5794,'Extruded (1):1');
#1243=NEXT_ASSEMBLY_USAGE_OCCURRENCE('2410859790080:1',
'2410859790080:1','2410859790080:1',#5724,#5793,'2410859790080:1');
#1244=NEXT_ASSEMBLY_USAGE_OCCURRENCE('2410859790080:2',
'2410859790080:2','2410859790080:2',#5724,#5793,'2410859790080:2');
#1245=NEXT_ASSEMBLY_USAGE_OCCURRENCE('2410859791040:1',
'2410859791040:1','2410859791040:1',#5724,#5791,'2410859791040:1');
#1246=NEXT_ASSEMBLY_USAGE_OCCURRENCE('2410859790240:1',
'2410859790240:1','2410859790240:1',#5725,#5772,'2410859790240:1');
#1247=NEXT_ASSEMBLY_USAGE_OCCURRENCE('2410859790080:3',
'2410859790080:3','2410859790080:3',#5725,#5793,'2410859790080:3');
#1248=NEXT_ASSEMBLY_USAGE_OCCURRENCE('2410859790080:4',
'2410859790080:4','2410859790080:4',#5725,#5793,'2410859790080:4');
#1249=NEXT_ASSEMBLY_USAGE_OCCURRENCE('2410859791040:2',
'2410859791040:2','2410859791040:2',#5745,#5791,'2410859791040:2');
#1250=NEXT_ASSEMBLY_USAGE_OCCURRENCE('2410859790080:5',
'2410859790080:5','2410859790080:5',#5745,#5793,'2410859790080:5');
#1251=NEXT_ASSEMBLY_USAGE_OCCURRENCE('2410859790080:6',
'2410859790080:6','2410859790080:6',#5745,#5793,'2410859790080:6');
#1252=NEXT_ASSEMBLY_USAGE_OCCURRENCE('2410859790080:7',
'2410859790080:7','2410859790080:7',#5746,#5793,'2410859790080:7');
#1253=NEXT_ASSEMBLY_USAGE_OCCURRENCE('2410859790080:8',
'2410859790080:8','2410859790080:8',#5746,#5793,'2410859790080:8');
#1254=NEXT_ASSEMBLY_USAGE_OCCURRENCE('2410859791040:3',
'2410859791040:3','2410859791040:3',#5746,#5791,'2410859791040:3');
#1255=NEXT_ASSEMBLY_USAGE_OCCURRENCE('2410859791040:4',
'2410859791040:4','2410859791040:4',#5747,#5791,'2410859791040:4');
#1256=NEXT_ASSEMBLY_USAGE_OCCURRENCE('2410859790080:9',
'2410859790080:9','2410859790080:9',#5747,#5793,'2410859790080:9');
#1257=NEXT_ASSEMBLY_USAGE_OCCURRENCE('2410859790080:10',
'2410859790080:10','2410859790080:10',#5747,#5793,'2410859790080:10');
#1258=NEXT_ASSEMBLY_USAGE_OCCURRENCE('2410859791040:5',
'2410859791040:5','2410859791040:5',#5749,#5791,'2410859791040:5');
#1259=NEXT_ASSEMBLY_USAGE_OCCURRENCE('2410859790080:11',
'2410859790080:11','2410859790080:11',#5749,#5793,'2410859790080:11');
#1260=NEXT_ASSEMBLY_USAGE_OCCURRENCE('2410859790080:12',
'2410859790080:12','2410859790080:12',#5749,#5793,'2410859790080:12');
#1261=NEXT_ASSEMBLY_USAGE_OCCURRENCE('2410859790080:13',
'2410859790080:13','2410859790080:13',#5750,#5793,'2410859790080:13');
#1262=NEXT_ASSEMBLY_USAGE_OCCURRENCE('2410859790080:14',
'2410859790080:14','2410859790080:14',#5750,#5793,'2410859790080:14');
#1263=NEXT_ASSEMBLY_USAGE_OCCURRENCE('2410859791040:6',
'2410859791040:6','2410859791040:6',#5750,#5791,'2410859791040:6');
#1264=NEXT_ASSEMBLY_USAGE_OCCURRENCE('2410859790080:15',
'2410859790080:15','2410859790080:15',#5751,#5793,'2410859790080:15');
#1265=NEXT_ASSEMBLY_USAGE_OCCURRENCE('2410859790080:16',
'2410859790080:16','2410859790080:16',#5751,#5793,'2410859790080:16');
#1266=NEXT_ASSEMBLY_USAGE_OCCURRENCE('2410859791040:7',
'2410859791040:7','2410859791040:7',#5751,#5791,'2410859791040:7');
#1267=NEXT_ASSEMBLY_USAGE_OCCURRENCE('2410859791040:8',
'2410859791040:8','2410859791040:8',#5752,#5791,'2410859791040:8');
#1268=NEXT_ASSEMBLY_USAGE_OCCURRENCE('2410859790080:17',
'2410859790080:17','2410859790080:17',#5752,#5793,'2410859790080:17');
#1269=NEXT_ASSEMBLY_USAGE_OCCURRENCE('2410859790080:18',
'2410859790080:18','2410859790080:18',#5752,#5793,'2410859790080:18');
#1270=NEXT_ASSEMBLY_USAGE_OCCURRENCE('2410859790080:35',
'2410859790080:35','2410859790080:35',#5753,#5793,'2410859790080:35');
#1271=NEXT_ASSEMBLY_USAGE_OCCURRENCE('2410859790080:36',
'2410859790080:36','2410859790080:36',#5753,#5793,'2410859790080:36');
#1272=NEXT_ASSEMBLY_USAGE_OCCURRENCE('2410859789440:1',
'2410859789440:1','2410859789440:1',#5753,#5754,'2410859789440:1');
#1273=NEXT_ASSEMBLY_USAGE_OCCURRENCE('2410859791040:9',
'2410859791040:9','2410859791040:9',#5756,#5791,'2410859791040:9');
#1274=NEXT_ASSEMBLY_USAGE_OCCURRENCE('2410859790080:19',
'2410859790080:19','2410859790080:19',#5756,#5793,'2410859790080:19');
#1275=NEXT_ASSEMBLY_USAGE_OCCURRENCE('2410859790080:20',
'2410859790080:20','2410859790080:20',#5756,#5793,'2410859790080:20');
#1276=NEXT_ASSEMBLY_USAGE_OCCURRENCE('2410859790080:21',
'2410859790080:21','2410859790080:21',#5770,#5793,'2410859790080:21');
#1277=NEXT_ASSEMBLY_USAGE_OCCURRENCE('2410859790080:22',
'2410859790080:22','2410859790080:22',#5770,#5793,'2410859790080:22');
#1278=NEXT_ASSEMBLY_USAGE_OCCURRENCE('2410859791040:10',
'2410859791040:10','2410859791040:10',#5770,#5791,'2410859791040:10');
#1279=NEXT_ASSEMBLY_USAGE_OCCURRENCE('2410859791040:11',
'2410859791040:11','2410859791040:11',#5775,#5791,'2410859791040:11');
#1280=NEXT_ASSEMBLY_USAGE_OCCURRENCE('2410859790080:23',
'2410859790080:23','2410859790080:23',#5775,#5793,'2410859790080:23');
#1281=NEXT_ASSEMBLY_USAGE_OCCURRENCE('2410859790080:24',
'2410859790080:24','2410859790080:24',#5775,#5793,'2410859790080:24');
#1282=NEXT_ASSEMBLY_USAGE_OCCURRENCE('2410859790080:25',
'2410859790080:25','2410859790080:25',#5776,#5793,'2410859790080:25');
#1283=NEXT_ASSEMBLY_USAGE_OCCURRENCE('2410859790080:26',
'2410859790080:26','2410859790080:26',#5776,#5793,'2410859790080:26');
#1284=NEXT_ASSEMBLY_USAGE_OCCURRENCE('2410859791040:12',
'2410859791040:12','2410859791040:12',#5776,#5791,'2410859791040:12');
#1285=NEXT_ASSEMBLY_USAGE_OCCURRENCE('2410859790080:27',
'2410859790080:27','2410859790080:27',#5777,#5793,'2410859790080:27');
#1286=NEXT_ASSEMBLY_USAGE_OCCURRENCE('2410859790080:28',
'2410859790080:28','2410859790080:28',#5777,#5793,'2410859790080:28');
#1287=NEXT_ASSEMBLY_USAGE_OCCURRENCE('2410859791040:13',
'2410859791040:13','2410859791040:13',#5777,#5791,'2410859791040:13');
#1288=NEXT_ASSEMBLY_USAGE_OCCURRENCE('2410859791040:14',
'2410859791040:14','2410859791040:14',#5780,#5791,'2410859791040:14');
#1289=NEXT_ASSEMBLY_USAGE_OCCURRENCE('2410859790080:29',
'2410859790080:29','2410859790080:29',#5780,#5793,'2410859790080:29');
#1290=NEXT_ASSEMBLY_USAGE_OCCURRENCE('2410859790080:30',
'2410859790080:30','2410859790080:30',#5780,#5793,'2410859790080:30');
#1291=NEXT_ASSEMBLY_USAGE_OCCURRENCE('2410859791040:15',
'2410859791040:15','2410859791040:15',#5781,#5791,'2410859791040:15');
#1292=NEXT_ASSEMBLY_USAGE_OCCURRENCE('2410859790080:31',
'2410859790080:31','2410859790080:31',#5781,#5793,'2410859790080:31');
#1293=NEXT_ASSEMBLY_USAGE_OCCURRENCE('2410859790080:32',
'2410859790080:32','2410859790080:32',#5781,#5793,'2410859790080:32');
#1294=NEXT_ASSEMBLY_USAGE_OCCURRENCE('2410859791040:16',
'2410859791040:16','2410859791040:16',#5790,#5791,'2410859791040:16');
#1295=NEXT_ASSEMBLY_USAGE_OCCURRENCE('2410859790080:33',
'2410859790080:33','2410859790080:33',#5790,#5793,'2410859790080:33');
#1296=NEXT_ASSEMBLY_USAGE_OCCURRENCE('2410859790080:34',
'2410859790080:34','2410859790080:34',#5790,#5793,'2410859790080:34');
#1297=NEXT_ASSEMBLY_USAGE_OCCURRENCE('Board (1):1','Board (1):1',
'Board (1):1',#5721,#5722,'Board (1):1');
#1298=NEXT_ASSEMBLY_USAGE_OCCURRENCE('Z3:1','Z3:1','Z3:1',#5721,#5724,
'Z3:1');
#1299=NEXT_ASSEMBLY_USAGE_OCCURRENCE('Z10:1','Z10:1','Z10:1',#5721,#5725,
'Z10:1');
#1300=NEXT_ASSEMBLY_USAGE_OCCURRENCE('Z9:1','Z9:1','Z9:1',#5721,#5726,
'Z9:1');
#1301=NEXT_ASSEMBLY_USAGE_OCCURRENCE('U1:1','U1:1','U1:1',#5721,#5731,
'U1:1');
#1302=NEXT_ASSEMBLY_USAGE_OCCURRENCE('R3 (1):1','R3 (1):1','R3 (1):1',#5721,
#5736,'R3 (1):1');
#1303=NEXT_ASSEMBLY_USAGE_OCCURRENCE('R2 (1):1','R2 (1):1','R2 (1):1',#5721,
#5737,'R2 (1):1');
#1304=NEXT_ASSEMBLY_USAGE_OCCURRENCE('R1 (1):1','R1 (1):1','R1 (1):1',#5721,
#5740,'R1 (1):1');
#1305=NEXT_ASSEMBLY_USAGE_OCCURRENCE('C10:1','C10:1','C10:1',#5721,#5745,
'C10:1');
#1306=NEXT_ASSEMBLY_USAGE_OCCURRENCE('C6:1','C6:1','C6:1',#5721,#5746,
'C6:1');
#1307=NEXT_ASSEMBLY_USAGE_OCCURRENCE('C15:1','C15:1','C15:1',#5721,#5747,
'C15:1');
#1308=NEXT_ASSEMBLY_USAGE_OCCURRENCE('Z8:1','Z8:1','Z8:1',#5721,#5748,
'Z8:1');
#1309=NEXT_ASSEMBLY_USAGE_OCCURRENCE('Z7:1','Z7:1','Z7:1',#5721,#5749,
'Z7:1');
#1310=NEXT_ASSEMBLY_USAGE_OCCURRENCE('Z6:1','Z6:1','Z6:1',#5721,#5750,
'Z6:1');
#1311=NEXT_ASSEMBLY_USAGE_OCCURRENCE('Z5:1','Z5:1','Z5:1',#5721,#5751,
'Z5:1');
#1312=NEXT_ASSEMBLY_USAGE_OCCURRENCE('Z4:1','Z4:1','Z4:1',#5721,#5752,
'Z4:1');
#1313=NEXT_ASSEMBLY_USAGE_OCCURRENCE('Z2:1','Z2:1','Z2:1',#5721,#5753,
'Z2:1');
#1314=NEXT_ASSEMBLY_USAGE_OCCURRENCE('Z1:1','Z1:1','Z1:1',#5721,#5756,
'Z1:1');
#1315=NEXT_ASSEMBLY_USAGE_OCCURRENCE('E1:1','E1:1','E1:1',#5721,#5757,
'E1:1');
#1316=NEXT_ASSEMBLY_USAGE_OCCURRENCE('X1:1','X1:1','X1:1',#5721,#5767,
'X1:1');
#1317=NEXT_ASSEMBLY_USAGE_OCCURRENCE('C16:1','C16:1','C16:1',#5721,#5770,
'C16:1');
#1318=NEXT_ASSEMBLY_USAGE_OCCURRENCE('L1:1','L1:1','L1:1',#5721,#5771,
'L1:1');
#1319=NEXT_ASSEMBLY_USAGE_OCCURRENCE('C3:1','C3:1','C3:1',#5721,#5774,
'C3:1');
#1320=NEXT_ASSEMBLY_USAGE_OCCURRENCE('C5:1','C5:1','C5:1',#5721,#5775,
'C5:1');
#1321=NEXT_ASSEMBLY_USAGE_OCCURRENCE('C7:1','C7:1','C7:1',#5721,#5776,
'C7:1');
#1322=NEXT_ASSEMBLY_USAGE_OCCURRENCE('C9:1','C9:1','C9:1',#5721,#5777,
'C9:1');
#1323=NEXT_ASSEMBLY_USAGE_OCCURRENCE('C2 (1):1','C2 (1):1','C2 (1):1',#5721,
#5778,'C2 (1):1');
#1324=NEXT_ASSEMBLY_USAGE_OCCURRENCE('C13:1','C13:1','C13:1',#5721,#5779,
'C13:1');
#1325=NEXT_ASSEMBLY_USAGE_OCCURRENCE('C12:1','C12:1','C12:1',#5721,#5780,
'C12:1');
#1326=NEXT_ASSEMBLY_USAGE_OCCURRENCE('C11:1','C11:1','C11:1',#5721,#5781,
'C11:1');
#1327=NEXT_ASSEMBLY_USAGE_OCCURRENCE('C14:1','C14:1','C14:1',#5721,#5782,
'C14:1');
#1328=NEXT_ASSEMBLY_USAGE_OCCURRENCE('C1 (1):1','C1 (1):1','C1 (1):1',#5721,
#5787,'C1 (1):1');
#1329=NEXT_ASSEMBLY_USAGE_OCCURRENCE('C4:1','C4:1','C4:1',#5721,#5790,
'C4:1');
#1330=NEXT_ASSEMBLY_USAGE_OCCURRENCE('NORA-W106:1','NORA-W106:1',
'NORA-W106:1',#5720,#5721,'NORA-W106:1');
#1331=NEXT_ASSEMBLY_USAGE_OCCURRENCE('RES-0402:1','RES-0402:1',
'RES-0402:1',#5795,#5797,'RES-0402:1');
#1332=NEXT_ASSEMBLY_USAGE_OCCURRENCE('RES-0402:2','RES-0402:2',
'RES-0402:2',#5796,#5797,'RES-0402:2');
#1333=NEXT_ASSEMBLY_USAGE_OCCURRENCE(
'Open CASCADE STEP translator 6.8 13.2.1:1',
'Open CASCADE STEP translator 6.8 13.2.1:1',
'Open CASCADE STEP translator 6.8 13.2.1:1',#5801,#5802,
'Open CASCADE STEP translator 6.8 13.2.1:1');
#1334=NEXT_ASSEMBLY_USAGE_OCCURRENCE(
'Open CASCADE STEP translator 6.8 13.4.1:1',
'Open CASCADE STEP translator 6.8 13.4.1:1',
'Open CASCADE STEP translator 6.8 13.4.1:1',#5804,#5805,
'Open CASCADE STEP translator 6.8 13.4.1:1');
#1335=NEXT_ASSEMBLY_USAGE_OCCURRENCE(
'Open CASCADE STEP translator 6.8 13.4.2:1',
'Open CASCADE STEP translator 6.8 13.4.2:1',
'Open CASCADE STEP translator 6.8 13.4.2:1',#5804,#5806,
'Open CASCADE STEP translator 6.8 13.4.2:1');
#1336=NEXT_ASSEMBLY_USAGE_OCCURRENCE(
'Open CASCADE STEP translator 6.8 13.1:1',
'Open CASCADE STEP translator 6.8 13.1:1',
'Open CASCADE STEP translator 6.8 13.1:1',#5799,#5800,
'Open CASCADE STEP translator 6.8 13.1:1');
#1337=NEXT_ASSEMBLY_USAGE_OCCURRENCE('Body:1','Body:1','Body:1',#5799,#5801,
'Body:1');
#1338=NEXT_ASSEMBLY_USAGE_OCCURRENCE('Thermal_Shape:1',
'Thermal_Shape:1','Thermal_Shape:1',#5799,#5803,'Thermal_Shape:1');
#1339=NEXT_ASSEMBLY_USAGE_OCCURRENCE('Pin_Shape:1','Pin_Shape:1',
'Pin_Shape:1',#5799,#5804,'Pin_Shape:1');
#1340=NEXT_ASSEMBLY_USAGE_OCCURRENCE('Pin_Shape:2','Pin_Shape:2',
'Pin_Shape:2',#5799,#5804,'Pin_Shape:2');
#1341=NEXT_ASSEMBLY_USAGE_OCCURRENCE('Pin_Shape:3','Pin_Shape:3',
'Pin_Shape:3',#5799,#5804,'Pin_Shape:3');
#1342=NEXT_ASSEMBLY_USAGE_OCCURRENCE('Pin_Shape:4','Pin_Shape:4',
'Pin_Shape:4',#5799,#5804,'Pin_Shape:4');
#1343=NEXT_ASSEMBLY_USAGE_OCCURRENCE('Pin_Shape:5','Pin_Shape:5',
'Pin_Shape:5',#5799,#5804,'Pin_Shape:5');
#1344=NEXT_ASSEMBLY_USAGE_OCCURRENCE('Pin_Shape:6','Pin_Shape:6',
'Pin_Shape:6',#5799,#5804,'Pin_Shape:6');
#1345=NEXT_ASSEMBLY_USAGE_OCCURRENCE('Pin_Shape:7','Pin_Shape:7',
'Pin_Shape:7',#5799,#5804,'Pin_Shape:7');
#1346=NEXT_ASSEMBLY_USAGE_OCCURRENCE('Pin_Shape:8','Pin_Shape:8',
'Pin_Shape:8',#5799,#5804,'Pin_Shape:8');
#1347=NEXT_ASSEMBLY_USAGE_OCCURRENCE('1361943408560:1',
'1361943408560:1','1361943408560:1',#5798,#5799,'1361943408560:1');
#1348=NEXT_ASSEMBLY_USAGE_OCCURRENCE('SOT-523:1','SOT-523:1',
'SOT-523:1',#5821,#5822,'SOT-523:1');
#1349=NEXT_ASSEMBLY_USAGE_OCCURRENCE(
'Open CASCADE STEP translator 6.8 19.2.1:1',
'Open CASCADE STEP translator 6.8 19.2.1:1',
'Open CASCADE STEP translator 6.8 19.2.1:1',#5834,#5835,
'Open CASCADE STEP translator 6.8 19.2.1:1');
#1350=NEXT_ASSEMBLY_USAGE_OCCURRENCE(
'Open CASCADE STEP translator 6.8 19.3.1:1',
'Open CASCADE STEP translator 6.8 19.3.1:1',
'Open CASCADE STEP translator 6.8 19.3.1:1',#5836,#5837,
'Open CASCADE STEP translator 6.8 19.3.1:1');
#1351=NEXT_ASSEMBLY_USAGE_OCCURRENCE(
'Open CASCADE STEP translator 6.8 19.1:1',
'Open CASCADE STEP translator 6.8 19.1:1',
'Open CASCADE STEP translator 6.8 19.1:1',#5832,#5833,
'Open CASCADE STEP translator 6.8 19.1:1');
#1352=NEXT_ASSEMBLY_USAGE_OCCURRENCE('Body (1):1','Body (1):1',
'Body (1):1',#5832,#5834,'Body (1):1');
#1353=NEXT_ASSEMBLY_USAGE_OCCURRENCE('Pin_Shape (1):1',
'Pin_Shape (1):1','Pin_Shape (1):1',#5832,#5836,'Pin_Shape (1):1');
#1354=NEXT_ASSEMBLY_USAGE_OCCURRENCE('Pin_Shape (1):2',
'Pin_Shape (1):2','Pin_Shape (1):2',#5832,#5836,'Pin_Shape (1):2');
#1355=NEXT_ASSEMBLY_USAGE_OCCURRENCE('Pin_Shape (1):3',
'Pin_Shape (1):3','Pin_Shape (1):3',#5832,#5836,'Pin_Shape (1):3');
#1356=NEXT_ASSEMBLY_USAGE_OCCURRENCE('Pin_Shape (1):4',
'Pin_Shape (1):4','Pin_Shape (1):4',#5832,#5836,'Pin_Shape (1):4');
#1357=NEXT_ASSEMBLY_USAGE_OCCURRENCE('Pin_Shape (1):5',
'Pin_Shape (1):5','Pin_Shape (1):5',#5832,#5836,'Pin_Shape (1):5');
#1358=NEXT_ASSEMBLY_USAGE_OCCURRENCE('Pin_Shape (1):6',
'Pin_Shape (1):6','Pin_Shape (1):6',#5832,#5836,'Pin_Shape (1):6');
#1359=NEXT_ASSEMBLY_USAGE_OCCURRENCE('Pin_Shape (1):7',
'Pin_Shape (1):7','Pin_Shape (1):7',#5832,#5836,'Pin_Shape (1):7');
#1360=NEXT_ASSEMBLY_USAGE_OCCURRENCE('Pin_Shape (1):8',
'Pin_Shape (1):8','Pin_Shape (1):8',#5832,#5836,'Pin_Shape (1):8');
#1361=NEXT_ASSEMBLY_USAGE_OCCURRENCE('1361943407520:1',
'1361943407520:1','1361943407520:1',#5831,#5832,'1361943407520:1');
#1362=NEXT_ASSEMBLY_USAGE_OCCURRENCE('Extruded (10):1',
'Extruded (10):1','Extruded (10):1',#5839,#5840,'Extruded (10):1');
#1363=NEXT_ASSEMBLY_USAGE_OCCURRENCE('1361975689312:1',
'1361975689312:1','1361975689312:1',#5838,#5839,'1361975689312:1');
#1364=NEXT_ASSEMBLY_USAGE_OCCURRENCE('CAP-0201:1','CAP-0201:1',
'CAP-0201:1',#5719,#5842,'CAP-0201:1');
#1365=NEXT_ASSEMBLY_USAGE_OCCURRENCE('CAP-0201:2','CAP-0201:2',
'CAP-0201:2',#5825,#5842,'CAP-0201:2');
#1366=NEXT_ASSEMBLY_USAGE_OCCURRENCE('CAP-0201:3','CAP-0201:3',
'CAP-0201:3',#5826,#5842,'CAP-0201:3');
#1367=NEXT_ASSEMBLY_USAGE_OCCURRENCE('CAP-0201:4','CAP-0201:4',
'CAP-0201:4',#5841,#5842,'CAP-0201:4');
#1368=NEXT_ASSEMBLY_USAGE_OCCURRENCE('CAP-0402:1','CAP-0402:1',
'CAP-0402:1',#5715,#5845,'CAP-0402:1');
#1369=NEXT_ASSEMBLY_USAGE_OCCURRENCE('CAP-0402:2','CAP-0402:2',
'CAP-0402:2',#5824,#5845,'CAP-0402:2');
#1370=NEXT_ASSEMBLY_USAGE_OCCURRENCE('CAP-0402:3','CAP-0402:3',
'CAP-0402:3',#5828,#5845,'CAP-0402:3');
#1371=NEXT_ASSEMBLY_USAGE_OCCURRENCE('CAP-0402:4','CAP-0402:4',
'CAP-0402:4',#5829,#5845,'CAP-0402:4');
#1372=NEXT_ASSEMBLY_USAGE_OCCURRENCE('CAP-0402:5','CAP-0402:5',
'CAP-0402:5',#5843,#5845,'CAP-0402:5');
#1373=NEXT_ASSEMBLY_USAGE_OCCURRENCE('CAP-0402:6','CAP-0402:6',
'CAP-0402:6',#5844,#5845,'CAP-0402:6');
#1374=NEXT_ASSEMBLY_USAGE_OCCURRENCE('CAP-0603:1','CAP-0603:1',
'CAP-0603:1',#5827,#5849,'CAP-0603:1');
#1375=NEXT_ASSEMBLY_USAGE_OCCURRENCE('CAP-0603:2','CAP-0603:2',
'CAP-0603:2',#5830,#5849,'CAP-0603:2');
#1376=NEXT_ASSEMBLY_USAGE_OCCURRENCE('CAP-0603:3','CAP-0603:3',
'CAP-0603:3',#5846,#5849,'CAP-0603:3');
#1377=NEXT_ASSEMBLY_USAGE_OCCURRENCE('CAP-0603:4','CAP-0603:4',
'CAP-0603:4',#5847,#5849,'CAP-0603:4');
#1378=NEXT_ASSEMBLY_USAGE_OCCURRENCE('CAP-0603:5','CAP-0603:5',
'CAP-0603:5',#5848,#5849,'CAP-0603:5');
#1379=NEXT_ASSEMBLY_USAGE_OCCURRENCE(
'Open CASCADE STEP translator 7.5 15.1.1:1',
'Open CASCADE STEP translator 7.5 15.1.1:1',
'Open CASCADE STEP translator 7.5 15.1.1:1',#5855,#5856,
'Open CASCADE STEP translator 7.5 15.1.1:1');
#1380=NEXT_ASSEMBLY_USAGE_OCCURRENCE('Body (2):1','Body (2):1',
'Body (2):1',#5854,#5855,'Body (2):1');
#1381=NEXT_ASSEMBLY_USAGE_OCCURRENCE('lead:1','lead:1','lead:1',#5854,#5857,
'lead:1');
#1382=NEXT_ASSEMBLY_USAGE_OCCURRENCE('lead:2','lead:2','lead:2',#5854,#5857,
'lead:2');
#1383=NEXT_ASSEMBLY_USAGE_OCCURRENCE('8279795424:1','8279795424:1',
'8279795424:1',#5853,#5854,'8279795424:1');
#1384=NEXT_ASSEMBLY_USAGE_OCCURRENCE('SOD123FL:1','SOD123FL:1',
'SOD123FL:1',#5852,#5853,'SOD123FL:1');
#1385=NEXT_ASSEMBLY_USAGE_OCCURRENCE('RES-0201:1','RES-0201:1',
'RES-0201:1',#5712,#5860,'RES-0201:1');
#1386=NEXT_ASSEMBLY_USAGE_OCCURRENCE('RES-0201:2','RES-0201:2',
'RES-0201:2',#5713,#5860,'RES-0201:2');
#1387=NEXT_ASSEMBLY_USAGE_OCCURRENCE('RES-0201:3','RES-0201:3',
'RES-0201:3',#5714,#5860,'RES-0201:3');
#1388=NEXT_ASSEMBLY_USAGE_OCCURRENCE('RES-0201:4','RES-0201:4',
'RES-0201:4',#5807,#5860,'RES-0201:4');
#1389=NEXT_ASSEMBLY_USAGE_OCCURRENCE('RES-0201:5','RES-0201:5',
'RES-0201:5',#5808,#5860,'RES-0201:5');
#1390=NEXT_ASSEMBLY_USAGE_OCCURRENCE('RES-0201:6','RES-0201:6',
'RES-0201:6',#5809,#5860,'RES-0201:6');
#1391=NEXT_ASSEMBLY_USAGE_OCCURRENCE('RES-0201:7','RES-0201:7',
'RES-0201:7',#5810,#5860,'RES-0201:7');
#1392=NEXT_ASSEMBLY_USAGE_OCCURRENCE('RES-0201:8','RES-0201:8',
'RES-0201:8',#5811,#5860,'RES-0201:8');
#1393=NEXT_ASSEMBLY_USAGE_OCCURRENCE('RES-0201:9','RES-0201:9',
'RES-0201:9',#5812,#5860,'RES-0201:9');
#1394=NEXT_ASSEMBLY_USAGE_OCCURRENCE('RES-0201:10','RES-0201:10',
'RES-0201:10',#5813,#5860,'RES-0201:10');
#1395=NEXT_ASSEMBLY_USAGE_OCCURRENCE('RES-0201:11','RES-0201:11',
'RES-0201:11',#5814,#5860,'RES-0201:11');
#1396=NEXT_ASSEMBLY_USAGE_OCCURRENCE('RES-0201:12','RES-0201:12',
'RES-0201:12',#5815,#5860,'RES-0201:12');
#1397=NEXT_ASSEMBLY_USAGE_OCCURRENCE('RES-0201:13','RES-0201:13',
'RES-0201:13',#5816,#5860,'RES-0201:13');
#1398=NEXT_ASSEMBLY_USAGE_OCCURRENCE('RES-0201:14','RES-0201:14',
'RES-0201:14',#5817,#5860,'RES-0201:14');
#1399=NEXT_ASSEMBLY_USAGE_OCCURRENCE('RES-0201:15','RES-0201:15',
'RES-0201:15',#5818,#5860,'RES-0201:15');
#1400=NEXT_ASSEMBLY_USAGE_OCCURRENCE('RES-0201:16','RES-0201:16',
'RES-0201:16',#5819,#5860,'RES-0201:16');
#1401=NEXT_ASSEMBLY_USAGE_OCCURRENCE('RES-0201:17','RES-0201:17',
'RES-0201:17',#5820,#5860,'RES-0201:17');
#1402=NEXT_ASSEMBLY_USAGE_OCCURRENCE('RES-0201:18','RES-0201:18',
'RES-0201:18',#5850,#5860,'RES-0201:18');
#1403=NEXT_ASSEMBLY_USAGE_OCCURRENCE('RES-0201:19','RES-0201:19',
'RES-0201:19',#5851,#5860,'RES-0201:19');
#1404=NEXT_ASSEMBLY_USAGE_OCCURRENCE('RES-0201:20','RES-0201:20',
'RES-0201:20',#5858,#5860,'RES-0201:20');
#1405=NEXT_ASSEMBLY_USAGE_OCCURRENCE('RES-0201:21','RES-0201:21',
'RES-0201:21',#5859,#5860,'RES-0201:21');
#1406=NEXT_ASSEMBLY_USAGE_OCCURRENCE('SMLP34RGB:1','SMLP34RGB:1',
'SMLP34RGB:1',#5861,#5862,'SMLP34RGB:1');
#1407=NEXT_ASSEMBLY_USAGE_OCCURRENCE('HSMx-190:1','HSMx-190:1',
'HSMx-190:1',#5823,#5864,'HSMx-190:1');
#1408=NEXT_ASSEMBLY_USAGE_OCCURRENCE('HSMx-190:2','HSMx-190:2',
'HSMx-190:2',#5863,#5864,'HSMx-190:2');
#1409=NEXT_ASSEMBLY_USAGE_OCCURRENCE('Header _Fem_1X8:1',
'Header _Fem_1X8:1','Header _Fem_1X8:1',#5865,#5867,'Header _Fem_1X8:1');
#1410=NEXT_ASSEMBLY_USAGE_OCCURRENCE('Header _Fem_1X8:2',
'Header _Fem_1X8:2','Header _Fem_1X8:2',#5865,#5867,'Header _Fem_1X8:2');
#1411=NEXT_ASSEMBLY_USAGE_OCCURRENCE('Header _Fem_1X8:3',
'Header _Fem_1X8:3','Header _Fem_1X8:3',#5866,#5867,'Header _Fem_1X8:3');
#1412=NEXT_ASSEMBLY_USAGE_OCCURRENCE('Header _Fem_1X8:4',
'Header _Fem_1X8:4','Header _Fem_1X8:4',#5866,#5867,'Header _Fem_1X8:4');
#1413=NEXT_ASSEMBLY_USAGE_OCCURRENCE('PTS820J20KSMTRLFS:1',
'PTS820J20KSMTRLFS:1','PTS820J20KSMTRLFS:1',#5868,#5869,
'PTS820J20KSMTRLFS:1');
#1414=NEXT_ASSEMBLY_USAGE_OCCURRENCE('CX90B-16P_3D:1','CX90B-16P_3D:1',
'CX90B-16P_3D:1',#5871,#5872,'CX90B-16P_3D:1');
#1415=NEXT_ASSEMBLY_USAGE_OCCURRENCE(
'CX90B-16P_CL0480-0755-0-00_3DDrawing_STEP_CX90B-16P_3D_48007525000_3D
_STP:1',
'CX90B-16P_CL0480-0755-0-00_3DDrawing_STEP_CX90B-16P_3D_48007525000_3D
_STP:1',
'CX90B-16P_CL0480-0755-0-00_3DDrawing_STEP_CX90B-16P_3D_48007525000_3D
_STP:1',#5870,#5871,
'CX90B-16P_CL0480-0755-0-00_3DDrawing_STEP_CX90B-16P_3D_48007525000_3D
_STP:1');
#1416=NEXT_ASSEMBLY_USAGE_OCCURRENCE('PRTR5V0U2X:1','PRTR5V0U2X:1',
'PRTR5V0U2X:1',#5873,#5874,'PRTR5V0U2X:1');
#1417=NEXT_ASSEMBLY_USAGE_OCCURRENCE('CAP-0805:1','CAP-0805:1',
'CAP-0805:1',#5875,#5876,'CAP-0805:1');
#1418=NEXT_ASSEMBLY_USAGE_OCCURRENCE('Board:1','Board:1','Board:1',#5709,
#5710,'Board:1');
#1419=NEXT_ASSEMBLY_USAGE_OCCURRENCE('R22:1','R22:1','R22:1',#5709,#5712,
'R22:1');
#1420=NEXT_ASSEMBLY_USAGE_OCCURRENCE('R2:1','R2:1','R2:1',#5709,#5713,
'R2:1');
#1421=NEXT_ASSEMBLY_USAGE_OCCURRENCE('R1:1','R1:1','R1:1',#5709,#5714,
'R1:1');
#1422=NEXT_ASSEMBLY_USAGE_OCCURRENCE('C2:1','C2:1','C2:1',#5709,#5715,
'C2:1');
#1423=NEXT_ASSEMBLY_USAGE_OCCURRENCE('Y1:1','Y1:1','Y1:1',#5709,#5716,
'Y1:1');
#1424=NEXT_ASSEMBLY_USAGE_OCCURRENCE('C1:1','C1:1','C1:1',#5709,#5719,
'C1:1');
#1425=NEXT_ASSEMBLY_USAGE_OCCURRENCE('M1:1','M1:1','M1:1',#5709,#5720,
'M1:1');
#1426=NEXT_ASSEMBLY_USAGE_OCCURRENCE('R7:1','R7:1','R7:1',#5709,#5795,
'R7:1');
#1427=NEXT_ASSEMBLY_USAGE_OCCURRENCE('L2:1','L2:1','L2:1',#5709,#5796,
'L2:1');
#1428=NEXT_ASSEMBLY_USAGE_OCCURRENCE('U3:1','U3:1','U3:1',#5709,#5798,
'U3:1');
#1429=NEXT_ASSEMBLY_USAGE_OCCURRENCE('R13:1','R13:1','R13:1',#5709,#5807,
'R13:1');
#1430=NEXT_ASSEMBLY_USAGE_OCCURRENCE('R9:1','R9:1','R9:1',#5709,#5808,
'R9:1');
#1431=NEXT_ASSEMBLY_USAGE_OCCURRENCE('R6:1','R6:1','R6:1',#5709,#5809,
'R6:1');
#1432=NEXT_ASSEMBLY_USAGE_OCCURRENCE('R5:1','R5:1','R5:1',#5709,#5810,
'R5:1');
#1433=NEXT_ASSEMBLY_USAGE_OCCURRENCE('R4:1','R4:1','R4:1',#5709,#5811,
'R4:1');
#1434=NEXT_ASSEMBLY_USAGE_OCCURRENCE('R20:1','R20:1','R20:1',#5709,#5812,
'R20:1');
#1435=NEXT_ASSEMBLY_USAGE_OCCURRENCE('R19:1','R19:1','R19:1',#5709,#5813,
'R19:1');
#1436=NEXT_ASSEMBLY_USAGE_OCCURRENCE('R17:1','R17:1','R17:1',#5709,#5814,
'R17:1');
#1437=NEXT_ASSEMBLY_USAGE_OCCURRENCE('R16:1','R16:1','R16:1',#5709,#5815,
'R16:1');
#1438=NEXT_ASSEMBLY_USAGE_OCCURRENCE('R15:1','R15:1','R15:1',#5709,#5816,
'R15:1');
#1439=NEXT_ASSEMBLY_USAGE_OCCURRENCE('R14:1','R14:1','R14:1',#5709,#5817,
'R14:1');
#1440=NEXT_ASSEMBLY_USAGE_OCCURRENCE('R12:1','R12:1','R12:1',#5709,#5818,
'R12:1');
#1441=NEXT_ASSEMBLY_USAGE_OCCURRENCE('R3:1','R3:1','R3:1',#5709,#5819,
'R3:1');
#1442=NEXT_ASSEMBLY_USAGE_OCCURRENCE('R8:1','R8:1','R8:1',#5709,#5820,
'R8:1');
#1443=NEXT_ASSEMBLY_USAGE_OCCURRENCE('Q1:1','Q1:1','Q1:1',#5709,#5821,
'Q1:1');
#1444=NEXT_ASSEMBLY_USAGE_OCCURRENCE('DL2:1','DL2:1','DL2:1',#5709,#5823,
'DL2:1');
#1445=NEXT_ASSEMBLY_USAGE_OCCURRENCE('C12 (1):1','C12 (1):1',
'C12 (1):1',#5709,#5824,'C12 (1):1');
#1446=NEXT_ASSEMBLY_USAGE_OCCURRENCE('C5 (1):1','C5 (1):1','C5 (1):1',#5709,
#5825,'C5 (1):1');
#1447=NEXT_ASSEMBLY_USAGE_OCCURRENCE('C4 (1):1','C4 (1):1','C4 (1):1',#5709,
#5826,'C4 (1):1');
#1448=NEXT_ASSEMBLY_USAGE_OCCURRENCE('C9 (1):1','C9 (1):1','C9 (1):1',#5709,
#5827,'C9 (1):1');
#1449=NEXT_ASSEMBLY_USAGE_OCCURRENCE('C21:1','C21:1','C21:1',#5709,#5828,
'C21:1');
#1450=NEXT_ASSEMBLY_USAGE_OCCURRENCE('C22:1','C22:1','C22:1',#5709,#5829,
'C22:1');
#1451=NEXT_ASSEMBLY_USAGE_OCCURRENCE('C23:1','C23:1','C23:1',#5709,#5830,
'C23:1');
#1452=NEXT_ASSEMBLY_USAGE_OCCURRENCE('U2:1','U2:1','U2:1',#5709,#5831,
'U2:1');
#1453=NEXT_ASSEMBLY_USAGE_OCCURRENCE('L3:1','L3:1','L3:1',#5709,#5838,
'L3:1');
#1454=NEXT_ASSEMBLY_USAGE_OCCURRENCE('C28:1','C28:1','C28:1',#5709,#5841,
'C28:1');
#1455=NEXT_ASSEMBLY_USAGE_OCCURRENCE('C25:1','C25:1','C25:1',#5709,#5843,
'C25:1');
#1456=NEXT_ASSEMBLY_USAGE_OCCURRENCE('C20:1','C20:1','C20:1',#5709,#5844,
'C20:1');
#1457=NEXT_ASSEMBLY_USAGE_OCCURRENCE('C27:1','C27:1','C27:1',#5709,#5846,
'C27:1');
#1458=NEXT_ASSEMBLY_USAGE_OCCURRENCE('C26:1','C26:1','C26:1',#5709,#5847,
'C26:1');
#1459=NEXT_ASSEMBLY_USAGE_OCCURRENCE('C24:1','C24:1','C24:1',#5709,#5848,
'C24:1');
#1460=NEXT_ASSEMBLY_USAGE_OCCURRENCE('R21:1','R21:1','R21:1',#5709,#5850,
'R21:1');
#1461=NEXT_ASSEMBLY_USAGE_OCCURRENCE('R18:1','R18:1','R18:1',#5709,#5851,
'R18:1');
#1462=NEXT_ASSEMBLY_USAGE_OCCURRENCE('D2:1','D2:1','D2:1',#5709,#5852,
'D2:1');
#1463=NEXT_ASSEMBLY_USAGE_OCCURRENCE('R11:1','R11:1','R11:1',#5709,#5858,
'R11:1');
#1464=NEXT_ASSEMBLY_USAGE_OCCURRENCE('R10:1','R10:1','R10:1',#5709,#5859,
'R10:1');
#1465=NEXT_ASSEMBLY_USAGE_OCCURRENCE('DL1:1','DL1:1','DL1:1',#5709,#5861,
'DL1:1');
#1466=NEXT_ASSEMBLY_USAGE_OCCURRENCE('DL3:1','DL3:1','DL3:1',#5709,#5863,
'DL3:1');
#1467=NEXT_ASSEMBLY_USAGE_OCCURRENCE('JP1:1','JP1:1','JP1:1',#5709,#5865,
'JP1:1');
#1468=NEXT_ASSEMBLY_USAGE_OCCURRENCE('JP2:1','JP2:1','JP2:1',#5709,#5866,
'JP2:1');
#1469=NEXT_ASSEMBLY_USAGE_OCCURRENCE('PB1:1','PB1:1','PB1:1',#5709,#5868,
'PB1:1');
#1470=NEXT_ASSEMBLY_USAGE_OCCURRENCE('J1:1','J1:1','J1:1',#5709,#5870,
'J1:1');
#1471=NEXT_ASSEMBLY_USAGE_OCCURRENCE('D1:1','D1:1','D1:1',#5709,#5873,
'D1:1');
#1472=NEXT_ASSEMBLY_USAGE_OCCURRENCE('C16 (1):1','C16 (1):1',
'C16 (1):1',#5709,#5875,'C16 (1):1');
#1473=DERIVED_UNIT_ELEMENT(#1573,1.);
#1474=DERIVED_UNIT_ELEMENT(#4907,-3.);
#1475=DERIVED_UNIT_ELEMENT(#1573,1.);
#1476=DERIVED_UNIT_ELEMENT(#4907,-3.);
#1477=DERIVED_UNIT_ELEMENT(#1573,1.);
#1478=DERIVED_UNIT_ELEMENT(#4907,-3.);
#1479=DERIVED_UNIT_ELEMENT(#1573,1.);
#1480=DERIVED_UNIT_ELEMENT(#4907,-3.);
#1481=DERIVED_UNIT_ELEMENT(#1573,1.);
#1482=DERIVED_UNIT_ELEMENT(#4907,-3.);
#1483=DERIVED_UNIT_ELEMENT(#1573,1.);
#1484=DERIVED_UNIT_ELEMENT(#4907,-3.);
#1485=DERIVED_UNIT_ELEMENT(#1573,1.);
#1486=DERIVED_UNIT_ELEMENT(#4907,-3.);
#1487=DERIVED_UNIT_ELEMENT(#1573,1.);
#1488=DERIVED_UNIT_ELEMENT(#4907,-3.);
#1489=DERIVED_UNIT_ELEMENT(#1573,1.);
#1490=DERIVED_UNIT_ELEMENT(#4907,-3.);
#1491=DERIVED_UNIT_ELEMENT(#1573,1.);
#1492=DERIVED_UNIT_ELEMENT(#4907,-3.);
#1493=DERIVED_UNIT_ELEMENT(#1573,1.);
#1494=DERIVED_UNIT_ELEMENT(#4907,-3.);
#1495=DERIVED_UNIT_ELEMENT(#1573,1.);
#1496=DERIVED_UNIT_ELEMENT(#4907,-3.);
#1497=DERIVED_UNIT_ELEMENT(#1573,1.);
#1498=DERIVED_UNIT_ELEMENT(#4907,-3.);
#1499=DERIVED_UNIT_ELEMENT(#1573,1.);
#1500=DERIVED_UNIT_ELEMENT(#4907,-3.);
#1501=DERIVED_UNIT_ELEMENT(#1573,1.);
#1502=DERIVED_UNIT_ELEMENT(#4907,-3.);
#1503=DERIVED_UNIT_ELEMENT(#1573,1.);
#1504=DERIVED_UNIT_ELEMENT(#4907,-3.);
#1505=DERIVED_UNIT_ELEMENT(#1573,1.);
#1506=DERIVED_UNIT_ELEMENT(#4907,-3.);
#1507=DERIVED_UNIT_ELEMENT(#1573,1.);
#1508=DERIVED_UNIT_ELEMENT(#4907,-3.);
#1509=DERIVED_UNIT_ELEMENT(#1573,1.);
#1510=DERIVED_UNIT_ELEMENT(#4907,-3.);
#1511=DERIVED_UNIT_ELEMENT(#1573,1.);
#1512=DERIVED_UNIT_ELEMENT(#4907,-3.);
#1513=DERIVED_UNIT_ELEMENT(#1573,1.);
#1514=DERIVED_UNIT_ELEMENT(#4907,-3.);
#1515=DERIVED_UNIT_ELEMENT(#1573,1.);
#1516=DERIVED_UNIT_ELEMENT(#4907,-3.);
#1517=DERIVED_UNIT_ELEMENT(#1573,1.);
#1518=DERIVED_UNIT_ELEMENT(#4907,-3.);
#1519=DERIVED_UNIT_ELEMENT(#1573,1.);
#1520=DERIVED_UNIT_ELEMENT(#4907,-3.);
#1521=DERIVED_UNIT_ELEMENT(#1573,1.);
#1522=DERIVED_UNIT_ELEMENT(#4907,-3.);
#1523=DERIVED_UNIT_ELEMENT(#1573,1.);
#1524=DERIVED_UNIT_ELEMENT(#4907,-3.);
#1525=DERIVED_UNIT_ELEMENT(#1573,1.);
#1526=DERIVED_UNIT_ELEMENT(#4907,-3.);
#1527=DERIVED_UNIT_ELEMENT(#1573,1.);
#1528=DERIVED_UNIT_ELEMENT(#4907,-3.);
#1529=DERIVED_UNIT_ELEMENT(#1573,1.);
#1530=DERIVED_UNIT_ELEMENT(#4907,-3.);
#1531=DERIVED_UNIT_ELEMENT(#1573,1.);
#1532=DERIVED_UNIT_ELEMENT(#4907,-3.);
#1533=DERIVED_UNIT_ELEMENT(#1573,1.);
#1534=DERIVED_UNIT_ELEMENT(#4907,-3.);
#1535=DERIVED_UNIT_ELEMENT(#1573,1.);
#1536=DERIVED_UNIT_ELEMENT(#4907,-3.);
#1537=DERIVED_UNIT_ELEMENT(#1573,1.);
#1538=DERIVED_UNIT_ELEMENT(#4907,-3.);
#1539=DERIVED_UNIT_ELEMENT(#1573,1.);
#1540=DERIVED_UNIT_ELEMENT(#4907,-3.);
#1541=DERIVED_UNIT_ELEMENT(#1573,1.);
#1542=DERIVED_UNIT_ELEMENT(#4907,-3.);
#1543=DERIVED_UNIT_ELEMENT(#1573,1.);
#1544=DERIVED_UNIT_ELEMENT(#4907,-3.);
#1545=DERIVED_UNIT_ELEMENT(#1573,1.);
#1546=DERIVED_UNIT_ELEMENT(#4907,-3.);
#1547=DERIVED_UNIT_ELEMENT(#1573,1.);
#1548=DERIVED_UNIT_ELEMENT(#4907,-3.);
#1549=DERIVED_UNIT_ELEMENT(#1573,1.);
#1550=DERIVED_UNIT_ELEMENT(#4907,-3.);
#1551=DERIVED_UNIT_ELEMENT(#1573,1.);
#1552=DERIVED_UNIT_ELEMENT(#4907,-3.);
#1553=DERIVED_UNIT_ELEMENT(#1573,1.);
#1554=DERIVED_UNIT_ELEMENT(#4907,-3.);
#1555=DERIVED_UNIT_ELEMENT(#1573,1.);
#1556=DERIVED_UNIT_ELEMENT(#4907,-3.);
#1557=DERIVED_UNIT_ELEMENT(#1573,1.);
#1558=DERIVED_UNIT_ELEMENT(#4907,-3.);
#1559=DERIVED_UNIT_ELEMENT(#1573,1.);
#1560=DERIVED_UNIT_ELEMENT(#4907,-3.);
#1561=DERIVED_UNIT_ELEMENT(#1573,1.);
#1562=DERIVED_UNIT_ELEMENT(#4907,-3.);
#1563=DERIVED_UNIT_ELEMENT(#1573,1.);
#1564=DERIVED_UNIT_ELEMENT(#4907,-3.);
#1565=DERIVED_UNIT_ELEMENT(#1573,1.);
#1566=DERIVED_UNIT_ELEMENT(#4907,-3.);
#1567=DERIVED_UNIT_ELEMENT(#1573,1.);
#1568=DERIVED_UNIT_ELEMENT(#4907,-3.);
#1569=DERIVED_UNIT_ELEMENT(#1573,1.);
#1570=DERIVED_UNIT_ELEMENT(#4907,-3.);
#1571=DERIVED_UNIT_ELEMENT(#1573,1.);
#1572=DERIVED_UNIT_ELEMENT(#4907,-3.);
#1573=(
MASS_UNIT()
NAMED_UNIT(*)
SI_UNIT(.KILO.,.GRAM.)
);
#1574=DERIVED_UNIT((#1473,#1474));
#1575=DERIVED_UNIT((#1475,#1476));
#1576=DERIVED_UNIT((#1477,#1478));
#1577=DERIVED_UNIT((#1479,#1480));
#1578=DERIVED_UNIT((#1481,#1482));
#1579=DERIVED_UNIT((#1483,#1484));
#1580=DERIVED_UNIT((#1485,#1486));
#1581=DERIVED_UNIT((#1487,#1488));
#1582=DERIVED_UNIT((#1489,#1490));
#1583=DERIVED_UNIT((#1491,#1492));
#1584=DERIVED_UNIT((#1493,#1494));
#1585=DERIVED_UNIT((#1495,#1496));
#1586=DERIVED_UNIT((#1497,#1498));
#1587=DERIVED_UNIT((#1499,#1500));
#1588=DERIVED_UNIT((#1501,#1502));
#1589=DERIVED_UNIT((#1503,#1504));
#1590=DERIVED_UNIT((#1505,#1506));
#1591=DERIVED_UNIT((#1507,#1508));
#1592=DERIVED_UNIT((#1509,#1510));
#1593=DERIVED_UNIT((#1511,#1512));
#1594=DERIVED_UNIT((#1513,#1514));
#1595=DERIVED_UNIT((#1515,#1516));
#1596=DERIVED_UNIT((#1517,#1518));
#1597=DERIVED_UNIT((#1519,#1520));
#1598=DERIVED_UNIT((#1521,#1522));
#1599=DERIVED_UNIT((#1523,#1524));
#1600=DERIVED_UNIT((#1525,#1526));
#1601=DERIVED_UNIT((#1527,#1528));
#1602=DERIVED_UNIT((#1529,#1530));
#1603=DERIVED_UNIT((#1531,#1532));
#1604=DERIVED_UNIT((#1533,#1534));
#1605=DERIVED_UNIT((#1535,#1536));
#1606=DERIVED_UNIT((#1537,#1538));
#1607=DERIVED_UNIT((#1539,#1540));
#1608=DERIVED_UNIT((#1541,#1542));
#1609=DERIVED_UNIT((#1543,#1544));
#1610=DERIVED_UNIT((#1545,#1546));
#1611=DERIVED_UNIT((#1547,#1548));
#1612=DERIVED_UNIT((#1549,#1550));
#1613=DERIVED_UNIT((#1551,#1552));
#1614=DERIVED_UNIT((#1553,#1554));
#1615=DERIVED_UNIT((#1555,#1556));
#1616=DERIVED_UNIT((#1557,#1558));
#1617=DERIVED_UNIT((#1559,#1560));
#1618=DERIVED_UNIT((#1561,#1562));
#1619=DERIVED_UNIT((#1563,#1564));
#1620=DERIVED_UNIT((#1565,#1566));
#1621=DERIVED_UNIT((#1567,#1568));
#1622=DERIVED_UNIT((#1569,#1570));
#1623=DERIVED_UNIT((#1571,#1572));
#1624=MEASURE_REPRESENTATION_ITEM('density measure',
POSITIVE_RATIO_MEASURE(7850.),#1574);
#1625=MEASURE_REPRESENTATION_ITEM('density measure',
POSITIVE_RATIO_MEASURE(7850.),#1575);
#1626=MEASURE_REPRESENTATION_ITEM('density measure',
POSITIVE_RATIO_MEASURE(7850.),#1576);
#1627=MEASURE_REPRESENTATION_ITEM('density measure',
POSITIVE_RATIO_MEASURE(7850.),#1577);
#1628=MEASURE_REPRESENTATION_ITEM('density measure',
POSITIVE_RATIO_MEASURE(7850.),#1578);
#1629=MEASURE_REPRESENTATION_ITEM('density measure',
POSITIVE_RATIO_MEASURE(1000.),#1579);
#1630=MEASURE_REPRESENTATION_ITEM('density measure',
POSITIVE_RATIO_MEASURE(7850.),#1580);
#1631=MEASURE_REPRESENTATION_ITEM('density measure',
POSITIVE_RATIO_MEASURE(7850.),#1581);
#1632=MEASURE_REPRESENTATION_ITEM('density measure',
POSITIVE_RATIO_MEASURE(7850.),#1582);
#1633=MEASURE_REPRESENTATION_ITEM('density measure',
POSITIVE_RATIO_MEASURE(7850.),#1583);
#1634=MEASURE_REPRESENTATION_ITEM('density measure',
POSITIVE_RATIO_MEASURE(7850.),#1584);
#1635=MEASURE_REPRESENTATION_ITEM('density measure',
POSITIVE_RATIO_MEASURE(7850.),#1585);
#1636=MEASURE_REPRESENTATION_ITEM('density measure',
POSITIVE_RATIO_MEASURE(7850.),#1586);
#1637=MEASURE_REPRESENTATION_ITEM('density measure',
POSITIVE_RATIO_MEASURE(7850.),#1587);
#1638=MEASURE_REPRESENTATION_ITEM('density measure',
POSITIVE_RATIO_MEASURE(7850.),#1588);
#1639=MEASURE_REPRESENTATION_ITEM('density measure',
POSITIVE_RATIO_MEASURE(7850.),#1589);
#1640=MEASURE_REPRESENTATION_ITEM('density measure',
POSITIVE_RATIO_MEASURE(7850.),#1590);
#1641=MEASURE_REPRESENTATION_ITEM('density measure',
POSITIVE_RATIO_MEASURE(7850.),#1591);
#1642=MEASURE_REPRESENTATION_ITEM('density measure',
POSITIVE_RATIO_MEASURE(7850.),#1592);
#1643=MEASURE_REPRESENTATION_ITEM('density measure',
POSITIVE_RATIO_MEASURE(7850.),#1593);
#1644=MEASURE_REPRESENTATION_ITEM('density measure',
POSITIVE_RATIO_MEASURE(7850.),#1594);
#1645=MEASURE_REPRESENTATION_ITEM('density measure',
POSITIVE_RATIO_MEASURE(7850.),#1595);
#1646=MEASURE_REPRESENTATION_ITEM('density measure',
POSITIVE_RATIO_MEASURE(7850.),#1596);
#1647=MEASURE_REPRESENTATION_ITEM('density measure',
POSITIVE_RATIO_MEASURE(7850.),#1597);
#1648=MEASURE_REPRESENTATION_ITEM('density measure',
POSITIVE_RATIO_MEASURE(7850.),#1598);
#1649=MEASURE_REPRESENTATION_ITEM('density measure',
POSITIVE_RATIO_MEASURE(7850.),#1599);
#1650=MEASURE_REPRESENTATION_ITEM('density measure',
POSITIVE_RATIO_MEASURE(7850.),#1600);
#1651=MEASURE_REPRESENTATION_ITEM('density measure',
POSITIVE_RATIO_MEASURE(7850.),#1601);
#1652=MEASURE_REPRESENTATION_ITEM('density measure',
POSITIVE_RATIO_MEASURE(7850.),#1602);
#1653=MEASURE_REPRESENTATION_ITEM('density measure',
POSITIVE_RATIO_MEASURE(7850.),#1603);
#1654=MEASURE_REPRESENTATION_ITEM('density measure',
POSITIVE_RATIO_MEASURE(7850.),#1604);
#1655=MEASURE_REPRESENTATION_ITEM('density measure',
POSITIVE_RATIO_MEASURE(7850.),#1605);
#1656=MEASURE_REPRESENTATION_ITEM('density measure',
POSITIVE_RATIO_MEASURE(7850.),#1606);
#1657=MEASURE_REPRESENTATION_ITEM('density measure',
POSITIVE_RATIO_MEASURE(7850.),#1607);
#1658=MEASURE_REPRESENTATION_ITEM('density measure',
POSITIVE_RATIO_MEASURE(7850.),#1608);
#1659=MEASURE_REPRESENTATION_ITEM('density measure',
POSITIVE_RATIO_MEASURE(7850.),#1609);
#1660=MEASURE_REPRESENTATION_ITEM('density measure',
POSITIVE_RATIO_MEASURE(7850.),#1610);
#1661=MEASURE_REPRESENTATION_ITEM('density measure',
POSITIVE_RATIO_MEASURE(1000.),#1611);
#1662=MEASURE_REPRESENTATION_ITEM('density measure',
POSITIVE_RATIO_MEASURE(7850.),#1612);
#1663=MEASURE_REPRESENTATION_ITEM('density measure',
POSITIVE_RATIO_MEASURE(7850.),#1613);
#1664=MEASURE_REPRESENTATION_ITEM('density measure',
POSITIVE_RATIO_MEASURE(7.85),#1614);
#1665=MEASURE_REPRESENTATION_ITEM('density measure',
POSITIVE_RATIO_MEASURE(7.85),#1615);
#1666=MEASURE_REPRESENTATION_ITEM('density measure',
POSITIVE_RATIO_MEASURE(1000.),#1616);
#1667=MEASURE_REPRESENTATION_ITEM('density measure',
POSITIVE_RATIO_MEASURE(1000.),#1617);
#1668=MEASURE_REPRESENTATION_ITEM('density measure',
POSITIVE_RATIO_MEASURE(1000.),#1618);
#1669=MEASURE_REPRESENTATION_ITEM('density measure',
POSITIVE_RATIO_MEASURE(7850.),#1619);
#1670=MEASURE_REPRESENTATION_ITEM('density measure',
POSITIVE_RATIO_MEASURE(1000.),#1620);
#1671=MEASURE_REPRESENTATION_ITEM('density measure',
POSITIVE_RATIO_MEASURE(7850.),#1621);
#1672=MEASURE_REPRESENTATION_ITEM('density measure',
POSITIVE_RATIO_MEASURE(1000.),#1622);
#1673=MEASURE_REPRESENTATION_ITEM('density measure',
POSITIVE_RATIO_MEASURE(7850.),#1623);
#1674=PROPERTY_DEFINITION_REPRESENTATION(#1924,#1774);
#1675=PROPERTY_DEFINITION_REPRESENTATION(#1925,#1775);
#1676=PROPERTY_DEFINITION_REPRESENTATION(#1926,#1776);
#1677=PROPERTY_DEFINITION_REPRESENTATION(#1927,#1777);
#1678=PROPERTY_DEFINITION_REPRESENTATION(#1928,#1778);
#1679=PROPERTY_DEFINITION_REPRESENTATION(#1929,#1779);
#1680=PROPERTY_DEFINITION_REPRESENTATION(#1930,#1780);
#1681=PROPERTY_DEFINITION_REPRESENTATION(#1931,#1781);
#1682=PROPERTY_DEFINITION_REPRESENTATION(#1932,#1782);
#1683=PROPERTY_DEFINITION_REPRESENTATION(#1933,#1783);
#1684=PROPERTY_DEFINITION_REPRESENTATION(#1934,#1784);
#1685=PROPERTY_DEFINITION_REPRESENTATION(#1935,#1785);
#1686=PROPERTY_DEFINITION_REPRESENTATION(#1936,#1786);
#1687=PROPERTY_DEFINITION_REPRESENTATION(#1937,#1787);
#1688=PROPERTY_DEFINITION_REPRESENTATION(#1938,#1788);
#1689=PROPERTY_DEFINITION_REPRESENTATION(#1939,#1789);
#1690=PROPERTY_DEFINITION_REPRESENTATION(#1940,#1790);
#1691=PROPERTY_DEFINITION_REPRESENTATION(#1941,#1791);
#1692=PROPERTY_DEFINITION_REPRESENTATION(#1942,#1792);
#1693=PROPERTY_DEFINITION_REPRESENTATION(#1943,#1793);
#1694=PROPERTY_DEFINITION_REPRESENTATION(#1944,#1794);
#1695=PROPERTY_DEFINITION_REPRESENTATION(#1945,#1795);
#1696=PROPERTY_DEFINITION_REPRESENTATION(#1946,#1796);
#1697=PROPERTY_DEFINITION_REPRESENTATION(#1947,#1797);
#1698=PROPERTY_DEFINITION_REPRESENTATION(#1948,#1798);
#1699=PROPERTY_DEFINITION_REPRESENTATION(#1949,#1799);
#1700=PROPERTY_DEFINITION_REPRESENTATION(#1950,#1800);
#1701=PROPERTY_DEFINITION_REPRESENTATION(#1951,#1801);
#1702=PROPERTY_DEFINITION_REPRESENTATION(#1952,#1802);
#1703=PROPERTY_DEFINITION_REPRESENTATION(#1953,#1803);
#1704=PROPERTY_DEFINITION_REPRESENTATION(#1954,#1804);
#1705=PROPERTY_DEFINITION_REPRESENTATION(#1955,#1805);
#1706=PROPERTY_DEFINITION_REPRESENTATION(#1956,#1806);
#1707=PROPERTY_DEFINITION_REPRESENTATION(#1957,#1807);
#1708=PROPERTY_DEFINITION_REPRESENTATION(#1958,#1808);
#1709=PROPERTY_DEFINITION_REPRESENTATION(#1959,#1809);
#1710=PROPERTY_DEFINITION_REPRESENTATION(#1960,#1810);
#1711=PROPERTY_DEFINITION_REPRESENTATION(#1961,#1811);
#1712=PROPERTY_DEFINITION_REPRESENTATION(#1962,#1812);
#1713=PROPERTY_DEFINITION_REPRESENTATION(#1963,#1813);
#1714=PROPERTY_DEFINITION_REPRESENTATION(#1964,#1814);
#1715=PROPERTY_DEFINITION_REPRESENTATION(#1965,#1815);
#1716=PROPERTY_DEFINITION_REPRESENTATION(#1966,#1816);
#1717=PROPERTY_DEFINITION_REPRESENTATION(#1967,#1817);
#1718=PROPERTY_DEFINITION_REPRESENTATION(#1968,#1818);
#1719=PROPERTY_DEFINITION_REPRESENTATION(#1969,#1819);
#1720=PROPERTY_DEFINITION_REPRESENTATION(#1970,#1820);
#1721=PROPERTY_DEFINITION_REPRESENTATION(#1971,#1821);
#1722=PROPERTY_DEFINITION_REPRESENTATION(#1972,#1822);
#1723=PROPERTY_DEFINITION_REPRESENTATION(#1973,#1823);
#1724=PROPERTY_DEFINITION_REPRESENTATION(#1974,#1824);
#1725=PROPERTY_DEFINITION_REPRESENTATION(#1975,#1825);
#1726=PROPERTY_DEFINITION_REPRESENTATION(#1976,#1826);
#1727=PROPERTY_DEFINITION_REPRESENTATION(#1977,#1827);
#1728=PROPERTY_DEFINITION_REPRESENTATION(#1978,#1828);
#1729=PROPERTY_DEFINITION_REPRESENTATION(#1979,#1829);
#1730=PROPERTY_DEFINITION_REPRESENTATION(#1980,#1830);
#1731=PROPERTY_DEFINITION_REPRESENTATION(#1981,#1831);
#1732=PROPERTY_DEFINITION_REPRESENTATION(#1982,#1832);
#1733=PROPERTY_DEFINITION_REPRESENTATION(#1983,#1833);
#1734=PROPERTY_DEFINITION_REPRESENTATION(#1984,#1834);
#1735=PROPERTY_DEFINITION_REPRESENTATION(#1985,#1835);
#1736=PROPERTY_DEFINITION_REPRESENTATION(#1986,#1836);
#1737=PROPERTY_DEFINITION_REPRESENTATION(#1987,#1837);
#1738=PROPERTY_DEFINITION_REPRESENTATION(#1988,#1838);
#1739=PROPERTY_DEFINITION_REPRESENTATION(#1989,#1839);
#1740=PROPERTY_DEFINITION_REPRESENTATION(#1990,#1840);
#1741=PROPERTY_DEFINITION_REPRESENTATION(#1991,#1841);
#1742=PROPERTY_DEFINITION_REPRESENTATION(#1992,#1842);
#1743=PROPERTY_DEFINITION_REPRESENTATION(#1993,#1843);
#1744=PROPERTY_DEFINITION_REPRESENTATION(#1994,#1844);
#1745=PROPERTY_DEFINITION_REPRESENTATION(#1995,#1845);
#1746=PROPERTY_DEFINITION_REPRESENTATION(#1996,#1846);
#1747=PROPERTY_DEFINITION_REPRESENTATION(#1997,#1847);
#1748=PROPERTY_DEFINITION_REPRESENTATION(#1998,#1848);
#1749=PROPERTY_DEFINITION_REPRESENTATION(#1999,#1849);
#1750=PROPERTY_DEFINITION_REPRESENTATION(#2000,#1850);
#1751=PROPERTY_DEFINITION_REPRESENTATION(#2001,#1851);
#1752=PROPERTY_DEFINITION_REPRESENTATION(#2002,#1852);
#1753=PROPERTY_DEFINITION_REPRESENTATION(#2003,#1853);
#1754=PROPERTY_DEFINITION_REPRESENTATION(#2004,#1854);
#1755=PROPERTY_DEFINITION_REPRESENTATION(#2005,#1855);
#1756=PROPERTY_DEFINITION_REPRESENTATION(#2006,#1856);
#1757=PROPERTY_DEFINITION_REPRESENTATION(#2007,#1857);
#1758=PROPERTY_DEFINITION_REPRESENTATION(#2008,#1858);
#1759=PROPERTY_DEFINITION_REPRESENTATION(#2009,#1859);
#1760=PROPERTY_DEFINITION_REPRESENTATION(#2010,#1860);
#1761=PROPERTY_DEFINITION_REPRESENTATION(#2011,#1861);
#1762=PROPERTY_DEFINITION_REPRESENTATION(#2012,#1862);
#1763=PROPERTY_DEFINITION_REPRESENTATION(#2013,#1863);
#1764=PROPERTY_DEFINITION_REPRESENTATION(#2014,#1864);
#1765=PROPERTY_DEFINITION_REPRESENTATION(#2015,#1865);
#1766=PROPERTY_DEFINITION_REPRESENTATION(#2016,#1866);
#1767=PROPERTY_DEFINITION_REPRESENTATION(#2017,#1867);
#1768=PROPERTY_DEFINITION_REPRESENTATION(#2018,#1868);
#1769=PROPERTY_DEFINITION_REPRESENTATION(#2019,#1869);
#1770=PROPERTY_DEFINITION_REPRESENTATION(#2020,#1870);
#1771=PROPERTY_DEFINITION_REPRESENTATION(#2021,#1871);
#1772=PROPERTY_DEFINITION_REPRESENTATION(#2022,#1872);
#1773=PROPERTY_DEFINITION_REPRESENTATION(#2023,#1873);
#1774=REPRESENTATION('material name',(#1874),#4739);
#1775=REPRESENTATION('density',(#1624),#4739);
#1776=REPRESENTATION('material name',(#1875),#4746);
#1777=REPRESENTATION('density',(#1625),#4746);
#1778=REPRESENTATION('material name',(#1876),#4751);
#1779=REPRESENTATION('density',(#1626),#4751);
#1780=REPRESENTATION('material name',(#1877),#4756);
#1781=REPRESENTATION('density',(#1627),#4756);
#1782=REPRESENTATION('material name',(#1878),#4758);
#1783=REPRESENTATION('density',(#1628),#4758);
#1784=REPRESENTATION('material name',(#1879),#4761);
#1785=REPRESENTATION('density',(#1629),#4761);
#1786=REPRESENTATION('material name',(#1880),#4762);
#1787=REPRESENTATION('density',(#1630),#4762);
#1788=REPRESENTATION('material name',(#1881),#4763);
#1789=REPRESENTATION('density',(#1631),#4763);
#1790=REPRESENTATION('material name',(#1882),#4767);
#1791=REPRESENTATION('density',(#1632),#4767);
#1792=REPRESENTATION('material name',(#1883),#4770);
#1793=REPRESENTATION('density',(#1633),#4770);
#1794=REPRESENTATION('material name',(#1884),#4772);
#1795=REPRESENTATION('density',(#1634),#4772);
#1796=REPRESENTATION('material name',(#1885),#4783);
#1797=REPRESENTATION('density',(#1635),#4783);
#1798=REPRESENTATION('material name',(#1886),#4787);
#1799=REPRESENTATION('density',(#1636),#4787);
#1800=REPRESENTATION('material name',(#1887),#4789);
#1801=REPRESENTATION('density',(#1637),#4789);
#1802=REPRESENTATION('material name',(#1888),#4790);
#1803=REPRESENTATION('density',(#1638),#4790);
#1804=REPRESENTATION('material name',(#1889),#4791);
#1805=REPRESENTATION('density',(#1639),#4791);
#1806=REPRESENTATION('material name',(#1890),#4792);
#1807=REPRESENTATION('density',(#1640),#4792);
#1808=REPRESENTATION('material name',(#1891),#4793);
#1809=REPRESENTATION('density',(#1641),#4793);
#1810=REPRESENTATION('material name',(#1892),#4794);
#1811=REPRESENTATION('density',(#1642),#4794);
#1812=REPRESENTATION('material name',(#1893),#4797);
#1813=REPRESENTATION('density',(#1643),#4797);
#1814=REPRESENTATION('material name',(#1894),#4801);
#1815=REPRESENTATION('density',(#1644),#4801);
#1816=REPRESENTATION('material name',(#1895),#4812);
#1817=REPRESENTATION('density',(#1645),#4812);
#1818=REPRESENTATION('material name',(#1896),#4814);
#1819=REPRESENTATION('density',(#1646),#4814);
#1820=REPRESENTATION('material name',(#1897),#4817);
#1821=REPRESENTATION('density',(#1647),#4817);
#1822=REPRESENTATION('material name',(#1898),#4820);
#1823=REPRESENTATION('density',(#1648),#4820);
#1824=REPRESENTATION('material name',(#1899),#4822);
#1825=REPRESENTATION('density',(#1649),#4822);
#1826=REPRESENTATION('material name',(#1900),#4825);
#1827=REPRESENTATION('density',(#1650),#4825);
#1828=REPRESENTATION('material name',(#1901),#4828);
#1829=REPRESENTATION('density',(#1651),#4828);
#1830=REPRESENTATION('material name',(#1902),#4830);
#1831=REPRESENTATION('density',(#1652),#4830);
#1832=REPRESENTATION('material name',(#1903),#4831);
#1833=REPRESENTATION('density',(#1653),#4831);
#1834=REPRESENTATION('material name',(#1904),#4833);
#1835=REPRESENTATION('density',(#1654),#4833);
#1836=REPRESENTATION('material name',(#1905),#4834);
#1837=REPRESENTATION('density',(#1655),#4834);
#1838=REPRESENTATION('material name',(#1906),#4850);
#1839=REPRESENTATION('density',(#1656),#4850);
#1840=REPRESENTATION('material name',(#1907),#4861);
#1841=REPRESENTATION('density',(#1657),#4861);
#1842=REPRESENTATION('material name',(#1908),#4863);
#1843=REPRESENTATION('density',(#1658),#4863);
#1844=REPRESENTATION('material name',(#1909),#4865);
#1845=REPRESENTATION('density',(#1659),#4865);
#1846=REPRESENTATION('material name',(#1910),#4868);
#1847=REPRESENTATION('density',(#1660),#4868);
#1848=REPRESENTATION('material name',(#1911),#4870);
#1849=REPRESENTATION('density',(#1661),#4870);
#1850=REPRESENTATION('material name',(#1912),#4873);
#1851=REPRESENTATION('density',(#1662),#4873);
#1852=REPRESENTATION('material name',(#1913),#4877);
#1853=REPRESENTATION('density',(#1663),#4877);
#1854=REPRESENTATION('material name',(#1914),#4884);
#1855=REPRESENTATION('density',(#1664),#4884);
#1856=REPRESENTATION('material name',(#1915),#4885);
#1857=REPRESENTATION('density',(#1665),#4885);
#1858=REPRESENTATION('material name',(#1916),#4888);
#1859=REPRESENTATION('density',(#1666),#4888);
#1860=REPRESENTATION('material name',(#1917),#4890);
#1861=REPRESENTATION('density',(#1667),#4890);
#1862=REPRESENTATION('material name',(#1918),#4892);
#1863=REPRESENTATION('density',(#1668),#4892);
#1864=REPRESENTATION('material name',(#1919),#4895);
#1865=REPRESENTATION('density',(#1669),#4895);
#1866=REPRESENTATION('material name',(#1920),#4897);
#1867=REPRESENTATION('density',(#1670),#4897);
#1868=REPRESENTATION('material name',(#1921),#4900);
#1869=REPRESENTATION('density',(#1671),#4900);
#1870=REPRESENTATION('material name',(#1922),#4902);
#1871=REPRESENTATION('density',(#1672),#4902);
#1872=REPRESENTATION('material name',(#1923),#4904);
#1873=REPRESENTATION('density',(#1673),#4904);
#1874=DESCRIPTIVE_REPRESENTATION_ITEM('Acier','Acier');
#1875=DESCRIPTIVE_REPRESENTATION_ITEM('Acier','Acier');
#1876=DESCRIPTIVE_REPRESENTATION_ITEM('Acier','Acier');
#1877=DESCRIPTIVE_REPRESENTATION_ITEM('Acier','Acier');
#1878=DESCRIPTIVE_REPRESENTATION_ITEM('Acier','Acier');
#1879=DESCRIPTIVE_REPRESENTATION_ITEM('G\X\E9n\X\E9rique','G\X\E9n\X\E9
rique');
#1880=DESCRIPTIVE_REPRESENTATION_ITEM('Acier','Acier');
#1881=DESCRIPTIVE_REPRESENTATION_ITEM('Acier','Acier');
#1882=DESCRIPTIVE_REPRESENTATION_ITEM('Acier','Acier');
#1883=DESCRIPTIVE_REPRESENTATION_ITEM('Acier','Acier');
#1884=DESCRIPTIVE_REPRESENTATION_ITEM('Acier','Acier');
#1885=DESCRIPTIVE_REPRESENTATION_ITEM('Acier','Acier');
#1886=DESCRIPTIVE_REPRESENTATION_ITEM('Acier','Acier');
#1887=DESCRIPTIVE_REPRESENTATION_ITEM('Acier','Acier');
#1888=DESCRIPTIVE_REPRESENTATION_ITEM('Acier','Acier');
#1889=DESCRIPTIVE_REPRESENTATION_ITEM('Acier','Acier');
#1890=DESCRIPTIVE_REPRESENTATION_ITEM('Acier','Acier');
#1891=DESCRIPTIVE_REPRESENTATION_ITEM('Acier','Acier');
#1892=DESCRIPTIVE_REPRESENTATION_ITEM('Acier','Acier');
#1893=DESCRIPTIVE_REPRESENTATION_ITEM('Acier','Acier');
#1894=DESCRIPTIVE_REPRESENTATION_ITEM('Acier','Acier');
#1895=DESCRIPTIVE_REPRESENTATION_ITEM('Acier','Acier');
#1896=DESCRIPTIVE_REPRESENTATION_ITEM('Acier','Acier');
#1897=DESCRIPTIVE_REPRESENTATION_ITEM('Acier','Acier');
#1898=DESCRIPTIVE_REPRESENTATION_ITEM('Acier','Acier');
#1899=DESCRIPTIVE_REPRESENTATION_ITEM('Acier','Acier');
#1900=DESCRIPTIVE_REPRESENTATION_ITEM('Acier','Acier');
#1901=DESCRIPTIVE_REPRESENTATION_ITEM('Acier','Acier');
#1902=DESCRIPTIVE_REPRESENTATION_ITEM('Acier','Acier');
#1903=DESCRIPTIVE_REPRESENTATION_ITEM('Acier','Acier');
#1904=DESCRIPTIVE_REPRESENTATION_ITEM('Acier','Acier');
#1905=DESCRIPTIVE_REPRESENTATION_ITEM('Acier','Acier');
#1906=DESCRIPTIVE_REPRESENTATION_ITEM('Acier','Acier');
#1907=DESCRIPTIVE_REPRESENTATION_ITEM('Acier','Acier');
#1908=DESCRIPTIVE_REPRESENTATION_ITEM('Acier','Acier');
#1909=DESCRIPTIVE_REPRESENTATION_ITEM('Acier','Acier');
#1910=DESCRIPTIVE_REPRESENTATION_ITEM('Acier','Acier');
#1911=DESCRIPTIVE_REPRESENTATION_ITEM('\X2\04220438043F043E0432044B0435\X0\',
'\X2\04220438043F043E0432044B0435\X0\');
#1912=DESCRIPTIVE_REPRESENTATION_ITEM('Acier','Acier');
#1913=DESCRIPTIVE_REPRESENTATION_ITEM('Acier','Acier');
#1914=DESCRIPTIVE_REPRESENTATION_ITEM('Acier','Acier');
#1915=DESCRIPTIVE_REPRESENTATION_ITEM('Acier','Acier');
#1916=DESCRIPTIVE_REPRESENTATION_ITEM('\X2\04220438043F043E0432044B0435\X0\',
'\X2\04220438043F043E0432044B0435\X0\');
#1917=DESCRIPTIVE_REPRESENTATION_ITEM('\X2\04220438043F043E0432044B0435\X0\',
'\X2\04220438043F043E0432044B0435\X0\');
#1918=DESCRIPTIVE_REPRESENTATION_ITEM('\X2\04220438043F043E0432044B0435\X0\',
'\X2\04220438043F043E0432044B0435\X0\');
#1919=DESCRIPTIVE_REPRESENTATION_ITEM('Acier','Acier');
#1920=DESCRIPTIVE_REPRESENTATION_ITEM('\X2\04220438043F043E0432044B0435\X0\',
'\X2\04220438043F043E0432044B0435\X0\');
#1921=DESCRIPTIVE_REPRESENTATION_ITEM('Acier','Acier');
#1922=DESCRIPTIVE_REPRESENTATION_ITEM('\X2\04220438043F043E0432044B0435\X0\',
'\X2\04220438043F043E0432044B0435\X0\');
#1923=DESCRIPTIVE_REPRESENTATION_ITEM('Acier','Acier');
#1924=PROPERTY_DEFINITION('material property','material name',#5711);
#1925=PROPERTY_DEFINITION('material property','density of part',#5711);
#1926=PROPERTY_DEFINITION('material property','material name',#5718);
#1927=PROPERTY_DEFINITION('material property','density of part',#5718);
#1928=PROPERTY_DEFINITION('material property','material name',#5723);
#1929=PROPERTY_DEFINITION('material property','density of part',#5723);
#1930=PROPERTY_DEFINITION('material property','material name',#5728);
#1931=PROPERTY_DEFINITION('material property','density of part',#5728);
#1932=PROPERTY_DEFINITION('material property','material name',#5730);
#1933=PROPERTY_DEFINITION('material property','density of part',#5730);
#1934=PROPERTY_DEFINITION('material property','material name',#5733);
#1935=PROPERTY_DEFINITION('material property','density of part',#5733);
#1936=PROPERTY_DEFINITION('material property','material name',#5734);
#1937=PROPERTY_DEFINITION('material property','density of part',#5734);
#1938=PROPERTY_DEFINITION('material property','material name',#5735);
#1939=PROPERTY_DEFINITION('material property','density of part',#5735);
#1940=PROPERTY_DEFINITION('material property','material name',#5739);
#1941=PROPERTY_DEFINITION('material property','density of part',#5739);
#1942=PROPERTY_DEFINITION('material property','material name',#5742);
#1943=PROPERTY_DEFINITION('material property','density of part',#5742);
#1944=PROPERTY_DEFINITION('material property','material name',#5744);
#1945=PROPERTY_DEFINITION('material property','density of part',#5744);
#1946=PROPERTY_DEFINITION('material property','material name',#5755);
#1947=PROPERTY_DEFINITION('material property','density of part',#5755);
#1948=PROPERTY_DEFINITION('material property','material name',#5759);
#1949=PROPERTY_DEFINITION('material property','density of part',#5759);
#1950=PROPERTY_DEFINITION('material property','material name',#5761);
#1951=PROPERTY_DEFINITION('material property','density of part',#5761);
#1952=PROPERTY_DEFINITION('material property','material name',#5762);
#1953=PROPERTY_DEFINITION('material property','density of part',#5762);
#1954=PROPERTY_DEFINITION('material property','material name',#5763);
#1955=PROPERTY_DEFINITION('material property','density of part',#5763);
#1956=PROPERTY_DEFINITION('material property','material name',#5764);
#1957=PROPERTY_DEFINITION('material property','density of part',#5764);
#1958=PROPERTY_DEFINITION('material property','material name',#5765);
#1959=PROPERTY_DEFINITION('material property','density of part',#5765);
#1960=PROPERTY_DEFINITION('material property','material name',#5766);
#1961=PROPERTY_DEFINITION('material property','density of part',#5766);
#1962=PROPERTY_DEFINITION('material property','material name',#5769);
#1963=PROPERTY_DEFINITION('material property','density of part',#5769);
#1964=PROPERTY_DEFINITION('material property','material name',#5773);
#1965=PROPERTY_DEFINITION('material property','density of part',#5773);
#1966=PROPERTY_DEFINITION('material property','material name',#5784);
#1967=PROPERTY_DEFINITION('material property','density of part',#5784);
#1968=PROPERTY_DEFINITION('material property','material name',#5786);
#1969=PROPERTY_DEFINITION('material property','density of part',#5786);
#1970=PROPERTY_DEFINITION('material property','material name',#5789);
#1971=PROPERTY_DEFINITION('material property','density of part',#5789);
#1972=PROPERTY_DEFINITION('material property','material name',#5792);
#1973=PROPERTY_DEFINITION('material property','density of part',#5792);
#1974=PROPERTY_DEFINITION('material property','material name',#5794);
#1975=PROPERTY_DEFINITION('material property','density of part',#5794);
#1976=PROPERTY_DEFINITION('material property','material name',#5797);
#1977=PROPERTY_DEFINITION('material property','density of part',#5797);
#1978=PROPERTY_DEFINITION('material property','material name',#5800);
#1979=PROPERTY_DEFINITION('material property','density of part',#5800);
#1980=PROPERTY_DEFINITION('material property','material name',#5802);
#1981=PROPERTY_DEFINITION('material property','density of part',#5802);
#1982=PROPERTY_DEFINITION('material property','material name',#5803);
#1983=PROPERTY_DEFINITION('material property','density of part',#5803);
#1984=PROPERTY_DEFINITION('material property','material name',#5805);
#1985=PROPERTY_DEFINITION('material property','density of part',#5805);
#1986=PROPERTY_DEFINITION('material property','material name',#5806);
#1987=PROPERTY_DEFINITION('material property','density of part',#5806);
#1988=PROPERTY_DEFINITION('material property','material name',#5822);
#1989=PROPERTY_DEFINITION('material property','density of part',#5822);
#1990=PROPERTY_DEFINITION('material property','material name',#5833);
#1991=PROPERTY_DEFINITION('material property','density of part',#5833);
#1992=PROPERTY_DEFINITION('material property','material name',#5835);
#1993=PROPERTY_DEFINITION('material property','density of part',#5835);
#1994=PROPERTY_DEFINITION('material property','material name',#5837);
#1995=PROPERTY_DEFINITION('material property','density of part',#5837);
#1996=PROPERTY_DEFINITION('material property','material name',#5840);
#1997=PROPERTY_DEFINITION('material property','density of part',#5840);
#1998=PROPERTY_DEFINITION('material property','material name',#5842);
#1999=PROPERTY_DEFINITION('material property','density of part',#5842);
#2000=PROPERTY_DEFINITION('material property','material name',#5845);
#2001=PROPERTY_DEFINITION('material property','density of part',#5845);
#2002=PROPERTY_DEFINITION('material property','material name',#5849);
#2003=PROPERTY_DEFINITION('material property','density of part',#5849);
#2004=PROPERTY_DEFINITION('material property','material name',#5856);
#2005=PROPERTY_DEFINITION('material property','density of part',#5856);
#2006=PROPERTY_DEFINITION('material property','material name',#5857);
#2007=PROPERTY_DEFINITION('material property','density of part',#5857);
#2008=PROPERTY_DEFINITION('material property','material name',#5860);
#2009=PROPERTY_DEFINITION('material property','density of part',#5860);
#2010=PROPERTY_DEFINITION('material property','material name',#5862);
#2011=PROPERTY_DEFINITION('material property','density of part',#5862);
#2012=PROPERTY_DEFINITION('material property','material name',#5864);
#2013=PROPERTY_DEFINITION('material property','density of part',#5864);
#2014=PROPERTY_DEFINITION('material property','material name',#5867);
#2015=PROPERTY_DEFINITION('material property','density of part',#5867);
#2016=PROPERTY_DEFINITION('material property','material name',#5869);
#2017=PROPERTY_DEFINITION('material property','density of part',#5869);
#2018=PROPERTY_DEFINITION('material property','material name',#5872);
#2019=PROPERTY_DEFINITION('material property','density of part',#5872);
#2020=PROPERTY_DEFINITION('material property','material name',#5874);
#2021=PROPERTY_DEFINITION('material property','density of part',#5874);
#2022=PROPERTY_DEFINITION('material property','material name',#5876);
#2023=PROPERTY_DEFINITION('material property','density of part',#5876);
#2024=AXIS2_PLACEMENT_3D('',#3481,#2500,#2501);
#2025=AXIS2_PLACEMENT_3D('',#3482,#2502,#2503);
#2026=AXIS2_PLACEMENT_3D('',#3483,#2504,#2505);
#2027=AXIS2_PLACEMENT_3D('',#3484,#2506,#2507);
#2028=AXIS2_PLACEMENT_3D('',#3485,#2508,#2509);
#2029=AXIS2_PLACEMENT_3D('',#3486,#2510,#2511);
#2030=AXIS2_PLACEMENT_3D('',#3487,#2512,#2513);
#2031=AXIS2_PLACEMENT_3D('',#3488,#2514,#2515);
#2032=AXIS2_PLACEMENT_3D('',#3489,#2516,#2517);
#2033=AXIS2_PLACEMENT_3D('',#3490,#2518,#2519);
#2034=AXIS2_PLACEMENT_3D('',#3491,#2520,#2521);
#2035=AXIS2_PLACEMENT_3D('',#3492,#2522,#2523);
#2036=AXIS2_PLACEMENT_3D('',#3493,#2524,#2525);
#2037=AXIS2_PLACEMENT_3D('',#3494,#2526,#2527);
#2038=AXIS2_PLACEMENT_3D('',#3495,#2528,#2529);
#2039=AXIS2_PLACEMENT_3D('',#3496,#2530,#2531);
#2040=AXIS2_PLACEMENT_3D('',#3497,#2532,#2533);
#2041=AXIS2_PLACEMENT_3D('',#3498,#2534,#2535);
#2042=AXIS2_PLACEMENT_3D('',#3499,#2536,#2537);
#2043=AXIS2_PLACEMENT_3D('',#3500,#2538,#2539);
#2044=AXIS2_PLACEMENT_3D('',#3501,#2540,#2541);
#2045=AXIS2_PLACEMENT_3D('',#3502,#2542,#2543);
#2046=AXIS2_PLACEMENT_3D('',#3503,#2544,#2545);
#2047=AXIS2_PLACEMENT_3D('',#3504,#2546,#2547);
#2048=AXIS2_PLACEMENT_3D('',#3505,#2548,#2549);
#2049=AXIS2_PLACEMENT_3D('',#3506,#2550,#2551);
#2050=AXIS2_PLACEMENT_3D('',#3507,#2552,#2553);
#2051=AXIS2_PLACEMENT_3D('',#3508,#2554,#2555);
#2052=AXIS2_PLACEMENT_3D('',#3509,#2556,#2557);
#2053=AXIS2_PLACEMENT_3D('',#3510,#2558,#2559);
#2054=AXIS2_PLACEMENT_3D('',#3511,#2560,#2561);
#2055=AXIS2_PLACEMENT_3D('',#3512,#2562,#2563);
#2056=AXIS2_PLACEMENT_3D('',#3513,#2564,#2565);
#2057=AXIS2_PLACEMENT_3D('',#3514,#2566,#2567);
#2058=AXIS2_PLACEMENT_3D('',#3515,#2568,#2569);
#2059=AXIS2_PLACEMENT_3D('',#3516,#2570,#2571);
#2060=AXIS2_PLACEMENT_3D('',#3517,#2572,#2573);
#2061=AXIS2_PLACEMENT_3D('',#3518,#2574,#2575);
#2062=AXIS2_PLACEMENT_3D('',#3519,#2576,#2577);
#2063=AXIS2_PLACEMENT_3D('',#3520,#2578,#2579);
#2064=AXIS2_PLACEMENT_3D('',#3521,#2580,#2581);
#2065=AXIS2_PLACEMENT_3D('',#3522,#2582,#2583);
#2066=AXIS2_PLACEMENT_3D('',#3523,#2584,#2585);
#2067=AXIS2_PLACEMENT_3D('',#3524,#2586,#2587);
#2068=AXIS2_PLACEMENT_3D('',#3525,#2588,#2589);
#2069=AXIS2_PLACEMENT_3D('',#3526,#2590,#2591);
#2070=AXIS2_PLACEMENT_3D('',#3527,#2592,#2593);
#2071=AXIS2_PLACEMENT_3D('',#3528,#2594,#2595);
#2072=AXIS2_PLACEMENT_3D('',#3529,#2596,#2597);
#2073=AXIS2_PLACEMENT_3D('',#3530,#2598,#2599);
#2074=AXIS2_PLACEMENT_3D('',#3531,#2600,#2601);
#2075=AXIS2_PLACEMENT_3D('',#3532,#2602,#2603);
#2076=AXIS2_PLACEMENT_3D('',#3533,#2604,#2605);
#2077=AXIS2_PLACEMENT_3D('',#3534,#2606,#2607);
#2078=AXIS2_PLACEMENT_3D('',#3535,#2608,#2609);
#2079=AXIS2_PLACEMENT_3D('',#3536,#2610,#2611);
#2080=AXIS2_PLACEMENT_3D('',#3537,#2612,#2613);
#2081=AXIS2_PLACEMENT_3D('',#3538,#2614,#2615);
#2082=AXIS2_PLACEMENT_3D('',#3539,#2616,#2617);
#2083=AXIS2_PLACEMENT_3D('',#3540,#2618,#2619);
#2084=AXIS2_PLACEMENT_3D('',#3541,#2620,#2621);
#2085=AXIS2_PLACEMENT_3D('',#3542,#2622,#2623);
#2086=AXIS2_PLACEMENT_3D('',#3543,#2624,#2625);
#2087=AXIS2_PLACEMENT_3D('',#3544,#2626,#2627);
#2088=AXIS2_PLACEMENT_3D('',#3545,#2628,#2629);
#2089=AXIS2_PLACEMENT_3D('',#3546,#2630,#2631);
#2090=AXIS2_PLACEMENT_3D('',#3547,#2632,#2633);
#2091=AXIS2_PLACEMENT_3D('',#3548,#2634,#2635);
#2092=AXIS2_PLACEMENT_3D('',#3549,#2636,#2637);
#2093=AXIS2_PLACEMENT_3D('',#3550,#2638,#2639);
#2094=AXIS2_PLACEMENT_3D('',#3551,#2640,#2641);
#2095=AXIS2_PLACEMENT_3D('',#3552,#2642,#2643);
#2096=AXIS2_PLACEMENT_3D('',#3553,#2644,#2645);
#2097=AXIS2_PLACEMENT_3D('',#3554,#2646,#2647);
#2098=AXIS2_PLACEMENT_3D('',#3555,#2648,#2649);
#2099=AXIS2_PLACEMENT_3D('',#3556,#2650,#2651);
#2100=AXIS2_PLACEMENT_3D('',#3557,#2652,#2653);
#2101=AXIS2_PLACEMENT_3D('',#3558,#2654,#2655);
#2102=AXIS2_PLACEMENT_3D('',#3559,#2656,#2657);
#2103=AXIS2_PLACEMENT_3D('',#3560,#2658,#2659);
#2104=AXIS2_PLACEMENT_3D('',#3561,#2660,#2661);
#2105=AXIS2_PLACEMENT_3D('',#3562,#2662,#2663);
#2106=AXIS2_PLACEMENT_3D('',#3563,#2664,#2665);
#2107=AXIS2_PLACEMENT_3D('',#3564,#2666,#2667);
#2108=AXIS2_PLACEMENT_3D('',#3565,#2668,#2669);
#2109=AXIS2_PLACEMENT_3D('',#3566,#2670,#2671);
#2110=AXIS2_PLACEMENT_3D('',#3567,#2672,#2673);
#2111=AXIS2_PLACEMENT_3D('',#3568,#2674,#2675);
#2112=AXIS2_PLACEMENT_3D('',#3569,#2676,#2677);
#2113=AXIS2_PLACEMENT_3D('',#3570,#2678,#2679);
#2114=AXIS2_PLACEMENT_3D('',#3571,#2680,#2681);
#2115=AXIS2_PLACEMENT_3D('',#3572,#2682,#2683);
#2116=AXIS2_PLACEMENT_3D('',#3573,#2684,#2685);
#2117=AXIS2_PLACEMENT_3D('',#3574,#2686,#2687);
#2118=AXIS2_PLACEMENT_3D('',#3575,#2688,#2689);
#2119=AXIS2_PLACEMENT_3D('',#3576,#2690,#2691);
#2120=AXIS2_PLACEMENT_3D('',#3577,#2692,#2693);
#2121=AXIS2_PLACEMENT_3D('',#3578,#2694,#2695);
#2122=AXIS2_PLACEMENT_3D('',#3579,#2696,#2697);
#2123=AXIS2_PLACEMENT_3D('',#3580,#2698,#2699);
#2124=AXIS2_PLACEMENT_3D('',#3581,#2700,#2701);
#2125=AXIS2_PLACEMENT_3D('',#3582,#2702,#2703);
#2126=AXIS2_PLACEMENT_3D('',#3583,#2704,#2705);
#2127=AXIS2_PLACEMENT_3D('',#3584,#2706,#2707);
#2128=AXIS2_PLACEMENT_3D('',#3585,#2708,#2709);
#2129=AXIS2_PLACEMENT_3D('',#3586,#2710,#2711);
#2130=AXIS2_PLACEMENT_3D('',#3587,#2712,#2713);
#2131=AXIS2_PLACEMENT_3D('',#3588,#2714,#2715);
#2132=AXIS2_PLACEMENT_3D('',#3589,#2716,#2717);
#2133=AXIS2_PLACEMENT_3D('',#3590,#2718,#2719);
#2134=AXIS2_PLACEMENT_3D('',#3591,#2720,#2721);
#2135=AXIS2_PLACEMENT_3D('',#3592,#2722,#2723);
#2136=AXIS2_PLACEMENT_3D('',#3593,#2724,#2725);
#2137=AXIS2_PLACEMENT_3D('',#3594,#2726,#2727);
#2138=AXIS2_PLACEMENT_3D('',#3595,#2728,#2729);
#2139=AXIS2_PLACEMENT_3D('',#3596,#2730,#2731);
#2140=AXIS2_PLACEMENT_3D('',#3597,#2732,#2733);
#2141=AXIS2_PLACEMENT_3D('',#3598,#2734,#2735);
#2142=AXIS2_PLACEMENT_3D('',#3599,#2736,#2737);
#2143=AXIS2_PLACEMENT_3D('',#3600,#2738,#2739);
#2144=AXIS2_PLACEMENT_3D('',#3601,#2740,#2741);
#2145=AXIS2_PLACEMENT_3D('',#3602,#2742,#2743);
#2146=AXIS2_PLACEMENT_3D('',#3603,#2744,#2745);
#2147=AXIS2_PLACEMENT_3D('',#3604,#2746,#2747);
#2148=AXIS2_PLACEMENT_3D('',#3605,#2748,#2749);
#2149=AXIS2_PLACEMENT_3D('',#3606,#2750,#2751);
#2150=AXIS2_PLACEMENT_3D('',#3607,#2752,#2753);
#2151=AXIS2_PLACEMENT_3D('',#3608,#2754,#2755);
#2152=AXIS2_PLACEMENT_3D('',#3609,#2756,#2757);
#2153=AXIS2_PLACEMENT_3D('',#3610,#2758,#2759);
#2154=AXIS2_PLACEMENT_3D('',#3611,#2760,#2761);
#2155=AXIS2_PLACEMENT_3D('',#3612,#2762,#2763);
#2156=AXIS2_PLACEMENT_3D('',#3613,#2764,#2765);
#2157=AXIS2_PLACEMENT_3D('',#3614,#2766,#2767);
#2158=AXIS2_PLACEMENT_3D('',#3615,#2768,#2769);
#2159=AXIS2_PLACEMENT_3D('',#3616,#2770,#2771);
#2160=AXIS2_PLACEMENT_3D('',#3617,#2772,#2773);
#2161=AXIS2_PLACEMENT_3D('',#3618,#2774,#2775);
#2162=AXIS2_PLACEMENT_3D('',#3619,#2776,#2777);
#2163=AXIS2_PLACEMENT_3D('',#3620,#2778,#2779);
#2164=AXIS2_PLACEMENT_3D('',#3621,#2780,#2781);
#2165=AXIS2_PLACEMENT_3D('',#3622,#2782,#2783);
#2166=AXIS2_PLACEMENT_3D('',#3623,#2784,#2785);
#2167=AXIS2_PLACEMENT_3D('',#3624,#2786,#2787);
#2168=AXIS2_PLACEMENT_3D('',#3625,#2788,#2789);
#2169=AXIS2_PLACEMENT_3D('',#3626,#2790,#2791);
#2170=AXIS2_PLACEMENT_3D('',#3627,#2792,#2793);
#2171=AXIS2_PLACEMENT_3D('',#3628,#2794,#2795);
#2172=AXIS2_PLACEMENT_3D('',#3629,#2796,#2797);
#2173=AXIS2_PLACEMENT_3D('',#3630,#2798,#2799);
#2174=AXIS2_PLACEMENT_3D('',#3631,#2800,#2801);
#2175=AXIS2_PLACEMENT_3D('',#3632,#2802,#2803);
#2176=AXIS2_PLACEMENT_3D('',#3633,#2804,#2805);
#2177=AXIS2_PLACEMENT_3D('',#3634,#2806,#2807);
#2178=AXIS2_PLACEMENT_3D('',#3635,#2808,#2809);
#2179=AXIS2_PLACEMENT_3D('',#3636,#2810,#2811);
#2180=AXIS2_PLACEMENT_3D('',#3637,#2812,#2813);
#2181=AXIS2_PLACEMENT_3D('',#3638,#2814,#2815);
#2182=AXIS2_PLACEMENT_3D('',#3639,#2816,#2817);
#2183=AXIS2_PLACEMENT_3D('',#3640,#2818,#2819);
#2184=AXIS2_PLACEMENT_3D('',#3641,#2820,#2821);
#2185=AXIS2_PLACEMENT_3D('',#3642,#2822,#2823);
#2186=AXIS2_PLACEMENT_3D('',#3643,#2824,#2825);
#2187=AXIS2_PLACEMENT_3D('',#3644,#2826,#2827);
#2188=AXIS2_PLACEMENT_3D('',#3645,#2828,#2829);
#2189=AXIS2_PLACEMENT_3D('',#3646,#2830,#2831);
#2190=AXIS2_PLACEMENT_3D('',#3647,#2832,#2833);
#2191=AXIS2_PLACEMENT_3D('',#3648,#2834,#2835);
#2192=AXIS2_PLACEMENT_3D('',#3649,#2836,#2837);
#2193=AXIS2_PLACEMENT_3D('',#3650,#2838,#2839);
#2194=AXIS2_PLACEMENT_3D('',#3651,#2840,#2841);
#2195=AXIS2_PLACEMENT_3D('',#3652,#2842,#2843);
#2196=AXIS2_PLACEMENT_3D('',#3653,#2844,#2845);
#2197=AXIS2_PLACEMENT_3D('',#3654,#2846,#2847);
#2198=AXIS2_PLACEMENT_3D('',#3655,#2848,#2849);
#2199=AXIS2_PLACEMENT_3D('',#3656,#2850,#2851);
#2200=AXIS2_PLACEMENT_3D('',#3657,#2852,#2853);
#2201=AXIS2_PLACEMENT_3D('',#3658,#2854,#2855);
#2202=AXIS2_PLACEMENT_3D('',#3659,#2856,#2857);
#2203=AXIS2_PLACEMENT_3D('',#3660,#2858,#2859);
#2204=AXIS2_PLACEMENT_3D('',#3661,#2860,#2861);
#2205=AXIS2_PLACEMENT_3D('',#3662,#2862,#2863);
#2206=AXIS2_PLACEMENT_3D('',#3663,#2864,#2865);
#2207=AXIS2_PLACEMENT_3D('',#3664,#2866,#2867);
#2208=AXIS2_PLACEMENT_3D('',#3665,#2868,#2869);
#2209=AXIS2_PLACEMENT_3D('',#3666,#2870,#2871);
#2210=AXIS2_PLACEMENT_3D('',#3667,#2872,#2873);
#2211=AXIS2_PLACEMENT_3D('',#3668,#2874,#2875);
#2212=AXIS2_PLACEMENT_3D('',#3669,#2876,#2877);
#2213=AXIS2_PLACEMENT_3D('',#3670,#2878,#2879);
#2214=AXIS2_PLACEMENT_3D('',#3671,#2880,#2881);
#2215=AXIS2_PLACEMENT_3D('',#3672,#2882,#2883);
#2216=AXIS2_PLACEMENT_3D('',#3673,#2884,#2885);
#2217=AXIS2_PLACEMENT_3D('',#3674,#2886,#2887);
#2218=AXIS2_PLACEMENT_3D('',#3675,#2888,#2889);
#2219=AXIS2_PLACEMENT_3D('',#3676,#2890,#2891);
#2220=AXIS2_PLACEMENT_3D('',#3677,#2892,#2893);
#2221=AXIS2_PLACEMENT_3D('',#3678,#2894,#2895);
#2222=AXIS2_PLACEMENT_3D('',#3679,#2896,#2897);
#2223=AXIS2_PLACEMENT_3D('',#3680,#2898,#2899);
#2224=AXIS2_PLACEMENT_3D('',#3681,#2900,#2901);
#2225=AXIS2_PLACEMENT_3D('',#3682,#2902,#2903);
#2226=AXIS2_PLACEMENT_3D('',#3683,#2904,#2905);
#2227=AXIS2_PLACEMENT_3D('',#3684,#2906,#2907);
#2228=AXIS2_PLACEMENT_3D('',#3685,#2908,#2909);
#2229=AXIS2_PLACEMENT_3D('',#3686,#2910,#2911);
#2230=AXIS2_PLACEMENT_3D('',#3687,#2912,#2913);
#2231=AXIS2_PLACEMENT_3D('',#3688,#2914,#2915);
#2232=AXIS2_PLACEMENT_3D('',#3689,#2916,#2917);
#2233=AXIS2_PLACEMENT_3D('',#3690,#2918,#2919);
#2234=AXIS2_PLACEMENT_3D('',#3691,#2920,#2921);
#2235=AXIS2_PLACEMENT_3D('',#3692,#2922,#2923);
#2236=AXIS2_PLACEMENT_3D('',#3693,#2924,#2925);
#2237=AXIS2_PLACEMENT_3D('',#3694,#2926,#2927);
#2238=AXIS2_PLACEMENT_3D('',#3695,#2928,#2929);
#2239=AXIS2_PLACEMENT_3D('',#3696,#2930,#2931);
#2240=AXIS2_PLACEMENT_3D('',#3697,#2932,#2933);
#2241=AXIS2_PLACEMENT_3D('',#3698,#2934,#2935);
#2242=AXIS2_PLACEMENT_3D('',#3699,#2936,#2937);
#2243=AXIS2_PLACEMENT_3D('',#3700,#2938,#2939);
#2244=AXIS2_PLACEMENT_3D('',#3701,#2940,#2941);
#2245=AXIS2_PLACEMENT_3D('',#3702,#2942,#2943);
#2246=AXIS2_PLACEMENT_3D('',#3703,#2944,#2945);
#2247=AXIS2_PLACEMENT_3D('',#3704,#2946,#2947);
#2248=AXIS2_PLACEMENT_3D('',#3705,#2948,#2949);
#2249=AXIS2_PLACEMENT_3D('',#3706,#2950,#2951);
#2250=AXIS2_PLACEMENT_3D('',#3707,#2952,#2953);
#2251=AXIS2_PLACEMENT_3D('',#3708,#2954,#2955);
#2252=AXIS2_PLACEMENT_3D('',#3709,#2956,#2957);
#2253=AXIS2_PLACEMENT_3D('',#3710,#2958,#2959);
#2254=AXIS2_PLACEMENT_3D('',#3711,#2960,#2961);
#2255=AXIS2_PLACEMENT_3D('',#3712,#2962,#2963);
#2256=AXIS2_PLACEMENT_3D('',#3713,#2964,#2965);
#2257=AXIS2_PLACEMENT_3D('',#3714,#2966,#2967);
#2258=AXIS2_PLACEMENT_3D('',#3715,#2968,#2969);
#2259=AXIS2_PLACEMENT_3D('',#3716,#2970,#2971);
#2260=AXIS2_PLACEMENT_3D('',#3717,#2972,#2973);
#2261=AXIS2_PLACEMENT_3D('',#3718,#2974,#2975);
#2262=AXIS2_PLACEMENT_3D('',#3719,#2976,#2977);
#2263=AXIS2_PLACEMENT_3D('',#3720,#2978,#2979);
#2264=AXIS2_PLACEMENT_3D('',#3721,#2980,#2981);
#2265=AXIS2_PLACEMENT_3D('',#3722,#2982,#2983);
#2266=AXIS2_PLACEMENT_3D('',#3723,#2984,#2985);
#2267=AXIS2_PLACEMENT_3D('',#3724,#2986,#2987);
#2268=AXIS2_PLACEMENT_3D('',#3725,#2988,#2989);
#2269=AXIS2_PLACEMENT_3D('',#3726,#2990,#2991);
#2270=AXIS2_PLACEMENT_3D('',#3727,#2992,#2993);
#2271=AXIS2_PLACEMENT_3D('',#3728,#2994,#2995);
#2272=AXIS2_PLACEMENT_3D('',#3729,#2996,#2997);
#2273=AXIS2_PLACEMENT_3D('',#3730,#2998,#2999);
#2274=AXIS2_PLACEMENT_3D('',#3731,#3000,#3001);
#2275=AXIS2_PLACEMENT_3D('',#3732,#3002,#3003);
#2276=AXIS2_PLACEMENT_3D('',#3733,#3004,#3005);
#2277=AXIS2_PLACEMENT_3D('',#3734,#3006,#3007);
#2278=AXIS2_PLACEMENT_3D('',#3735,#3008,#3009);
#2279=AXIS2_PLACEMENT_3D('',#3736,#3010,#3011);
#2280=AXIS2_PLACEMENT_3D('',#3737,#3012,#3013);
#2281=AXIS2_PLACEMENT_3D('',#3738,#3014,#3015);
#2282=AXIS2_PLACEMENT_3D('',#3739,#3016,#3017);
#2283=AXIS2_PLACEMENT_3D('',#3740,#3018,#3019);
#2284=AXIS2_PLACEMENT_3D('',#3741,#3020,#3021);
#2285=AXIS2_PLACEMENT_3D('',#3742,#3022,#3023);
#2286=AXIS2_PLACEMENT_3D('',#3743,#3024,#3025);
#2287=AXIS2_PLACEMENT_3D('',#3744,#3026,#3027);
#2288=AXIS2_PLACEMENT_3D('',#3745,#3028,#3029);
#2289=AXIS2_PLACEMENT_3D('',#3746,#3030,#3031);
#2290=AXIS2_PLACEMENT_3D('',#3747,#3032,#3033);
#2291=AXIS2_PLACEMENT_3D('',#3748,#3034,#3035);
#2292=AXIS2_PLACEMENT_3D('',#3749,#3036,#3037);
#2293=AXIS2_PLACEMENT_3D('',#3750,#3038,#3039);
#2294=AXIS2_PLACEMENT_3D('',#3751,#3040,#3041);
#2295=AXIS2_PLACEMENT_3D('',#3752,#3042,#3043);
#2296=AXIS2_PLACEMENT_3D('',#3753,#3044,#3045);
#2297=AXIS2_PLACEMENT_3D('',#3754,#3046,#3047);
#2298=AXIS2_PLACEMENT_3D('',#3755,#3048,#3049);
#2299=AXIS2_PLACEMENT_3D('',#3756,#3050,#3051);
#2300=AXIS2_PLACEMENT_3D('',#3757,#3052,#3053);
#2301=AXIS2_PLACEMENT_3D('',#3758,#3054,#3055);
#2302=AXIS2_PLACEMENT_3D('',#3759,#3056,#3057);
#2303=AXIS2_PLACEMENT_3D('',#3760,#3058,#3059);
#2304=AXIS2_PLACEMENT_3D('',#3761,#3060,#3061);
#2305=AXIS2_PLACEMENT_3D('',#3762,#3062,#3063);
#2306=AXIS2_PLACEMENT_3D('',#3763,#3064,#3065);
#2307=AXIS2_PLACEMENT_3D('',#3764,#3066,#3067);
#2308=AXIS2_PLACEMENT_3D('',#3765,#3068,#3069);
#2309=AXIS2_PLACEMENT_3D('',#3766,#3070,#3071);
#2310=AXIS2_PLACEMENT_3D('',#3767,#3072,#3073);
#2311=AXIS2_PLACEMENT_3D('',#3768,#3074,#3075);
#2312=AXIS2_PLACEMENT_3D('',#3769,#3076,#3077);
#2313=AXIS2_PLACEMENT_3D('',#3770,#3078,#3079);
#2314=AXIS2_PLACEMENT_3D('',#3771,#3080,#3081);
#2315=AXIS2_PLACEMENT_3D('',#3772,#3082,#3083);
#2316=AXIS2_PLACEMENT_3D('',#3773,#3084,#3085);
#2317=AXIS2_PLACEMENT_3D('',#3774,#3086,#3087);
#2318=AXIS2_PLACEMENT_3D('',#3775,#3088,#3089);
#2319=AXIS2_PLACEMENT_3D('',#3776,#3090,#3091);
#2320=AXIS2_PLACEMENT_3D('',#3777,#3092,#3093);
#2321=AXIS2_PLACEMENT_3D('',#3778,#3094,#3095);
#2322=AXIS2_PLACEMENT_3D('',#3779,#3096,#3097);
#2323=AXIS2_PLACEMENT_3D('',#3780,#3098,#3099);
#2324=AXIS2_PLACEMENT_3D('',#3781,#3100,#3101);
#2325=AXIS2_PLACEMENT_3D('',#3782,#3102,#3103);
#2326=AXIS2_PLACEMENT_3D('',#3783,#3104,#3105);
#2327=AXIS2_PLACEMENT_3D('',#3784,#3106,#3107);
#2328=AXIS2_PLACEMENT_3D('',#3785,#3108,#3109);
#2329=AXIS2_PLACEMENT_3D('',#3786,#3110,#3111);
#2330=AXIS2_PLACEMENT_3D('',#3787,#3112,#3113);
#2331=AXIS2_PLACEMENT_3D('',#3788,#3114,#3115);
#2332=AXIS2_PLACEMENT_3D('',#3789,#3116,#3117);
#2333=AXIS2_PLACEMENT_3D('',#3790,#3118,#3119);
#2334=AXIS2_PLACEMENT_3D('',#3791,#3120,#3121);
#2335=AXIS2_PLACEMENT_3D('',#3792,#3122,#3123);
#2336=AXIS2_PLACEMENT_3D('',#3793,#3124,#3125);
#2337=AXIS2_PLACEMENT_3D('',#3794,#3126,#3127);
#2338=AXIS2_PLACEMENT_3D('',#3795,#3128,#3129);
#2339=AXIS2_PLACEMENT_3D('',#3796,#3130,#3131);
#2340=AXIS2_PLACEMENT_3D('',#3797,#3132,#3133);
#2341=AXIS2_PLACEMENT_3D('',#3798,#3134,#3135);
#2342=AXIS2_PLACEMENT_3D('',#3799,#3136,#3137);
#2343=AXIS2_PLACEMENT_3D('',#3800,#3138,#3139);
#2344=AXIS2_PLACEMENT_3D('',#3801,#3140,#3141);
#2345=AXIS2_PLACEMENT_3D('',#3802,#3142,#3143);
#2346=AXIS2_PLACEMENT_3D('',#3803,#3144,#3145);
#2347=AXIS2_PLACEMENT_3D('',#3804,#3146,#3147);
#2348=AXIS2_PLACEMENT_3D('',#3805,#3148,#3149);
#2349=AXIS2_PLACEMENT_3D('',#3806,#3150,#3151);
#2350=AXIS2_PLACEMENT_3D('',#3807,#3152,#3153);
#2351=AXIS2_PLACEMENT_3D('',#3808,#3154,#3155);
#2352=AXIS2_PLACEMENT_3D('',#3809,#3156,#3157);
#2353=AXIS2_PLACEMENT_3D('',#3810,#3158,#3159);
#2354=AXIS2_PLACEMENT_3D('',#3811,#3160,#3161);
#2355=AXIS2_PLACEMENT_3D('',#3812,#3162,#3163);
#2356=AXIS2_PLACEMENT_3D('',#3813,#3164,#3165);
#2357=AXIS2_PLACEMENT_3D('',#3814,#3166,#3167);
#2358=AXIS2_PLACEMENT_3D('',#3815,#3168,#3169);
#2359=AXIS2_PLACEMENT_3D('',#3816,#3170,#3171);
#2360=AXIS2_PLACEMENT_3D('',#3817,#3172,#3173);
#2361=AXIS2_PLACEMENT_3D('',#3818,#3174,#3175);
#2362=AXIS2_PLACEMENT_3D('',#3819,#3176,#3177);
#2363=AXIS2_PLACEMENT_3D('',#3820,#3178,#3179);
#2364=AXIS2_PLACEMENT_3D('',#3821,#3180,#3181);
#2365=AXIS2_PLACEMENT_3D('',#3822,#3182,#3183);
#2366=AXIS2_PLACEMENT_3D('',#3823,#3184,#3185);
#2367=AXIS2_PLACEMENT_3D('',#3824,#3186,#3187);
#2368=AXIS2_PLACEMENT_3D('',#3825,#3188,#3189);
#2369=AXIS2_PLACEMENT_3D('',#3826,#3190,#3191);
#2370=AXIS2_PLACEMENT_3D('',#3827,#3192,#3193);
#2371=AXIS2_PLACEMENT_3D('',#3828,#3194,#3195);
#2372=AXIS2_PLACEMENT_3D('',#3829,#3196,#3197);
#2373=AXIS2_PLACEMENT_3D('',#3830,#3198,#3199);
#2374=AXIS2_PLACEMENT_3D('',#3831,#3200,#3201);
#2375=AXIS2_PLACEMENT_3D('',#3832,#3202,#3203);
#2376=AXIS2_PLACEMENT_3D('',#3833,#3204,#3205);
#2377=AXIS2_PLACEMENT_3D('',#3834,#3206,#3207);
#2378=AXIS2_PLACEMENT_3D('',#3835,#3208,#3209);
#2379=AXIS2_PLACEMENT_3D('',#3836,#3210,#3211);
#2380=AXIS2_PLACEMENT_3D('',#3837,#3212,#3213);
#2381=AXIS2_PLACEMENT_3D('',#3838,#3214,#3215);
#2382=AXIS2_PLACEMENT_3D('',#3839,#3216,#3217);
#2383=AXIS2_PLACEMENT_3D('',#3840,#3218,#3219);
#2384=AXIS2_PLACEMENT_3D('',#3841,#3220,#3221);
#2385=AXIS2_PLACEMENT_3D('',#3842,#3222,#3223);
#2386=AXIS2_PLACEMENT_3D('',#3843,#3224,#3225);
#2387=AXIS2_PLACEMENT_3D('',#3844,#3226,#3227);
#2388=AXIS2_PLACEMENT_3D('',#3845,#3228,#3229);
#2389=AXIS2_PLACEMENT_3D('',#3846,#3230,#3231);
#2390=AXIS2_PLACEMENT_3D('',#3847,#3232,#3233);
#2391=AXIS2_PLACEMENT_3D('',#3848,#3234,#3235);
#2392=AXIS2_PLACEMENT_3D('',#3849,#3236,#3237);
#2393=AXIS2_PLACEMENT_3D('',#3850,#3238,#3239);
#2394=AXIS2_PLACEMENT_3D('',#3851,#3240,#3241);
#2395=AXIS2_PLACEMENT_3D('',#3852,#3242,#3243);
#2396=AXIS2_PLACEMENT_3D('',#3853,#3244,#3245);
#2397=AXIS2_PLACEMENT_3D('',#3854,#3246,#3247);
#2398=AXIS2_PLACEMENT_3D('',#3855,#3248,#3249);
#2399=AXIS2_PLACEMENT_3D('',#3856,#3250,#3251);
#2400=AXIS2_PLACEMENT_3D('',#3857,#3252,#3253);
#2401=AXIS2_PLACEMENT_3D('',#3858,#3254,#3255);
#2402=AXIS2_PLACEMENT_3D('',#3859,#3256,#3257);
#2403=AXIS2_PLACEMENT_3D('',#3860,#3258,#3259);
#2404=AXIS2_PLACEMENT_3D('',#3861,#3260,#3261);
#2405=AXIS2_PLACEMENT_3D('',#3862,#3262,#3263);
#2406=AXIS2_PLACEMENT_3D('',#3863,#3264,#3265);
#2407=AXIS2_PLACEMENT_3D('',#3864,#3266,#3267);
#2408=AXIS2_PLACEMENT_3D('',#3865,#3268,#3269);
#2409=AXIS2_PLACEMENT_3D('',#3866,#3270,#3271);
#2410=AXIS2_PLACEMENT_3D('',#3867,#3272,#3273);
#2411=AXIS2_PLACEMENT_3D('',#3868,#3274,#3275);
#2412=AXIS2_PLACEMENT_3D('',#3869,#3276,#3277);
#2413=AXIS2_PLACEMENT_3D('',#3870,#3278,#3279);
#2414=AXIS2_PLACEMENT_3D('',#3871,#3280,#3281);
#2415=AXIS2_PLACEMENT_3D('',#3872,#3282,#3283);
#2416=AXIS2_PLACEMENT_3D('',#3873,#3284,#3285);
#2417=AXIS2_PLACEMENT_3D('',#3874,#3286,#3287);
#2418=AXIS2_PLACEMENT_3D('',#3875,#3288,#3289);
#2419=AXIS2_PLACEMENT_3D('',#3876,#3290,#3291);
#2420=AXIS2_PLACEMENT_3D('',#3877,#3292,#3293);
#2421=AXIS2_PLACEMENT_3D('',#3878,#3294,#3295);
#2422=AXIS2_PLACEMENT_3D('',#3879,#3296,#3297);
#2423=AXIS2_PLACEMENT_3D('',#3880,#3298,#3299);
#2424=AXIS2_PLACEMENT_3D('',#3881,#3300,#3301);
#2425=AXIS2_PLACEMENT_3D('',#3882,#3302,#3303);
#2426=AXIS2_PLACEMENT_3D('',#3883,#3304,#3305);
#2427=AXIS2_PLACEMENT_3D('',#3884,#3306,#3307);
#2428=AXIS2_PLACEMENT_3D('',#3885,#3308,#3309);
#2429=AXIS2_PLACEMENT_3D('',#3886,#3310,#3311);
#2430=AXIS2_PLACEMENT_3D('',#3887,#3312,#3313);
#2431=AXIS2_PLACEMENT_3D('',#3888,#3314,#3315);
#2432=AXIS2_PLACEMENT_3D('',#3890,#3316,#3317);
#2433=AXIS2_PLACEMENT_3D('',#3893,#3319,#3320);
#2434=AXIS2_PLACEMENT_3D('',#4039,#3323,#3324);
#2435=AXIS2_PLACEMENT_3D('',#4448,#3333,#3334);
#2436=AXIS2_PLACEMENT_3D('',#4478,#3341,#3342);
#2437=AXIS2_PLACEMENT_3D('',#4486,#3346,#3347);
#2438=AXIS2_PLACEMENT_3D('',#4487,#3348,#3349);
#2439=AXIS2_PLACEMENT_3D('',#4495,#3351,#3352);
#2440=AXIS2_PLACEMENT_3D('',#4496,#3353,#3354);
#2441=AXIS2_PLACEMENT_3D('',#4502,#3358,#3359);
#2442=AXIS2_PLACEMENT_3D('',#4506,#3362,#3363);
#2443=AXIS2_PLACEMENT_3D('',#4510,#3366,#3367);
#2444=AXIS2_PLACEMENT_3D('',#4512,#3369,#3370);
#2445=AXIS2_PLACEMENT_3D('',#4513,#3371,#3372);
#2446=AXIS2_PLACEMENT_3D('',#4514,#3373,#3374);
#2447=AXIS2_PLACEMENT_3D('',#4515,#3375,#3376);
#2448=AXIS2_PLACEMENT_3D('',#4516,#3377,#3378);
#2449=AXIS2_PLACEMENT_3D('',#4517,#3379,#3380);
#2450=AXIS2_PLACEMENT_3D('',#4518,#3381,#3382);
#2451=AXIS2_PLACEMENT_3D('',#4519,#3383,#3384);
#2452=AXIS2_PLACEMENT_3D('',#4520,#3385,#3386);
#2453=AXIS2_PLACEMENT_3D('',#4521,#3387,#3388);
#2454=AXIS2_PLACEMENT_3D('',#4522,#3389,#3390);
#2455=AXIS2_PLACEMENT_3D('',#4523,#3391,#3392);
#2456=AXIS2_PLACEMENT_3D('',#4524,#3393,#3394);
#2457=AXIS2_PLACEMENT_3D('',#4525,#3395,#3396);
#2458=AXIS2_PLACEMENT_3D('',#4526,#3397,#3398);
#2459=AXIS2_PLACEMENT_3D('',#4527,#3399,#3400);
#2460=AXIS2_PLACEMENT_3D('',#4528,#3401,#3402);
#2461=AXIS2_PLACEMENT_3D('',#4529,#3403,#3404);
#2462=AXIS2_PLACEMENT_3D('',#4530,#3405,#3406);
#2463=AXIS2_PLACEMENT_3D('',#4531,#3407,#3408);
#2464=AXIS2_PLACEMENT_3D('',#4532,#3409,#3410);
#2465=AXIS2_PLACEMENT_3D('',#4533,#3411,#3412);
#2466=AXIS2_PLACEMENT_3D('',#4534,#3413,#3414);
#2467=AXIS2_PLACEMENT_3D('',#4535,#3415,#3416);
#2468=AXIS2_PLACEMENT_3D('',#4536,#3417,#3418);
#2469=AXIS2_PLACEMENT_3D('',#4537,#3419,#3420);
#2470=AXIS2_PLACEMENT_3D('',#4538,#3421,#3422);
#2471=AXIS2_PLACEMENT_3D('',#4539,#3423,#3424);
#2472=AXIS2_PLACEMENT_3D('',#4540,#3425,#3426);
#2473=AXIS2_PLACEMENT_3D('',#4541,#3427,#3428);
#2474=AXIS2_PLACEMENT_3D('',#4542,#3429,#3430);
#2475=AXIS2_PLACEMENT_3D('',#4543,#3431,#3432);
#2476=AXIS2_PLACEMENT_3D('',#4544,#3433,#3434);
#2477=AXIS2_PLACEMENT_3D('',#4545,#3435,#3436);
#2478=AXIS2_PLACEMENT_3D('',#4546,#3437,#3438);
#2479=AXIS2_PLACEMENT_3D('',#4547,#3439,#3440);
#2480=AXIS2_PLACEMENT_3D('',#4548,#3441,#3442);
#2481=AXIS2_PLACEMENT_3D('',#4549,#3443,#3444);
#2482=AXIS2_PLACEMENT_3D('',#4550,#3445,#3446);
#2483=AXIS2_PLACEMENT_3D('',#4551,#3447,#3448);
#2484=AXIS2_PLACEMENT_3D('',#4552,#3449,#3450);
#2485=AXIS2_PLACEMENT_3D('',#4553,#3451,#3452);
#2486=AXIS2_PLACEMENT_3D('',#4554,#3453,#3454);
#2487=AXIS2_PLACEMENT_3D('',#4555,#3455,#3456);
#2488=AXIS2_PLACEMENT_3D('',#4556,#3457,#3458);
#2489=AXIS2_PLACEMENT_3D('',#4557,#3459,#3460);
#2490=AXIS2_PLACEMENT_3D('',#4558,#3461,#3462);
#2491=AXIS2_PLACEMENT_3D('',#4559,#3463,#3464);
#2492=AXIS2_PLACEMENT_3D('',#4560,#3465,#3466);
#2493=AXIS2_PLACEMENT_3D('',#4561,#3467,#3468);
#2494=AXIS2_PLACEMENT_3D('',#4562,#3469,#3470);
#2495=AXIS2_PLACEMENT_3D('',#4563,#3471,#3472);
#2496=AXIS2_PLACEMENT_3D('',#4564,#3473,#3474);
#2497=AXIS2_PLACEMENT_3D('',#4565,#3475,#3476);
#2498=AXIS2_PLACEMENT_3D('',#4566,#3477,#3478);
#2499=AXIS2_PLACEMENT_3D('',#4567,#3479,#3480);
#2500=DIRECTION('axis',(0.,0.,1.));
#2501=DIRECTION('refdir',(1.,0.,0.));
#2502=DIRECTION('axis',(0.,0.,1.));
#2503=DIRECTION('refdir',(1.,0.,0.));
#2504=DIRECTION('axis',(0.,0.,1.));
#2505=DIRECTION('refdir',(1.,0.,0.));
#2506=DIRECTION('',(0.,0.,1.));
#2507=DIRECTION('',(1.,0.,0.));
#2508=DIRECTION('axis',(0.,0.,1.));
#2509=DIRECTION('refdir',(1.,0.,0.));
#2510=DIRECTION('axis',(0.,0.,1.));
#2511=DIRECTION('refdir',(1.,0.,0.));
#2512=DIRECTION('axis',(0.,0.,1.));
#2513=DIRECTION('refdir',(1.,0.,0.));
#2514=DIRECTION('axis',(0.,0.,1.));
#2515=DIRECTION('refdir',(1.,0.,0.));
#2516=DIRECTION('axis',(0.,0.,1.));
#2517=DIRECTION('refdir',(1.,0.,0.));
#2518=DIRECTION('axis',(0.,0.,1.));
#2519=DIRECTION('refdir',(1.,0.,0.));
#2520=DIRECTION('axis',(0.,0.,1.));
#2521=DIRECTION('refdir',(1.,0.,0.));
#2522=DIRECTION('',(0.,0.,1.));
#2523=DIRECTION('',(1.,0.,0.));
#2524=DIRECTION('',(0.,0.,1.));
#2525=DIRECTION('',(1.,0.,0.));
#2526=DIRECTION('axis',(0.,0.,1.));
#2527=DIRECTION('refdir',(1.,0.,0.));
#2528=DIRECTION('axis',(0.,0.,1.));
#2529=DIRECTION('refdir',(1.,0.,0.));
#2530=DIRECTION('axis',(0.,0.,1.));
#2531=DIRECTION('refdir',(1.,0.,0.));
#2532=DIRECTION('axis',(0.,0.,1.));
#2533=DIRECTION('refdir',(1.,0.,0.));
#2534=DIRECTION('axis',(0.,0.,1.));
#2535=DIRECTION('refdir',(1.,0.,0.));
#2536=DIRECTION('',(0.,0.,1.));
#2537=DIRECTION('',(1.,0.,0.));
#2538=DIRECTION('axis',(0.,0.,1.));
#2539=DIRECTION('refdir',(1.,0.,0.));
#2540=DIRECTION('axis',(0.,0.,1.));
#2541=DIRECTION('refdir',(1.,0.,0.));
#2542=DIRECTION('axis',(0.,0.,1.));
#2543=DIRECTION('refdir',(1.,0.,0.));
#2544=DIRECTION('axis',(0.,0.,1.));
#2545=DIRECTION('refdir',(1.,0.,0.));
#2546=DIRECTION('axis',(0.,0.,1.));
#2547=DIRECTION('refdir',(1.,0.,0.));
#2548=DIRECTION('',(0.,0.,1.));
#2549=DIRECTION('',(1.,0.,0.));
#2550=DIRECTION('axis',(0.,0.,1.));
#2551=DIRECTION('refdir',(1.,0.,0.));
#2552=DIRECTION('axis',(0.,0.,1.));
#2553=DIRECTION('refdir',(1.,0.,0.));
#2554=DIRECTION('',(0.,0.,1.));
#2555=DIRECTION('',(1.,0.,0.));
#2556=DIRECTION('',(0.,0.,1.));
#2557=DIRECTION('',(1.,0.,0.));
#2558=DIRECTION('',(0.,0.,1.));
#2559=DIRECTION('',(1.,0.,0.));
#2560=DIRECTION('',(0.,0.,1.));
#2561=DIRECTION('',(1.,0.,0.));
#2562=DIRECTION('axis',(0.,0.,1.));
#2563=DIRECTION('refdir',(1.,0.,0.));
#2564=DIRECTION('axis',(0.,0.,1.));
#2565=DIRECTION('refdir',(1.,0.,0.));
#2566=DIRECTION('axis',(0.,0.,1.));
#2567=DIRECTION('refdir',(1.,0.,0.));
#2568=DIRECTION('axis',(0.,0.,1.));
#2569=DIRECTION('refdir',(1.,0.,0.));
#2570=DIRECTION('axis',(0.,0.,1.));
#2571=DIRECTION('refdir',(1.,0.,0.));
#2572=DIRECTION('',(0.,0.,1.));
#2573=DIRECTION('',(1.,0.,0.));
#2574=DIRECTION('',(0.,0.,1.));
#2575=DIRECTION('',(1.,0.,0.));
#2576=DIRECTION('',(0.,0.,1.));
#2577=DIRECTION('',(1.,0.,0.));
#2578=DIRECTION('',(0.,0.,1.));
#2579=DIRECTION('',(1.,0.,0.));
#2580=DIRECTION('axis',(0.,0.,1.));
#2581=DIRECTION('refdir',(1.,0.,0.));
#2582=DIRECTION('axis',(0.,0.,1.));
#2583=DIRECTION('refdir',(1.,0.,0.));
#2584=DIRECTION('axis',(0.,0.,1.));
#2585=DIRECTION('refdir',(1.,0.,0.));
#2586=DIRECTION('axis',(0.,0.,1.));
#2587=DIRECTION('refdir',(1.,0.,0.));
#2588=DIRECTION('',(0.,0.,1.));
#2589=DIRECTION('',(1.,0.,0.));
#2590=DIRECTION('axis',(0.,0.,1.));
#2591=DIRECTION('refdir',(1.,0.,0.));
#2592=DIRECTION('axis',(0.,0.,1.));
#2593=DIRECTION('refdir',(1.,0.,0.));
#2594=DIRECTION('axis',(0.,0.,1.));
#2595=DIRECTION('refdir',(1.,0.,0.));
#2596=DIRECTION('',(0.,0.,1.));
#2597=DIRECTION('',(1.,0.,0.));
#2598=DIRECTION('',(0.,0.,1.));
#2599=DIRECTION('',(1.,0.,0.));
#2600=DIRECTION('',(0.,0.,1.));
#2601=DIRECTION('',(1.,0.,0.));
#2602=DIRECTION('',(0.,0.,1.));
#2603=DIRECTION('',(1.,0.,0.));
#2604=DIRECTION('axis',(0.,0.,1.));
#2605=DIRECTION('refdir',(1.,0.,0.));
#2606=DIRECTION('axis',(0.,0.,1.));
#2607=DIRECTION('refdir',(1.,0.,0.));
#2608=DIRECTION('',(0.,0.,1.));
#2609=DIRECTION('',(1.,0.,0.));
#2610=DIRECTION('',(0.,0.,1.));
#2611=DIRECTION('',(1.,0.,0.));
#2612=DIRECTION('',(0.,0.,1.));
#2613=DIRECTION('',(1.,0.,0.));
#2614=DIRECTION('',(0.,0.,1.));
#2615=DIRECTION('',(1.,0.,0.));
#2616=DIRECTION('',(0.,0.,1.));
#2617=DIRECTION('',(1.,0.,0.));
#2618=DIRECTION('',(0.,0.,1.));
#2619=DIRECTION('',(1.,0.,0.));
#2620=DIRECTION('',(0.,0.,1.));
#2621=DIRECTION('',(1.,0.,0.));
#2622=DIRECTION('axis',(0.,0.,1.));
#2623=DIRECTION('refdir',(1.,0.,0.));
#2624=DIRECTION('axis',(0.,0.,1.));
#2625=DIRECTION('refdir',(1.,0.,0.));
#2626=DIRECTION('axis',(0.,0.,1.));
#2627=DIRECTION('refdir',(1.,0.,0.));
#2628=DIRECTION('axis',(0.,0.,1.));
#2629=DIRECTION('refdir',(1.,0.,0.));
#2630=DIRECTION('axis',(0.,0.,1.));
#2631=DIRECTION('refdir',(1.,0.,0.));
#2632=DIRECTION('axis',(0.,0.,1.));
#2633=DIRECTION('refdir',(1.,0.,0.));
#2634=DIRECTION('axis',(0.,0.,1.));
#2635=DIRECTION('refdir',(1.,0.,0.));
#2636=DIRECTION('axis',(0.,0.,1.));
#2637=DIRECTION('refdir',(1.,0.,0.));
#2638=DIRECTION('axis',(0.,0.,1.));
#2639=DIRECTION('refdir',(1.,0.,0.));
#2640=DIRECTION('axis',(0.,0.,1.));
#2641=DIRECTION('refdir',(1.,0.,0.));
#2642=DIRECTION('axis',(0.,0.,1.));
#2643=DIRECTION('refdir',(1.,0.,0.));
#2644=DIRECTION('',(0.,0.,1.));
#2645=DIRECTION('',(1.,0.,0.));
#2646=DIRECTION('axis',(0.,0.,1.));
#2647=DIRECTION('refdir',(1.,0.,0.));
#2648=DIRECTION('axis',(0.,0.,1.));
#2649=DIRECTION('refdir',(1.,0.,0.));
#2650=DIRECTION('axis',(0.,0.,1.));
#2651=DIRECTION('refdir',(1.,0.,0.));
#2652=DIRECTION('axis',(0.,0.,1.));
#2653=DIRECTION('refdir',(1.,0.,0.));
#2654=DIRECTION('axis',(0.,0.,1.));
#2655=DIRECTION('refdir',(1.,0.,0.));
#2656=DIRECTION('axis',(0.,0.,1.));
#2657=DIRECTION('refdir',(1.,0.,0.));
#2658=DIRECTION('axis',(0.,0.,1.));
#2659=DIRECTION('refdir',(1.,0.,0.));
#2660=DIRECTION('axis',(0.,0.,1.));
#2661=DIRECTION('refdir',(1.,0.,0.));
#2662=DIRECTION('axis',(0.,0.,1.));
#2663=DIRECTION('refdir',(1.,0.,0.));
#2664=DIRECTION('axis',(0.,0.,1.));
#2665=DIRECTION('refdir',(1.,0.,0.));
#2666=DIRECTION('',(0.,0.,1.));
#2667=DIRECTION('',(1.,0.,0.));
#2668=DIRECTION('',(0.,0.,1.));
#2669=DIRECTION('',(1.,0.,0.));
#2670=DIRECTION('',(0.,0.,1.));
#2671=DIRECTION('',(1.,0.,0.));
#2672=DIRECTION('',(0.,0.,1.));
#2673=DIRECTION('',(1.,0.,0.));
#2674=DIRECTION('',(0.,0.,1.));
#2675=DIRECTION('',(1.,0.,0.));
#2676=DIRECTION('',(0.,0.,1.));
#2677=DIRECTION('',(1.,0.,0.));
#2678=DIRECTION('',(0.,0.,1.));
#2679=DIRECTION('',(1.,0.,0.));
#2680=DIRECTION('axis',(0.,0.,1.));
#2681=DIRECTION('refdir',(1.,0.,0.));
#2682=DIRECTION('',(0.,0.,1.));
#2683=DIRECTION('',(-4.371138828674E-8,0.999999999999999,0.));
#2684=DIRECTION('',(-8.74227803948496E-8,0.999999999999995,4.37113877494198E-8));
#2685=DIRECTION('',(0.999999999999992,8.74227765734785E-8,8.74227765734793E-8));
#2686=DIRECTION('axis',(0.,0.,1.));
#2687=DIRECTION('refdir',(1.,0.,0.));
#2688=DIRECTION('axis',(0.,0.,1.));
#2689=DIRECTION('refdir',(1.,0.,0.));
#2690=DIRECTION('axis',(0.,0.,1.));
#2691=DIRECTION('refdir',(1.,0.,0.));
#2692=DIRECTION('',(0.,0.,1.));
#2693=DIRECTION('',(1.,0.,0.));
#2694=DIRECTION('',(0.,0.,1.));
#2695=DIRECTION('',(1.,0.,0.));
#2696=DIRECTION('axis',(0.,0.,1.));
#2697=DIRECTION('refdir',(1.,0.,0.));
#2698=DIRECTION('axis',(0.,0.,1.));
#2699=DIRECTION('refdir',(1.,0.,0.));
#2700=DIRECTION('axis',(0.,0.,1.));
#2701=DIRECTION('refdir',(1.,0.,0.));
#2702=DIRECTION('axis',(0.,0.,1.));
#2703=DIRECTION('refdir',(1.,0.,0.));
#2704=DIRECTION('',(0.,0.,1.));
#2705=DIRECTION('',(1.,0.,0.));
#2706=DIRECTION('axis',(0.,0.,1.));
#2707=DIRECTION('refdir',(1.,0.,0.));
#2708=DIRECTION('axis',(0.,0.,1.));
#2709=DIRECTION('refdir',(1.,0.,0.));
#2710=DIRECTION('axis',(0.,0.,1.));
#2711=DIRECTION('refdir',(1.,0.,0.));
#2712=DIRECTION('axis',(0.,0.,1.));
#2713=DIRECTION('refdir',(1.,0.,0.));
#2714=DIRECTION('axis',(0.,0.,1.));
#2715=DIRECTION('refdir',(1.,0.,0.));
#2716=DIRECTION('axis',(0.,0.,1.));
#2717=DIRECTION('refdir',(1.,0.,0.));
#2718=DIRECTION('axis',(0.,0.,1.));
#2719=DIRECTION('refdir',(1.,0.,0.));
#2720=DIRECTION('axis',(0.,0.,1.));
#2721=DIRECTION('refdir',(1.,0.,0.));
#2722=DIRECTION('axis',(0.,0.,1.));
#2723=DIRECTION('refdir',(1.,0.,0.));
#2724=DIRECTION('axis',(0.,0.,1.));
#2725=DIRECTION('refdir',(1.,0.,0.));
#2726=DIRECTION('axis',(0.,0.,1.));
#2727=DIRECTION('refdir',(1.,0.,0.));
#2728=DIRECTION('',(0.,0.,1.));
#2729=DIRECTION('',(1.,0.,0.));
#2730=DIRECTION('axis',(0.,0.,1.));
#2731=DIRECTION('refdir',(1.,0.,0.));
#2732=DIRECTION('axis',(0.,0.,1.));
#2733=DIRECTION('refdir',(1.,0.,0.));
#2734=DIRECTION('',(0.,0.,1.));
#2735=DIRECTION('',(1.,0.,0.));
#2736=DIRECTION('',(0.,0.,1.));
#2737=DIRECTION('',(1.,0.,0.));
#2738=DIRECTION('',(0.,0.,1.));
#2739=DIRECTION('',(1.,0.,0.));
#2740=DIRECTION('',(0.,0.,1.));
#2741=DIRECTION('',(1.,0.,0.));
#2742=DIRECTION('',(0.,0.,1.));
#2743=DIRECTION('',(1.,0.,0.));
#2744=DIRECTION('',(0.,0.,1.));
#2745=DIRECTION('',(1.,0.,0.));
#2746=DIRECTION('',(0.,0.,1.));
#2747=DIRECTION('',(1.,0.,0.));
#2748=DIRECTION('axis',(0.,0.,1.));
#2749=DIRECTION('refdir',(1.,0.,0.));
#2750=DIRECTION('axis',(0.,0.,1.));
#2751=DIRECTION('refdir',(1.,0.,0.));
#2752=DIRECTION('axis',(0.,0.,1.));
#2753=DIRECTION('refdir',(1.,0.,0.));
#2754=DIRECTION('',(0.,0.,1.));
#2755=DIRECTION('',(1.,0.,0.));
#2756=DIRECTION('',(0.,0.,1.));
#2757=DIRECTION('',(1.,0.,0.));
#2758=DIRECTION('',(0.,0.,1.));
#2759=DIRECTION('',(1.,0.,0.));
#2760=DIRECTION('',(0.,0.,1.));
#2761=DIRECTION('',(1.,0.,0.));
#2762=DIRECTION('axis',(0.,0.,1.));
#2763=DIRECTION('refdir',(1.,0.,0.));
#2764=DIRECTION('axis',(0.,0.,1.));
#2765=DIRECTION('refdir',(1.,0.,0.));
#2766=DIRECTION('axis',(0.,0.,1.));
#2767=DIRECTION('refdir',(1.,0.,0.));
#2768=DIRECTION('',(0.,0.,1.));
#2769=DIRECTION('',(1.,0.,0.));
#2770=DIRECTION('',(0.,0.,1.));
#2771=DIRECTION('',(1.,0.,0.));
#2772=DIRECTION('',(0.,0.,1.));
#2773=DIRECTION('',(1.,0.,0.));
#2774=DIRECTION('',(0.,0.,1.));
#2775=DIRECTION('',(1.,0.,0.));
#2776=DIRECTION('',(0.,0.,1.));
#2777=DIRECTION('',(1.,0.,0.));
#2778=DIRECTION('',(0.,0.,1.));
#2779=DIRECTION('',(1.,0.,0.));
#2780=DIRECTION('',(0.,0.,1.));
#2781=DIRECTION('',(1.,0.,0.));
#2782=DIRECTION('',(0.,0.,1.));
#2783=DIRECTION('',(1.,0.,0.));
#2784=DIRECTION('',(0.,0.,1.));
#2785=DIRECTION('',(1.,0.,0.));
#2786=DIRECTION('',(0.,0.,1.));
#2787=DIRECTION('',(1.,0.,0.));
#2788=DIRECTION('',(0.,0.,1.));
#2789=DIRECTION('',(1.,0.,0.));
#2790=DIRECTION('',(0.,0.,1.));
#2791=DIRECTION('',(1.,0.,0.));
#2792=DIRECTION('',(0.,0.,1.));
#2793=DIRECTION('',(1.,0.,0.));
#2794=DIRECTION('axis',(0.,0.,1.));
#2795=DIRECTION('refdir',(1.,0.,0.));
#2796=DIRECTION('axis',(0.,0.,1.));
#2797=DIRECTION('refdir',(1.,0.,0.));
#2798=DIRECTION('',(0.,0.,1.));
#2799=DIRECTION('',(1.,0.,0.));
#2800=DIRECTION('',(0.,0.,1.));
#2801=DIRECTION('',(1.,0.,0.));
#2802=DIRECTION('',(0.,0.,1.));
#2803=DIRECTION('',(1.,0.,0.));
#2804=DIRECTION('',(0.,0.,1.));
#2805=DIRECTION('',(1.,0.,0.));
#2806=DIRECTION('',(0.,0.,1.));
#2807=DIRECTION('',(1.,0.,0.));
#2808=DIRECTION('',(0.,0.,1.));
#2809=DIRECTION('',(1.,0.,0.));
#2810=DIRECTION('',(0.,0.,1.));
#2811=DIRECTION('',(1.,0.,0.));
#2812=DIRECTION('',(0.,0.,1.));
#2813=DIRECTION('',(1.,0.,0.));
#2814=DIRECTION('',(0.,0.,1.));
#2815=DIRECTION('',(1.,0.,0.));
#2816=DIRECTION('',(0.,0.,1.));
#2817=DIRECTION('',(1.,0.,0.));
#2818=DIRECTION('',(0.,0.,1.));
#2819=DIRECTION('',(1.,0.,0.));
#2820=DIRECTION('',(0.,0.,1.));
#2821=DIRECTION('',(1.,0.,0.));
#2822=DIRECTION('',(0.,0.,1.));
#2823=DIRECTION('',(1.,0.,0.));
#2824=DIRECTION('',(0.,0.,1.));
#2825=DIRECTION('',(1.,0.,0.));
#2826=DIRECTION('',(0.,0.,1.));
#2827=DIRECTION('',(1.,0.,0.));
#2828=DIRECTION('',(0.,0.,1.));
#2829=DIRECTION('',(1.,0.,0.));
#2830=DIRECTION('',(0.,0.,1.));
#2831=DIRECTION('',(1.,0.,0.));
#2832=DIRECTION('',(0.,0.,1.));
#2833=DIRECTION('',(1.,0.,0.));
#2834=DIRECTION('',(0.,0.,1.));
#2835=DIRECTION('',(1.,0.,0.));
#2836=DIRECTION('',(0.,0.,1.));
#2837=DIRECTION('',(1.,0.,0.));
#2838=DIRECTION('',(0.,0.,1.));
#2839=DIRECTION('',(1.,0.,0.));
#2840=DIRECTION('',(0.,0.,1.));
#2841=DIRECTION('',(1.,0.,0.));
#2842=DIRECTION('',(0.,0.,1.));
#2843=DIRECTION('',(1.,0.,0.));
#2844=DIRECTION('',(0.,0.,1.));
#2845=DIRECTION('',(1.,0.,0.));
#2846=DIRECTION('',(0.,0.,1.));
#2847=DIRECTION('',(1.,0.,0.));
#2848=DIRECTION('',(0.,0.,1.));
#2849=DIRECTION('',(1.,0.,0.));
#2850=DIRECTION('',(0.,0.,1.));
#2851=DIRECTION('',(1.,0.,0.));
#2852=DIRECTION('',(0.,0.,1.));
#2853=DIRECTION('',(1.,0.,0.));
#2854=DIRECTION('',(0.,0.,1.));
#2855=DIRECTION('',(1.,0.,0.));
#2856=DIRECTION('',(0.,0.,1.));
#2857=DIRECTION('',(1.,0.,0.));
#2858=DIRECTION('',(0.,0.,1.));
#2859=DIRECTION('',(1.,0.,0.));
#2860=DIRECTION('',(0.,0.,1.));
#2861=DIRECTION('',(1.,0.,0.));
#2862=DIRECTION('',(0.,0.,1.));
#2863=DIRECTION('',(1.,0.,0.));
#2864=DIRECTION('',(0.,0.,1.));
#2865=DIRECTION('',(1.,0.,0.));
#2866=DIRECTION('',(0.,0.,1.));
#2867=DIRECTION('',(1.,0.,0.));
#2868=DIRECTION('',(0.,0.,1.));
#2869=DIRECTION('',(1.,0.,0.));
#2870=DIRECTION('',(0.,0.,1.));
#2871=DIRECTION('',(1.,0.,0.));
#2872=DIRECTION('',(0.,0.,1.));
#2873=DIRECTION('',(1.,0.,0.));
#2874=DIRECTION('',(0.,0.,1.));
#2875=DIRECTION('',(1.,0.,0.));
#2876=DIRECTION('',(0.,0.,1.));
#2877=DIRECTION('',(1.,0.,0.));
#2878=DIRECTION('',(0.,0.,1.));
#2879=DIRECTION('',(1.,0.,0.));
#2880=DIRECTION('',(0.,0.,1.));
#2881=DIRECTION('',(1.,0.,0.));
#2882=DIRECTION('',(0.,0.,1.));
#2883=DIRECTION('',(1.,0.,0.));
#2884=DIRECTION('',(0.,0.,1.));
#2885=DIRECTION('',(1.,0.,0.));
#2886=DIRECTION('',(0.,0.,1.));
#2887=DIRECTION('',(1.,0.,0.));
#2888=DIRECTION('',(0.,0.,1.));
#2889=DIRECTION('',(1.,0.,0.));
#2890=DIRECTION('',(0.,0.,1.));
#2891=DIRECTION('',(1.,0.,0.));
#2892=DIRECTION('',(0.,0.,1.));
#2893=DIRECTION('',(1.,0.,0.));
#2894=DIRECTION('',(0.,0.,1.));
#2895=DIRECTION('',(1.,0.,0.));
#2896=DIRECTION('',(0.,0.,1.));
#2897=DIRECTION('',(1.,0.,0.));
#2898=DIRECTION('',(0.,0.,1.));
#2899=DIRECTION('',(1.,0.,0.));
#2900=DIRECTION('',(0.,0.,1.));
#2901=DIRECTION('',(1.,0.,0.));
#2902=DIRECTION('',(0.,0.,1.));
#2903=DIRECTION('',(1.,0.,0.));
#2904=DIRECTION('',(0.,0.,1.));
#2905=DIRECTION('',(1.,0.,0.));
#2906=DIRECTION('',(0.,0.,1.));
#2907=DIRECTION('',(1.,0.,0.));
#2908=DIRECTION('',(0.,0.,1.));
#2909=DIRECTION('',(1.,0.,0.));
#2910=DIRECTION('',(0.,0.,1.));
#2911=DIRECTION('',(1.,0.,0.));
#2912=DIRECTION('',(0.,0.,1.));
#2913=DIRECTION('',(1.,0.,0.));
#2914=DIRECTION('',(0.,0.,1.));
#2915=DIRECTION('',(1.,0.,0.));
#2916=DIRECTION('',(0.,0.,1.));
#2917=DIRECTION('',(1.,0.,0.));
#2918=DIRECTION('',(0.,0.,1.));
#2919=DIRECTION('',(1.,0.,0.));
#2920=DIRECTION('',(0.,0.,1.));
#2921=DIRECTION('',(1.,0.,0.));
#2922=DIRECTION('',(0.,0.,1.));
#2923=DIRECTION('',(1.,0.,0.));
#2924=DIRECTION('',(0.,0.,1.));
#2925=DIRECTION('',(1.,0.,0.));
#2926=DIRECTION('',(0.,0.,1.));
#2927=DIRECTION('',(1.,0.,0.));
#2928=DIRECTION('',(0.,0.,1.));
#2929=DIRECTION('',(1.,0.,0.));
#2930=DIRECTION('',(0.,0.,1.));
#2931=DIRECTION('',(1.,0.,0.));
#2932=DIRECTION('',(0.,0.,1.));
#2933=DIRECTION('',(1.,0.,0.));
#2934=DIRECTION('',(0.,0.,1.));
#2935=DIRECTION('',(1.,0.,0.));
#2936=DIRECTION('',(0.,0.,1.));
#2937=DIRECTION('',(1.,0.,0.));
#2938=DIRECTION('',(0.,0.,1.));
#2939=DIRECTION('',(1.,0.,0.));
#2940=DIRECTION('',(0.,0.,1.));
#2941=DIRECTION('',(1.,0.,0.));
#2942=DIRECTION('',(0.,0.,1.));
#2943=DIRECTION('',(1.,0.,0.));
#2944=DIRECTION('',(0.,0.,1.));
#2945=DIRECTION('',(1.,0.,0.));
#2946=DIRECTION('',(0.,0.,1.));
#2947=DIRECTION('',(1.,0.,0.));
#2948=DIRECTION('',(0.,0.,1.));
#2949=DIRECTION('',(1.,0.,0.));
#2950=DIRECTION('',(0.,0.,1.));
#2951=DIRECTION('',(1.,0.,0.));
#2952=DIRECTION('',(0.,0.,1.));
#2953=DIRECTION('',(1.,0.,0.));
#2954=DIRECTION('',(0.,0.,1.));
#2955=DIRECTION('',(1.,0.,0.));
#2956=DIRECTION('',(0.,0.,1.));
#2957=DIRECTION('',(1.,0.,0.));
#2958=DIRECTION('',(0.,0.,1.));
#2959=DIRECTION('',(1.,0.,0.));
#2960=DIRECTION('',(0.,0.,1.));
#2961=DIRECTION('',(1.,0.,0.));
#2962=DIRECTION('',(0.,0.,1.));
#2963=DIRECTION('',(1.,0.,0.));
#2964=DIRECTION('',(0.,0.,1.));
#2965=DIRECTION('',(1.,0.,0.));
#2966=DIRECTION('',(0.,0.,1.));
#2967=DIRECTION('',(1.,0.,0.));
#2968=DIRECTION('',(0.,0.,1.));
#2969=DIRECTION('',(1.,0.,0.));
#2970=DIRECTION('',(0.,0.,1.));
#2971=DIRECTION('',(1.,0.,0.));
#2972=DIRECTION('',(0.,0.,1.));
#2973=DIRECTION('',(1.,0.,0.));
#2974=DIRECTION('',(0.,0.,1.));
#2975=DIRECTION('',(1.19248806385E-8,-1.,0.));
#2976=DIRECTION('axis',(0.,0.,1.));
#2977=DIRECTION('refdir',(1.,0.,0.));
#2978=DIRECTION('axis',(0.,0.,1.));
#2979=DIRECTION('refdir',(1.,0.,0.));
#2980=DIRECTION('axis',(0.,0.,1.));
#2981=DIRECTION('refdir',(1.,0.,0.));
#2982=DIRECTION('',(0.,0.,1.));
#2983=DIRECTION('',(1.19248806385E-8,-1.,0.));
#2984=DIRECTION('',(0.,0.,1.));
#2985=DIRECTION('',(1.,0.,0.));
#2986=DIRECTION('axis',(0.,0.,1.));
#2987=DIRECTION('refdir',(1.,0.,0.));
#2988=DIRECTION('axis',(0.,0.,1.));
#2989=DIRECTION('refdir',(1.,0.,0.));
#2990=DIRECTION('axis',(0.,0.,1.));
#2991=DIRECTION('refdir',(1.,0.,0.));
#2992=DIRECTION('axis',(0.,0.,1.));
#2993=DIRECTION('refdir',(1.,0.,0.));
#2994=DIRECTION('axis',(0.,0.,1.));
#2995=DIRECTION('refdir',(1.,0.,0.));
#2996=DIRECTION('',(0.,0.,1.));
#2997=DIRECTION('',(1.,0.,0.));
#2998=DIRECTION('axis',(0.,0.,1.));
#2999=DIRECTION('refdir',(1.,0.,0.));
#3000=DIRECTION('axis',(0.,0.,1.));
#3001=DIRECTION('refdir',(1.,0.,0.));
#3002=DIRECTION('axis',(0.,0.,1.));
#3003=DIRECTION('refdir',(1.,0.,0.));
#3004=DIRECTION('axis',(0.,0.,1.));
#3005=DIRECTION('refdir',(1.,0.,0.));
#3006=DIRECTION('',(0.,0.,1.));
#3007=DIRECTION('',(1.,0.,0.));
#3008=DIRECTION('',(0.,0.,1.));
#3009=DIRECTION('',(1.,0.,0.));
#3010=DIRECTION('',(0.,0.,1.));
#3011=DIRECTION('',(1.,0.,0.));
#3012=DIRECTION('',(0.,0.,1.));
#3013=DIRECTION('',(1.,0.,0.));
#3014=DIRECTION('',(0.,0.,1.));
#3015=DIRECTION('',(1.,0.,0.));
#3016=DIRECTION('',(0.,0.,1.));
#3017=DIRECTION('',(1.,0.,0.));
#3018=DIRECTION('',(0.,0.,1.));
#3019=DIRECTION('',(1.,0.,0.));
#3020=DIRECTION('',(0.,0.,1.));
#3021=DIRECTION('',(1.,0.,0.));
#3022=DIRECTION('',(0.,0.,1.));
#3023=DIRECTION('',(1.,0.,0.));
#3024=DIRECTION('',(0.,0.,1.));
#3025=DIRECTION('',(-1.,1.224646799147E-16,0.));
#3026=DIRECTION('',(0.,0.,1.));
#3027=DIRECTION('',(-1.,1.224646799147E-16,0.));
#3028=DIRECTION('',(0.,0.,1.));
#3029=DIRECTION('',(-1.,1.224646799147E-16,0.));
#3030=DIRECTION('',(0.,0.,1.));
#3031=DIRECTION('',(-1.,1.224646799147E-16,0.));
#3032=DIRECTION('',(0.,0.,1.));
#3033=DIRECTION('',(-4.371138828674E-8,0.999999999999999,0.));
#3034=DIRECTION('axis',(0.,0.,1.));
#3035=DIRECTION('refdir',(1.,0.,0.));
#3036=DIRECTION('axis',(0.,0.,1.));
#3037=DIRECTION('refdir',(1.,0.,0.));
#3038=DIRECTION('axis',(0.,0.,1.));
#3039=DIRECTION('refdir',(1.,0.,0.));
#3040=DIRECTION('axis',(0.,0.,1.));
#3041=DIRECTION('refdir',(1.,0.,0.));
#3042=DIRECTION('axis',(0.,0.,1.));
#3043=DIRECTION('refdir',(1.,0.,0.));
#3044=DIRECTION('axis',(0.,0.,1.));
#3045=DIRECTION('refdir',(1.,0.,0.));
#3046=DIRECTION('axis',(0.,0.,1.));
#3047=DIRECTION('refdir',(1.,0.,0.));
#3048=DIRECTION('axis',(0.,0.,1.));
#3049=DIRECTION('refdir',(1.,0.,0.));
#3050=DIRECTION('axis',(0.,0.,1.));
#3051=DIRECTION('refdir',(1.,0.,0.));
#3052=DIRECTION('axis',(0.,0.,1.));
#3053=DIRECTION('refdir',(1.,0.,0.));
#3054=DIRECTION('axis',(0.,0.,1.));
#3055=DIRECTION('refdir',(1.,0.,0.));
#3056=DIRECTION('axis',(0.,0.,1.));
#3057=DIRECTION('refdir',(1.,0.,0.));
#3058=DIRECTION('axis',(0.,0.,1.));
#3059=DIRECTION('refdir',(1.,0.,0.));
#3060=DIRECTION('axis',(0.,0.,1.));
#3061=DIRECTION('refdir',(1.,0.,0.));
#3062=DIRECTION('axis',(0.,0.,1.));
#3063=DIRECTION('refdir',(1.,0.,0.));
#3064=DIRECTION('axis',(0.,0.,1.));
#3065=DIRECTION('refdir',(1.,0.,0.));
#3066=DIRECTION('',(1.74845553146897E-7,-0.999999999999984,-4.37113882867393E-8));
#3067=DIRECTION('',(0.999999999999985,1.74845553146897E-7,1.577721810442E-30));
#3068=DIRECTION('axis',(0.,0.,1.));
#3069=DIRECTION('refdir',(1.,0.,0.));
#3070=DIRECTION('axis',(0.,0.,1.));
#3071=DIRECTION('refdir',(1.,0.,0.));
#3072=DIRECTION('axis',(0.,0.,1.));
#3073=DIRECTION('refdir',(1.,0.,0.));
#3074=DIRECTION('axis',(0.,0.,1.));
#3075=DIRECTION('refdir',(1.,0.,0.));
#3076=DIRECTION('axis',(0.,0.,1.));
#3077=DIRECTION('refdir',(1.,0.,0.));
#3078=DIRECTION('axis',(0.,0.,1.));
#3079=DIRECTION('refdir',(1.,0.,0.));
#3080=DIRECTION('axis',(0.,0.,1.));
#3081=DIRECTION('refdir',(1.,0.,0.));
#3082=DIRECTION('axis',(0.,0.,1.));
#3083=DIRECTION('refdir',(1.,0.,0.));
#3084=DIRECTION('axis',(0.,0.,1.));
#3085=DIRECTION('refdir',(1.,0.,0.));
#3086=DIRECTION('axis',(0.,0.,1.));
#3087=DIRECTION('refdir',(1.,0.,0.));
#3088=DIRECTION('axis',(0.,0.,1.));
#3089=DIRECTION('refdir',(1.,0.,0.));
#3090=DIRECTION('axis',(0.,0.,1.));
#3091=DIRECTION('refdir',(1.,0.,0.));
#3092=DIRECTION('axis',(0.,0.,1.));
#3093=DIRECTION('refdir',(1.,0.,0.));
#3094=DIRECTION('',(0.,0.,1.));
#3095=DIRECTION('',(1.,0.,0.));
#3096=DIRECTION('axis',(0.,0.,1.));
#3097=DIRECTION('refdir',(1.,0.,0.));
#3098=DIRECTION('axis',(0.,0.,1.));
#3099=DIRECTION('refdir',(1.,0.,0.));
#3100=DIRECTION('',(0.,0.,1.));
#3101=DIRECTION('',(1.,0.,0.));
#3102=DIRECTION('',(0.,0.,1.));
#3103=DIRECTION('',(1.,0.,0.));
#3104=DIRECTION('',(0.,0.,1.));
#3105=DIRECTION('',(1.,0.,0.));
#3106=DIRECTION('',(0.,0.,1.));
#3107=DIRECTION('',(1.,0.,0.));
#3108=DIRECTION('',(0.,0.,1.));
#3109=DIRECTION('',(-1.,1.224646799147E-16,0.));
#3110=DIRECTION('',(0.,0.,1.));
#3111=DIRECTION('',(1.,0.,0.));
#3112=DIRECTION('',(0.,0.,1.));
#3113=DIRECTION('',(-1.,1.224646799147E-16,0.));
#3114=DIRECTION('',(0.,0.,1.));
#3115=DIRECTION('',(1.,0.,0.));
#3116=DIRECTION('',(0.,0.,1.));
#3117=DIRECTION('',(-1.,1.224646799147E-16,0.));
#3118=DIRECTION('',(0.,0.,1.));
#3119=DIRECTION('',(1.,0.,0.));
#3120=DIRECTION('',(0.,0.,1.));
#3121=DIRECTION('',(-1.,1.224646799147E-16,0.));
#3122=DIRECTION('',(0.,0.,1.));
#3123=DIRECTION('',(1.,0.,0.));
#3124=DIRECTION('axis',(0.,0.,1.));
#3125=DIRECTION('refdir',(1.,0.,0.));
#3126=DIRECTION('axis',(0.,0.,1.));
#3127=DIRECTION('refdir',(1.,0.,0.));
#3128=DIRECTION('axis',(0.,0.,1.));
#3129=DIRECTION('refdir',(1.,0.,0.));
#3130=DIRECTION('',(0.,0.,1.));
#3131=DIRECTION('',(1.,0.,0.));
#3132=DIRECTION('',(0.,0.,1.));
#3133=DIRECTION('',(1.,0.,0.));
#3134=DIRECTION('axis',(0.,0.,1.));
#3135=DIRECTION('refdir',(1.,0.,0.));
#3136=DIRECTION('axis',(0.,0.,1.));
#3137=DIRECTION('refdir',(1.,0.,0.));
#3138=DIRECTION('',(0.,0.,1.));
#3139=DIRECTION('',(0.999999999999985,1.74845553146897E-7,0.));
#3140=DIRECTION('',(0.,0.,1.));
#3141=DIRECTION('',(-0.999999999999996,-8.74227765734797E-8,0.));
#3142=DIRECTION('',(0.,0.,1.));
#3143=DIRECTION('',(-0.999999999999996,-8.74227765734797E-8,0.));
#3144=DIRECTION('',(0.,0.,1.));
#3145=DIRECTION('',(-0.999999999999996,-8.74227765734797E-8,0.));
#3146=DIRECTION('axis',(0.,0.,1.));
#3147=DIRECTION('refdir',(1.,0.,0.));
#3148=DIRECTION('axis',(0.,0.,1.));
#3149=DIRECTION('refdir',(1.,0.,0.));
#3150=DIRECTION('axis',(0.,0.,1.));
#3151=DIRECTION('refdir',(1.,0.,0.));
#3152=DIRECTION('',(0.,0.,1.));
#3153=DIRECTION('',(1.,0.,0.));
#3154=DIRECTION('',(0.,0.,1.));
#3155=DIRECTION('',(-0.999999999999996,-8.74227765734797E-8,0.));
#3156=DIRECTION('',(0.,0.,1.));
#3157=DIRECTION('',(0.999999999999985,1.74845553146897E-7,0.));
#3158=DIRECTION('',(0.,0.,1.));
#3159=DIRECTION('',(-4.371138828674E-8,0.999999999999999,0.));
#3160=DIRECTION('',(0.,0.,1.));
#3161=DIRECTION('',(0.999999999999985,1.74845553146897E-7,0.));
#3162=DIRECTION('',(0.,0.,1.));
#3163=DIRECTION('',(1.19248806385E-8,-1.,0.));
#3164=DIRECTION('axis',(0.,0.,1.));
#3165=DIRECTION('refdir',(1.,0.,0.));
#3166=DIRECTION('axis',(0.,0.,1.));
#3167=DIRECTION('refdir',(1.,0.,0.));
#3168=DIRECTION('axis',(0.,0.,1.));
#3169=DIRECTION('refdir',(1.,0.,0.));
#3170=DIRECTION('axis',(0.,0.,1.));
#3171=DIRECTION('refdir',(1.,0.,0.));
#3172=DIRECTION('',(0.,0.,1.));
#3173=DIRECTION('',(0.999999999999985,1.74845553146897E-7,0.));
#3174=DIRECTION('',(0.,0.,1.));
#3175=DIRECTION('',(1.19248806385E-8,-1.,0.));
#3176=DIRECTION('',(0.,0.,1.));
#3177=DIRECTION('',(0.999999999999985,1.74845553146897E-7,0.));
#3178=DIRECTION('',(0.,0.,1.));
#3179=DIRECTION('',(0.999999999999985,1.74845553146897E-7,0.));
#3180=DIRECTION('',(0.,0.,1.));
#3181=DIRECTION('',(1.19248806385E-8,-1.,0.));
#3182=DIRECTION('axis',(0.,0.,1.));
#3183=DIRECTION('refdir',(1.,0.,0.));
#3184=DIRECTION('axis',(0.,0.,1.));
#3185=DIRECTION('refdir',(1.,0.,0.));
#3186=DIRECTION('axis',(0.,0.,1.));
#3187=DIRECTION('refdir',(1.,0.,0.));
#3188=DIRECTION('axis',(0.,0.,1.));
#3189=DIRECTION('refdir',(1.,0.,0.));
#3190=DIRECTION('axis',(0.,0.,1.));
#3191=DIRECTION('refdir',(1.,0.,0.));
#3192=DIRECTION('axis',(0.,0.,1.));
#3193=DIRECTION('refdir',(1.,0.,0.));
#3194=DIRECTION('axis',(0.,0.,1.));
#3195=DIRECTION('refdir',(1.,0.,0.));
#3196=DIRECTION('',(0.,0.,1.));
#3197=DIRECTION('',(1.,0.,0.));
#3198=DIRECTION('axis',(0.,0.,1.));
#3199=DIRECTION('refdir',(1.,0.,0.));
#3200=DIRECTION('',(0.,0.,1.));
#3201=DIRECTION('',(1.,0.,0.));
#3202=DIRECTION('',(0.,0.,1.));
#3203=DIRECTION('',(1.,0.,0.));
#3204=DIRECTION('',(0.,0.,1.));
#3205=DIRECTION('',(-1.,1.224646799147E-16,0.));
#3206=DIRECTION('',(0.,0.,1.));
#3207=DIRECTION('',(1.,0.,0.));
#3208=DIRECTION('',(0.,0.,1.));
#3209=DIRECTION('',(-4.371138828674E-8,0.999999999999999,0.));
#3210=DIRECTION('axis',(0.,0.,1.));
#3211=DIRECTION('refdir',(1.,0.,0.));
#3212=DIRECTION('axis',(0.,0.,1.));
#3213=DIRECTION('refdir',(1.,0.,0.));
#3214=DIRECTION('axis',(0.,0.,1.));
#3215=DIRECTION('refdir',(1.,0.,0.));
#3216=DIRECTION('',(0.,0.,1.));
#3217=DIRECTION('',(1.19248806385E-8,-1.,0.));
#3218=DIRECTION('',(0.,0.,1.));
#3219=DIRECTION('',(1.19248806385E-8,-1.,0.));
#3220=DIRECTION('',(0.,0.,1.));
#3221=DIRECTION('',(1.19248806385E-8,-1.,0.));
#3222=DIRECTION('',(0.,0.,1.));
#3223=DIRECTION('',(0.999999999999985,1.74845553146897E-7,0.));
#3224=DIRECTION('',(0.,0.,1.));
#3225=DIRECTION('',(0.999999999999985,1.74845553146897E-7,0.));
#3226=DIRECTION('',(0.,0.,1.));
#3227=DIRECTION('',(-0.999999999999996,-8.74227765734797E-8,0.));
#3228=DIRECTION('',(0.,0.,1.));
#3229=DIRECTION('',(-0.999999999999996,-8.74227765734797E-8,0.));
#3230=DIRECTION('',(0.,0.,1.));
#3231=DIRECTION('',(-0.999999999999996,-8.74227765734797E-8,0.));
#3232=DIRECTION('',(0.,0.,1.));
#3233=DIRECTION('',(-0.999999999999996,-8.74227765734797E-8,0.));
#3234=DIRECTION('',(0.,0.,1.));
#3235=DIRECTION('',(0.999999999999985,1.74845553146897E-7,0.));
#3236=DIRECTION('',(0.,0.,1.));
#3237=DIRECTION('',(-0.999999999999996,-8.74227765734797E-8,0.));
#3238=DIRECTION('',(0.,0.,1.));
#3239=DIRECTION('',(0.999999999999985,1.74845553146897E-7,0.));
#3240=DIRECTION('',(0.,0.,1.));
#3241=DIRECTION('',(-0.999999999999996,-8.74227765734797E-8,0.));
#3242=DIRECTION('',(0.,0.,1.));
#3243=DIRECTION('',(0.999999999999985,1.74845553146897E-7,0.));
#3244=DIRECTION('',(0.,0.,1.));
#3245=DIRECTION('',(1.19248806385E-8,-1.,0.));
#3246=DIRECTION('',(0.,0.,1.));
#3247=DIRECTION('',(1.19248806385E-8,-1.,0.));
#3248=DIRECTION('',(0.,0.,1.));
#3249=DIRECTION('',(0.999999999999985,1.74845553146897E-7,0.));
#3250=DIRECTION('',(0.,0.,1.));
#3251=DIRECTION('',(0.999999999999985,1.74845553146897E-7,0.));
#3252=DIRECTION('',(0.,0.,1.));
#3253=DIRECTION('',(0.999999999999985,1.74845553146897E-7,0.));
#3254=DIRECTION('',(0.,0.,1.));
#3255=DIRECTION('',(1.19248806385E-8,-1.,0.));
#3256=DIRECTION('',(0.,0.,1.));
#3257=DIRECTION('',(1.19248806385E-8,-1.,0.));
#3258=DIRECTION('axis',(0.,0.,1.));
#3259=DIRECTION('refdir',(1.,0.,0.));
#3260=DIRECTION('axis',(0.,0.,1.));
#3261=DIRECTION('refdir',(1.,0.,0.));
#3262=DIRECTION('',(0.,0.,1.));
#3263=DIRECTION('',(-4.371138828674E-8,0.999999999999999,0.));
#3264=DIRECTION('axis',(0.,0.,1.));
#3265=DIRECTION('refdir',(1.,0.,0.));
#3266=DIRECTION('axis',(0.,0.,1.));
#3267=DIRECTION('refdir',(1.,0.,0.));
#3268=DIRECTION('',(0.,0.,1.));
#3269=DIRECTION('',(0.999999999999985,1.74845553146897E-7,0.));
#3270=DIRECTION('',(0.,0.,1.));
#3271=DIRECTION('',(0.999999999999985,1.74845553146897E-7,0.));
#3272=DIRECTION('axis',(0.,0.,1.));
#3273=DIRECTION('refdir',(1.,0.,0.));
#3274=DIRECTION('axis',(0.,0.,1.));
#3275=DIRECTION('refdir',(1.,0.,0.));
#3276=DIRECTION('axis',(0.,0.,1.));
#3277=DIRECTION('refdir',(1.,0.,0.));
#3278=DIRECTION('',(-8.74227765734796E-8,0.999999999999995,-4.37113882867398E-8));
#3279=DIRECTION('',(-0.999999999999996,-8.74227765734797E-8,7.88860905221009E-31));
#3280=DIRECTION('',(1.74845553146897E-7,-0.999999999999984,-4.37113882867393E-8));
#3281=DIRECTION('',(0.999999999999985,1.74845553146897E-7,1.577721810442E-30));
#3282=DIRECTION('',(1.74845553146897E-7,-0.999999999999984,-4.37113882867393E-8));
#3283=DIRECTION('',(0.999999999999985,1.74845553146897E-7,1.577721810442E-30));
#3284=DIRECTION('',(-8.74227765734796E-8,0.999999999999995,-4.37113882867398E-8));
#3285=DIRECTION('',(-0.999999999999996,-8.74227765734797E-8,7.88860905221009E-31));
#3286=DIRECTION('axis',(0.,0.,1.));
#3287=DIRECTION('refdir',(1.,0.,0.));
#3288=DIRECTION('axis',(0.,0.,1.));
#3289=DIRECTION('refdir',(1.,0.,0.));
#3290=DIRECTION('',(0.,0.,1.));
#3291=DIRECTION('',(-4.371138828674E-8,0.999999999999999,0.));
#3292=DIRECTION('axis',(0.,0.,1.));
#3293=DIRECTION('refdir',(1.,0.,0.));
#3294=DIRECTION('axis',(0.,0.,1.));
#3295=DIRECTION('refdir',(1.,0.,0.));
#3296=DIRECTION('axis',(0.,0.,1.));
#3297=DIRECTION('refdir',(1.,0.,0.));
#3298=DIRECTION('',(6.170970167611E-13,-1.,1.110223024624E-16));
#3299=DIRECTION('',(1.,6.170970167611E-13,-1.795133192659E-16));
#3300=DIRECTION('',(0.,0.,1.));
#3301=DIRECTION('',(1.19248806385E-8,-1.,0.));
#3302=DIRECTION('axis',(0.,0.,1.));
#3303=DIRECTION('refdir',(1.,0.,0.));
#3304=DIRECTION('axis',(0.,0.,1.));
#3305=DIRECTION('refdir',(1.,0.,0.));
#3306=DIRECTION('',(0.,0.,1.));
#3307=DIRECTION('',(0.999999999999985,1.74845553146897E-7,0.));
#3308=DIRECTION('axis',(0.,0.,1.));
#3309=DIRECTION('refdir',(1.,0.,0.));
#3310=DIRECTION('axis',(0.,0.,1.));
#3311=DIRECTION('refdir',(1.,0.,0.));
#3312=DIRECTION('',(0.,0.,1.));
#3313=DIRECTION('',(-0.999999999999996,-8.74227765734797E-8,0.));
#3314=DIRECTION('center_axis',(0.,0.,-1.));
#3315=DIRECTION('ref_axis',(1.,0.,0.));
#3316=DIRECTION('center_axis',(0.,0.,-1.));
#3317=DIRECTION('ref_axis',(1.,0.,0.));
#3318=DIRECTION('',(0.,0.,-1.));
#3319=DIRECTION('center_axis',(0.,0.,1.));
#3320=DIRECTION('ref_axis',(1.,0.,0.));
#3321=DIRECTION('',(0.,0.,1.));
#3322=DIRECTION('',(0.,0.,1.));
#3323=DIRECTION('center_axis',(0.,0.,-1.));
#3324=DIRECTION('ref_axis',(-1.,0.,0.));
#3325=DIRECTION('',(0.,1.,0.));
#3326=DIRECTION('',(-1.,0.,0.));
#3327=DIRECTION('',(0.,-1.,0.));
#3328=DIRECTION('',(1.,0.,0.));
#3329=DIRECTION('',(-1.,0.,0.));
#3330=DIRECTION('',(0.,1.,0.));
#3331=DIRECTION('',(1.,0.,0.));
#3332=DIRECTION('',(0.,-1.,0.));
#3333=DIRECTION('center_axis',(1.,0.,0.));
#3334=DIRECTION('ref_axis',(0.,-1.,0.));
#3335=DIRECTION('',(0.,-1.,0.));
#3336=DIRECTION('',(0.,0.,1.));
#3337=DIRECTION('',(0.,0.,1.));
#3338=DIRECTION('',(0.,0.,1.));
#3339=DIRECTION('',(0.,0.,1.));
#3340=DIRECTION('',(0.,0.,1.));
#3341=DIRECTION('center_axis',(0.,0.,-1.));
#3342=DIRECTION('ref_axis',(-1.,0.,0.));
#3343=DIRECTION('',(-1.,0.,0.));
#3344=DIRECTION('',(0.,1.,0.));
#3345=DIRECTION('',(1.,0.,0.));
#3346=DIRECTION('center_axis',(-1.,0.,0.));
#3347=DIRECTION('ref_axis',(0.,1.,0.));
#3348=DIRECTION('center_axis',(0.,1.,0.));
#3349=DIRECTION('ref_axis',(1.,0.,0.));
#3350=DIRECTION('',(0.,0.,1.));
#3351=DIRECTION('center_axis',(0.,-1.,0.));
#3352=DIRECTION('ref_axis',(-1.,0.,0.));
#3353=DIRECTION('center_axis',(0.,-1.,0.));
#3354=DIRECTION('ref_axis',(-1.,0.,0.));
#3355=DIRECTION('',(-1.,0.,0.));
#3356=DIRECTION('',(0.,0.,-1.));
#3357=DIRECTION('',(0.,0.,-1.));
#3358=DIRECTION('center_axis',(1.,0.,0.));
#3359=DIRECTION('ref_axis',(0.,-1.,0.));
#3360=DIRECTION('',(0.,-1.,0.));
#3361=DIRECTION('',(0.,0.,-1.));
#3362=DIRECTION('center_axis',(0.,1.,0.));
#3363=DIRECTION('ref_axis',(1.,0.,0.));
#3364=DIRECTION('',(1.,0.,0.));
#3365=DIRECTION('',(0.,0.,-1.));
#3366=DIRECTION('center_axis',(-1.,0.,0.));
#3367=DIRECTION('ref_axis',(0.,1.,0.));
#3368=DIRECTION('',(0.,1.,0.));
#3369=DIRECTION('center_axis',(0.,0.,1.));
#3370=DIRECTION('ref_axis',(1.,0.,0.));
#3371=DIRECTION('',(0.,0.,1.));
#3372=DIRECTION('',(1.,0.,0.));
#3373=DIRECTION('',(0.,0.,1.));
#3374=DIRECTION('',(1.,0.,0.));
#3375=DIRECTION('',(0.,0.,1.));
#3376=DIRECTION('',(1.,0.,0.));
#3377=DIRECTION('',(0.,0.,1.));
#3378=DIRECTION('',(1.,0.,0.));
#3379=DIRECTION('',(0.,0.,1.));
#3380=DIRECTION('',(1.,0.,0.));
#3381=DIRECTION('',(0.,0.,1.));
#3382=DIRECTION('',(1.,0.,0.));
#3383=DIRECTION('',(0.,0.,1.));
#3384=DIRECTION('',(1.,0.,0.));
#3385=DIRECTION('',(0.,0.,1.));
#3386=DIRECTION('',(1.,0.,0.));
#3387=DIRECTION('',(0.,0.,1.));
#3388=DIRECTION('',(1.,0.,0.));
#3389=DIRECTION('',(0.,0.,1.));
#3390=DIRECTION('',(1.,0.,0.));
#3391=DIRECTION('',(0.,0.,1.));
#3392=DIRECTION('',(1.,0.,0.));
#3393=DIRECTION('',(0.,0.,1.));
#3394=DIRECTION('',(1.,0.,0.));
#3395=DIRECTION('',(0.,0.,1.));
#3396=DIRECTION('',(1.,0.,0.));
#3397=DIRECTION('',(0.,0.,1.));
#3398=DIRECTION('',(1.,0.,0.));
#3399=DIRECTION('',(0.,0.,1.));
#3400=DIRECTION('',(1.,0.,0.));
#3401=DIRECTION('',(0.,0.,1.));
#3402=DIRECTION('',(1.,0.,0.));
#3403=DIRECTION('',(0.,0.,1.));
#3404=DIRECTION('',(1.,0.,0.));
#3405=DIRECTION('',(0.,0.,1.));
#3406=DIRECTION('',(1.,0.,0.));
#3407=DIRECTION('',(0.,0.,1.));
#3408=DIRECTION('',(1.,0.,0.));
#3409=DIRECTION('',(0.,0.,1.));
#3410=DIRECTION('',(1.,0.,0.));
#3411=DIRECTION('',(0.,0.,1.));
#3412=DIRECTION('',(1.,0.,0.));
#3413=DIRECTION('',(0.,0.,1.));
#3414=DIRECTION('',(1.,0.,0.));
#3415=DIRECTION('',(0.,0.,1.));
#3416=DIRECTION('',(1.,0.,0.));
#3417=DIRECTION('',(0.,0.,1.));
#3418=DIRECTION('',(1.,0.,0.));
#3419=DIRECTION('',(0.,0.,1.));
#3420=DIRECTION('',(1.,0.,0.));
#3421=DIRECTION('',(0.,0.,1.));
#3422=DIRECTION('',(1.,0.,0.));
#3423=DIRECTION('',(0.,0.,1.));
#3424=DIRECTION('',(1.,0.,0.));
#3425=DIRECTION('',(0.,0.,1.));
#3426=DIRECTION('',(1.,0.,0.));
#3427=DIRECTION('',(0.,0.,1.));
#3428=DIRECTION('',(1.,0.,0.));
#3429=DIRECTION('',(0.,0.,1.));
#3430=DIRECTION('',(1.,0.,0.));
#3431=DIRECTION('',(0.,0.,1.));
#3432=DIRECTION('',(1.,0.,0.));
#3433=DIRECTION('',(0.,0.,1.));
#3434=DIRECTION('',(1.,0.,0.));
#3435=DIRECTION('',(0.,0.,1.));
#3436=DIRECTION('',(1.,0.,0.));
#3437=DIRECTION('',(0.,0.,1.));
#3438=DIRECTION('',(1.,0.,0.));
#3439=DIRECTION('',(0.,0.,1.));
#3440=DIRECTION('',(1.,0.,0.));
#3441=DIRECTION('',(0.,0.,1.));
#3442=DIRECTION('',(1.,0.,0.));
#3443=DIRECTION('',(0.,0.,1.));
#3444=DIRECTION('',(1.,0.,0.));
#3445=DIRECTION('',(0.,0.,1.));
#3446=DIRECTION('',(1.,0.,0.));
#3447=DIRECTION('',(0.,0.,1.));
#3448=DIRECTION('',(1.,0.,0.));
#3449=DIRECTION('',(0.,0.,1.));
#3450=DIRECTION('',(1.,0.,0.));
#3451=DIRECTION('',(0.,0.,1.));
#3452=DIRECTION('',(1.,0.,0.));
#3453=DIRECTION('',(0.,0.,1.));
#3454=DIRECTION('',(1.,0.,0.));
#3455=DIRECTION('',(0.,0.,1.));
#3456=DIRECTION('',(1.,0.,0.));
#3457=DIRECTION('',(0.,0.,1.));
#3458=DIRECTION('',(1.,0.,0.));
#3459=DIRECTION('',(0.,0.,1.));
#3460=DIRECTION('',(1.,0.,0.));
#3461=DIRECTION('',(0.,0.,1.));
#3462=DIRECTION('',(1.,0.,0.));
#3463=DIRECTION('',(0.,0.,1.));
#3464=DIRECTION('',(1.,0.,0.));
#3465=DIRECTION('',(0.,0.,1.));
#3466=DIRECTION('',(1.,0.,0.));
#3467=DIRECTION('',(0.,0.,1.));
#3468=DIRECTION('',(1.,0.,0.));
#3469=DIRECTION('',(0.,0.,1.));
#3470=DIRECTION('',(1.,0.,0.));
#3471=DIRECTION('',(0.,0.,1.));
#3472=DIRECTION('',(1.,0.,0.));
#3473=DIRECTION('',(0.,0.,1.));
#3474=DIRECTION('',(1.,0.,0.));
#3475=DIRECTION('',(0.,0.,1.));
#3476=DIRECTION('',(1.,0.,0.));
#3477=DIRECTION('',(0.,0.,1.));
#3478=DIRECTION('',(1.,0.,0.));
#3479=DIRECTION('',(0.,0.,1.));
#3480=DIRECTION('',(1.,0.,0.));
#3481=CARTESIAN_POINT('',(0.,0.,0.));
#3482=CARTESIAN_POINT('',(0.,0.,0.));
#3483=CARTESIAN_POINT('',(0.,0.,0.));
#3484=CARTESIAN_POINT('',(0.,0.,-1.6060039));
#3485=CARTESIAN_POINT('',(0.,0.,0.));
#3486=CARTESIAN_POINT('',(0.,0.,0.));
#3487=CARTESIAN_POINT('',(0.,0.,0.));
#3488=CARTESIAN_POINT('',(0.,0.,0.));
#3489=CARTESIAN_POINT('',(0.,0.,0.));
#3490=CARTESIAN_POINT('',(0.,0.,0.));
#3491=CARTESIAN_POINT('',(0.,0.,0.));
#3492=CARTESIAN_POINT('',(0.,0.,0.));
#3493=CARTESIAN_POINT('',(27.054900150137,7.163637395693,0.));
#3494=CARTESIAN_POINT('',(0.,0.,0.));
#3495=CARTESIAN_POINT('',(0.,0.,0.));
#3496=CARTESIAN_POINT('',(0.,0.,0.));
#3497=CARTESIAN_POINT('',(0.,0.,0.));
#3498=CARTESIAN_POINT('',(0.,0.,0.));
#3499=CARTESIAN_POINT('',(0.,0.,-0.48199802));
#3500=CARTESIAN_POINT('',(0.,0.,0.));
#3501=CARTESIAN_POINT('',(0.,0.,0.));
#3502=CARTESIAN_POINT('',(0.,0.,0.));
#3503=CARTESIAN_POINT('',(0.,0.,0.));
#3504=CARTESIAN_POINT('',(0.,0.,0.));
#3505=CARTESIAN_POINT('',(0.,0.,0.));
#3506=CARTESIAN_POINT('',(0.,0.,0.));
#3507=CARTESIAN_POINT('',(0.,0.,0.));
#3508=CARTESIAN_POINT('',(0.,0.,0.));
#3509=CARTESIAN_POINT('',(2.714158173945,9.914158516445,0.));
#3510=CARTESIAN_POINT('',(2.374756928828,9.574749641934,0.));
#3511=CARTESIAN_POINT('',(2.544449921992,9.744457893887,0.));
#3512=CARTESIAN_POINT('',(0.,0.,0.));
#3513=CARTESIAN_POINT('',(0.,0.,0.));
#3514=CARTESIAN_POINT('',(0.,0.,0.));
#3515=CARTESIAN_POINT('',(0.,0.,0.));
#3516=CARTESIAN_POINT('',(0.,0.,0.));
#3517=CARTESIAN_POINT('',(0.,0.,0.));
#3518=CARTESIAN_POINT('',(0.,0.,0.));
#3519=CARTESIAN_POINT('',(-2.5,0.,0.9));
#3520=CARTESIAN_POINT('',(5.627152558711,4.674999886074,0.));
#3521=CARTESIAN_POINT('',(0.,0.,0.));
#3522=CARTESIAN_POINT('',(0.,0.,0.));
#3523=CARTESIAN_POINT('',(0.,0.,0.));
#3524=CARTESIAN_POINT('',(0.,0.,0.));
#3525=CARTESIAN_POINT('',(0.,0.,0.));
#3526=CARTESIAN_POINT('',(0.,0.,0.));
#3527=CARTESIAN_POINT('',(0.,0.,0.));
#3528=CARTESIAN_POINT('',(0.,0.,0.));
#3529=CARTESIAN_POINT('',(0.,0.,0.));
#3530=CARTESIAN_POINT('',(9.22499191418,8.899998360195,0.));
#3531=CARTESIAN_POINT('',(9.464997407344,8.899998360195,0.));
#3532=CARTESIAN_POINT('',(8.985001679805,8.899998360195,0.));
#3533=CARTESIAN_POINT('',(0.,0.,0.));
#3534=CARTESIAN_POINT('',(0.,0.,0.));
#3535=CARTESIAN_POINT('',(0.,0.,0.));
#3536=CARTESIAN_POINT('',(3.949998017695,9.149998360195,0.));
#3537=CARTESIAN_POINT('',(3.949998017695,8.910000496426,0.));
#3538=CARTESIAN_POINT('',(3.949998017695,9.389996223965,0.));
#3539=CARTESIAN_POINT('',(5.175004121211,9.174999886074,0.));
#3540=CARTESIAN_POINT('',(5.175004121211,9.415005379238,0.));
#3541=CARTESIAN_POINT('',(5.175004121211,8.935002022305,0.));
#3542=CARTESIAN_POINT('',(0.,0.,0.));
#3543=CARTESIAN_POINT('',(0.,0.,0.));
#3544=CARTESIAN_POINT('',(0.,0.,0.));
#3545=CARTESIAN_POINT('',(0.,0.,0.));
#3546=CARTESIAN_POINT('',(0.,0.,0.));
#3547=CARTESIAN_POINT('',(0.,0.,0.));
#3548=CARTESIAN_POINT('',(0.,0.,0.));
#3549=CARTESIAN_POINT('',(0.,0.,0.));
#3550=CARTESIAN_POINT('',(0.,0.,0.));
#3551=CARTESIAN_POINT('',(0.,0.,0.));
#3552=CARTESIAN_POINT('',(0.,0.,0.));
#3553=CARTESIAN_POINT('',(0.,0.,0.));
#3554=CARTESIAN_POINT('',(0.,0.,0.));
#3555=CARTESIAN_POINT('',(0.,0.,0.));
#3556=CARTESIAN_POINT('',(0.,0.,0.));
#3557=CARTESIAN_POINT('',(0.,0.,0.));
#3558=CARTESIAN_POINT('',(0.,0.,0.));
#3559=CARTESIAN_POINT('',(0.,0.,0.));
#3560=CARTESIAN_POINT('',(0.,0.,0.));
#3561=CARTESIAN_POINT('',(0.,0.,0.));
#3562=CARTESIAN_POINT('',(0.,0.,0.));
#3563=CARTESIAN_POINT('',(0.,0.,0.));
#3564=CARTESIAN_POINT('',(0.,0.,0.));
#3565=CARTESIAN_POINT('',(0.,0.,0.));
#3566=CARTESIAN_POINT('',(0.,0.,0.));
#3567=CARTESIAN_POINT('',(0.,0.,0.));
#3568=CARTESIAN_POINT('',(0.,0.,0.));
#3569=CARTESIAN_POINT('',(0.,0.,0.));
#3570=CARTESIAN_POINT('',(-3.5,-3.5,0.1));
#3571=CARTESIAN_POINT('',(0.,0.,0.));
#3572=CARTESIAN_POINT('',(5.200043794063,5.462582283535,1.349999785423));
#3573=CARTESIAN_POINT('',(0.587632295039,10.47511737875,1.200000166893));
#3574=CARTESIAN_POINT('',(0.,0.,0.));
#3575=CARTESIAN_POINT('',(0.,0.,0.));
#3576=CARTESIAN_POINT('',(0.,0.,0.));
#3577=CARTESIAN_POINT('',(0.,0.,0.));
#3578=CARTESIAN_POINT('',(7.600007172969,9.549999886074,0.));
#3579=CARTESIAN_POINT('',(0.,0.,0.));
#3580=CARTESIAN_POINT('',(0.,0.,0.));
#3581=CARTESIAN_POINT('',(0.,0.,0.));
#3582=CARTESIAN_POINT('',(0.,0.,0.));
#3583=CARTESIAN_POINT('',(0.,0.,0.));
#3584=CARTESIAN_POINT('',(0.,0.,0.));
#3585=CARTESIAN_POINT('',(0.,0.,0.));
#3586=CARTESIAN_POINT('',(0.,0.,0.));
#3587=CARTESIAN_POINT('',(0.,0.,0.));
#3588=CARTESIAN_POINT('',(0.,0.,0.));
#3589=CARTESIAN_POINT('',(0.,0.,0.));
#3590=CARTESIAN_POINT('',(0.,0.,0.));
#3591=CARTESIAN_POINT('',(0.,0.,0.));
#3592=CARTESIAN_POINT('',(0.,0.,0.));
#3593=CARTESIAN_POINT('',(0.,0.,0.));
#3594=CARTESIAN_POINT('',(0.,0.,0.));
#3595=CARTESIAN_POINT('',(0.,0.,0.));
#3596=CARTESIAN_POINT('',(0.,0.,0.));
#3597=CARTESIAN_POINT('',(0.,0.,0.));
#3598=CARTESIAN_POINT('',(0.,0.,0.));
#3599=CARTESIAN_POINT('',(1.149994965938,1.574993782559,0.));
#3600=CARTESIAN_POINT('',(1.149994965938,2.024998360195,0.));
#3601=CARTESIAN_POINT('',(1.149994965938,1.124996834316,0.));
#3602=CARTESIAN_POINT('',(1.149994965938,3.499996834316,0.));
#3603=CARTESIAN_POINT('',(1.149994965938,3.049999886074,0.));
#3604=CARTESIAN_POINT('',(1.149994965938,3.950001411953,0.));
#3605=CARTESIAN_POINT('',(0.,0.,0.));
#3606=CARTESIAN_POINT('',(0.,0.,0.));
#3607=CARTESIAN_POINT('',(0.,0.,0.));
#3608=CARTESIAN_POINT('',(0.,0.,0.));
#3609=CARTESIAN_POINT('',(1.375001069453,5.810002022305,0.));
#3610=CARTESIAN_POINT('',(1.375001069453,6.289997749844,0.));
#3611=CARTESIAN_POINT('',(1.375001069453,6.049999886074,0.));
#3612=CARTESIAN_POINT('',(0.,0.,0.));
#3613=CARTESIAN_POINT('',(0.,0.,0.));
#3614=CARTESIAN_POINT('',(0.,0.,0.));
#3615=CARTESIAN_POINT('',(0.,0.,0.));
#3616=CARTESIAN_POINT('',(1.975007172969,13.409992867031,0.));
#3617=CARTESIAN_POINT('',(1.975007172969,13.890003853359,0.));
#3618=CARTESIAN_POINT('',(1.975007172969,13.649998360195,0.));
#3619=CARTESIAN_POINT('',(3.375001069453,9.914997749844,0.));
#3620=CARTESIAN_POINT('',(3.375001069453,9.435002022305,0.));
#3621=CARTESIAN_POINT('',(3.375001069453,9.674999886074,0.));
#3622=CARTESIAN_POINT('',(9.869996186641,3.399998360195,0.));
#3623=CARTESIAN_POINT('',(9.869996186641,3.160000496426,0.));
#3624=CARTESIAN_POINT('',(9.869996186641,3.640003853359,0.));
#3625=CARTESIAN_POINT('',(9.869996186641,7.414997749844,0.));
#3626=CARTESIAN_POINT('',(9.869996186641,6.935002022305,0.));
#3627=CARTESIAN_POINT('',(9.869996186641,7.174999886074,0.));
#3628=CARTESIAN_POINT('',(0.,0.,0.));
#3629=CARTESIAN_POINT('',(0.,0.,0.));
#3630=CARTESIAN_POINT('',(0.,0.,0.));
#3631=CARTESIAN_POINT('',(1.414994355586,8.774998360195,0.));
#3632=CARTESIAN_POINT('',(0.934998628047,8.774998360195,0.));
#3633=CARTESIAN_POINT('',(1.175004121211,8.774998360195,0.));
#3634=CARTESIAN_POINT('',(1.47499191418,9.349995308437,0.));
#3635=CARTESIAN_POINT('',(1.714997407344,9.349995308437,0.));
#3636=CARTESIAN_POINT('',(1.235001679805,9.349995308437,0.));
#3637=CARTESIAN_POINT('',(9.175004121211,9.999996834316,0.));
#3638=CARTESIAN_POINT('',(8.934998628047,9.999996834316,0.));
#3639=CARTESIAN_POINT('',(9.414994355586,9.999996834316,0.));
#3640=CARTESIAN_POINT('',(5.785004731563,9.549999886074,0.));
#3641=CARTESIAN_POINT('',(6.265000459102,9.549999886074,0.));
#3642=CARTESIAN_POINT('',(6.024994965938,9.549999886074,0.));
#3643=CARTESIAN_POINT('',(6.074998017695,8.899998360195,0.));
#3644=CARTESIAN_POINT('',(6.315003510859,8.899998360195,0.));
#3645=CARTESIAN_POINT('',(5.834992524531,8.899998360195,0.));
#3646=CARTESIAN_POINT('',(4.524994965938,13.92499225668,0.));
#3647=CARTESIAN_POINT('',(4.765000459102,13.92499225668,0.));
#3648=CARTESIAN_POINT('',(4.285004731563,13.92499225668,0.));
#3649=CARTESIAN_POINT('',(6.535004731563,12.444996529141,0.));
#3650=CARTESIAN_POINT('',(7.015000459102,12.444996529141,0.));
#3651=CARTESIAN_POINT('',(6.774994965938,12.444996529141,0.));
#3652=CARTESIAN_POINT('',(5.634995576289,13.92499225668,0.));
#3653=CARTESIAN_POINT('',(6.115006562617,13.92499225668,0.));
#3654=CARTESIAN_POINT('',(5.875001069453,13.92499225668,0.));
#3655=CARTESIAN_POINT('',(3.625001069453,12.444996529141,0.));
#3656=CARTESIAN_POINT('',(3.384995576289,12.444996529141,0.));
#3657=CARTESIAN_POINT('',(3.865006562617,12.444996529141,0.));
#3658=CARTESIAN_POINT('',(1.414994355586,8.200001411953,0.));
#3659=CARTESIAN_POINT('',(0.934998628047,8.200001411953,0.));
#3660=CARTESIAN_POINT('',(1.175004121211,8.200001411953,0.));
#3661=CARTESIAN_POINT('',(1.174988862422,7.575001411953,0.));
#3662=CARTESIAN_POINT('',(1.414994355586,7.575001411953,0.));
#3663=CARTESIAN_POINT('',(0.934998628047,7.575001411953,0.));
#3664=CARTESIAN_POINT('',(3.735001679805,0.450001411953,0.));
#3665=CARTESIAN_POINT('',(4.214997407344,0.450001411953,0.));
#3666=CARTESIAN_POINT('',(3.97499191418,0.450001411953,0.));
#3667=CARTESIAN_POINT('',(9.225007172969,9.450001411953,0.));
#3668=CARTESIAN_POINT('',(8.985001679805,9.450001411953,0.));
#3669=CARTESIAN_POINT('',(9.464997407344,9.450001411953,0.));
#3670=CARTESIAN_POINT('',(0.909989472773,6.799999886074,0.));
#3671=CARTESIAN_POINT('',(1.390000459102,6.799999886074,0.));
#3672=CARTESIAN_POINT('',(1.149994965938,6.799999886074,0.));
#3673=CARTESIAN_POINT('',(0.925004121211,10.024998360195,0.));
#3674=CARTESIAN_POINT('',(1.40499984875,10.024998360195,0.));
#3675=CARTESIAN_POINT('',(1.164994355586,10.024998360195,0.));
#3676=CARTESIAN_POINT('',(1.149994965938,4.750004463711,0.));
#3677=CARTESIAN_POINT('',(1.390000459102,4.750004463711,0.));
#3678=CARTESIAN_POINT('',(0.910004731563,4.750004463711,0.));
#3679=CARTESIAN_POINT('',(1.149994965938,5.299999886074,0.));
#3680=CARTESIAN_POINT('',(1.390000459102,5.299999886074,0.));
#3681=CARTESIAN_POINT('',(0.910004731563,5.299999886074,0.));
#3682=CARTESIAN_POINT('',(2.84999191418,8.924999886074,0.));
#3683=CARTESIAN_POINT('',(3.089997407344,8.924999886074,0.));
#3684=CARTESIAN_POINT('',(2.610001679805,8.924999886074,0.));
#3685=CARTESIAN_POINT('',(0.,0.,0.));
#3686=CARTESIAN_POINT('',(0.,0.,0.));
#3687=CARTESIAN_POINT('',(0.,0.,0.));
#3688=CARTESIAN_POINT('',(0.,0.,0.));
#3689=CARTESIAN_POINT('',(0.,0.,0.));
#3690=CARTESIAN_POINT('',(0.,0.,0.));
#3691=CARTESIAN_POINT('',(0.,0.,0.));
#3692=CARTESIAN_POINT('',(0.,0.,0.));
#3693=CARTESIAN_POINT('',(0.,0.,0.));
#3694=CARTESIAN_POINT('',(0.,0.,0.));
#3695=CARTESIAN_POINT('',(0.,0.,0.));
#3696=CARTESIAN_POINT('',(0.,0.,0.));
#3697=CARTESIAN_POINT('',(0.,0.,0.));
#3698=CARTESIAN_POINT('',(0.,0.,0.));
#3699=CARTESIAN_POINT('',(0.,0.,0.));
#3700=CARTESIAN_POINT('',(0.,0.,0.));
#3701=CARTESIAN_POINT('',(0.,0.,0.));
#3702=CARTESIAN_POINT('',(0.,0.,0.));
#3703=CARTESIAN_POINT('',(0.,0.,0.));
#3704=CARTESIAN_POINT('',(0.,0.,0.));
#3705=CARTESIAN_POINT('',(0.,0.,0.));
#3706=CARTESIAN_POINT('',(0.,0.,0.));
#3707=CARTESIAN_POINT('',(0.,0.,0.));
#3708=CARTESIAN_POINT('',(0.,0.,0.));
#3709=CARTESIAN_POINT('',(0.,0.,0.));
#3710=CARTESIAN_POINT('',(0.,0.,0.));
#3711=CARTESIAN_POINT('',(0.,0.,0.));
#3712=CARTESIAN_POINT('',(0.,0.,0.));
#3713=CARTESIAN_POINT('',(0.,0.,0.));
#3714=CARTESIAN_POINT('',(0.,0.,0.));
#3715=CARTESIAN_POINT('',(0.,0.,0.));
#3716=CARTESIAN_POINT('',(0.,0.,0.));
#3717=CARTESIAN_POINT('',(0.,0.,0.));
#3718=CARTESIAN_POINT('',(28.819563846426,14.083002324893,0.499998986721));
#3719=CARTESIAN_POINT('',(0.,0.,0.));
#3720=CARTESIAN_POINT('',(0.,0.,0.));
#3721=CARTESIAN_POINT('',(0.,0.,0.));
#3722=CARTESIAN_POINT('',(6.942561130361,13.890001531436,0.));
#3723=CARTESIAN_POINT('',(27.235365848379,10.313513036563,0.));
#3724=CARTESIAN_POINT('',(0.,0.,0.));
#3725=CARTESIAN_POINT('',(0.,0.,0.));
#3726=CARTESIAN_POINT('',(0.,0.,0.));
#3727=CARTESIAN_POINT('',(0.,0.,0.));
#3728=CARTESIAN_POINT('',(0.,0.,0.));
#3729=CARTESIAN_POINT('',(0.,0.,0.));
#3730=CARTESIAN_POINT('',(0.,0.,0.));
#3731=CARTESIAN_POINT('',(0.,0.,0.));
#3732=CARTESIAN_POINT('',(0.,0.,0.));
#3733=CARTESIAN_POINT('',(0.,0.,0.));
#3734=CARTESIAN_POINT('',(0.,0.,0.));
#3735=CARTESIAN_POINT('',(0.,0.,0.));
#3736=CARTESIAN_POINT('',(-3.05,-2.55,0.));
#3737=CARTESIAN_POINT('',(-3.05,-2.55,0.));
#3738=CARTESIAN_POINT('',(-1.7,-2.,0.));
#3739=CARTESIAN_POINT('',(-3.05,-2.1125,0.));
#3740=CARTESIAN_POINT('',(-3.05,-0.8425,0.));
#3741=CARTESIAN_POINT('',(-3.05,0.4275,0.));
#3742=CARTESIAN_POINT('',(-3.05,1.6975,0.));
#3743=CARTESIAN_POINT('',(3.05,-1.6975,0.));
#3744=CARTESIAN_POINT('',(3.05,-0.4275,0.));
#3745=CARTESIAN_POINT('',(3.05,0.8425,0.));
#3746=CARTESIAN_POINT('',(3.05,2.1125,0.));
#3747=CARTESIAN_POINT('',(17.98929880126,11.309988256289,0.));
#3748=CARTESIAN_POINT('',(0.,0.,0.));
#3749=CARTESIAN_POINT('',(0.,0.,0.));
#3750=CARTESIAN_POINT('',(0.,0.,0.));
#3751=CARTESIAN_POINT('',(0.,0.,0.));
#3752=CARTESIAN_POINT('',(0.,0.,0.));
#3753=CARTESIAN_POINT('',(0.,0.,0.));
#3754=CARTESIAN_POINT('',(0.,0.,0.));
#3755=CARTESIAN_POINT('',(0.,0.,0.));
#3756=CARTESIAN_POINT('',(0.,0.,0.));
#3757=CARTESIAN_POINT('',(0.,0.,0.));
#3758=CARTESIAN_POINT('',(0.,0.,0.));
#3759=CARTESIAN_POINT('',(0.,0.,0.));
#3760=CARTESIAN_POINT('',(0.,0.,0.));
#3761=CARTESIAN_POINT('',(0.,0.,0.));
#3762=CARTESIAN_POINT('',(0.,0.,0.));
#3763=CARTESIAN_POINT('',(0.,0.,0.));
#3764=CARTESIAN_POINT('',(7.262267093496,4.119959112002,0.));
#3765=CARTESIAN_POINT('',(0.,0.,0.));
#3766=CARTESIAN_POINT('',(0.,0.,0.));
#3767=CARTESIAN_POINT('',(0.,0.,0.));
#3768=CARTESIAN_POINT('',(0.,0.,0.));
#3769=CARTESIAN_POINT('',(0.,0.,0.));
#3770=CARTESIAN_POINT('',(0.,0.,0.));
#3771=CARTESIAN_POINT('',(0.,0.,0.));
#3772=CARTESIAN_POINT('',(0.,0.,0.));
#3773=CARTESIAN_POINT('',(0.,0.,0.));
#3774=CARTESIAN_POINT('',(0.,0.,0.));
#3775=CARTESIAN_POINT('',(0.,0.,0.));
#3776=CARTESIAN_POINT('',(0.,0.,0.));
#3777=CARTESIAN_POINT('',(0.,0.,0.));
#3778=CARTESIAN_POINT('',(0.,0.,0.));
#3779=CARTESIAN_POINT('',(0.,0.,0.));
#3780=CARTESIAN_POINT('',(0.,0.,0.));
#3781=CARTESIAN_POINT('',(0.,0.,0.));
#3782=CARTESIAN_POINT('',(-0.8,-1.05,0.));
#3783=CARTESIAN_POINT('',(-0.8,-1.05,0.));
#3784=CARTESIAN_POINT('',(-0.8,-0.875,0.));
#3785=CARTESIAN_POINT('',(0.8,0.875,0.));
#3786=CARTESIAN_POINT('',(-0.8,-0.375,0.));
#3787=CARTESIAN_POINT('',(0.8,0.375,0.));
#3788=CARTESIAN_POINT('',(-0.8,0.125,0.));
#3789=CARTESIAN_POINT('',(0.8,-0.125,0.));
#3790=CARTESIAN_POINT('',(-0.8,0.625,0.));
#3791=CARTESIAN_POINT('',(0.8,-0.625,0.));
#3792=CARTESIAN_POINT('',(13.368304233389,5.493303533389,0.));
#3793=CARTESIAN_POINT('',(0.,0.,0.));
#3794=CARTESIAN_POINT('',(0.,0.,0.));
#3795=CARTESIAN_POINT('',(0.,0.,0.));
#3796=CARTESIAN_POINT('',(0.,0.,0.));
#3797=CARTESIAN_POINT('',(16.598303775625,6.368311162783,0.));
#3798=CARTESIAN_POINT('',(0.,0.,0.));
#3799=CARTESIAN_POINT('',(0.,0.,0.));
#3800=CARTESIAN_POINT('',(27.335387210684,11.163511510684,0.));
#3801=CARTESIAN_POINT('',(27.360335330801,4.86351608832,0.));
#3802=CARTESIAN_POINT('',(27.360335330801,9.463518377139,0.));
#3803=CARTESIAN_POINT('',(12.774973850088,3.797495122744,0.));
#3804=CARTESIAN_POINT('',(0.,0.,0.));
#3805=CARTESIAN_POINT('',(0.,0.,0.));
#3806=CARTESIAN_POINT('',(0.,0.,0.));
#3807=CARTESIAN_POINT('',(26.88500116332,13.363512273623,0.));
#3808=CARTESIAN_POINT('',(41.300002078848,2.99999832709,0.));
#3809=CARTESIAN_POINT('',(13.600001315908,14.399999852969,0.));
#3810=CARTESIAN_POINT('',(8.741381625967,4.323499914004,0.));
#3811=CARTESIAN_POINT('',(15.824999790029,3.797498937441,0.));
#3812=CARTESIAN_POINT('',(15.059306125479,5.828302617861,0.));
#3813=CARTESIAN_POINT('',(0.,0.,0.));
#3814=CARTESIAN_POINT('',(0.,0.,0.));
#3815=CARTESIAN_POINT('',(0.,0.,0.));
#3816=CARTESIAN_POINT('',(0.,0.,0.));
#3817=CARTESIAN_POINT('',(26.885359744863,12.213514562441,0.));
#3818=CARTESIAN_POINT('',(9.939993839102,4.692003484561,0.));
#3819=CARTESIAN_POINT('',(13.898306827383,8.748308416201,0.));
#3820=CARTESIAN_POINT('',(13.898306827383,7.368307348086,0.));
#3821=CARTESIAN_POINT('',(11.319998721914,4.691999669863,0.));
#3822=CARTESIAN_POINT('',(0.,0.,0.));
#3823=CARTESIAN_POINT('',(0.,0.,0.));
#3824=CARTESIAN_POINT('',(0.,0.,0.));
#3825=CARTESIAN_POINT('',(0.,0.,0.));
#3826=CARTESIAN_POINT('',(0.,0.,0.));
#3827=CARTESIAN_POINT('',(0.,0.,0.));
#3828=CARTESIAN_POINT('',(0.,0.,0.));
#3829=CARTESIAN_POINT('',(0.,0.,0.));
#3830=CARTESIAN_POINT('',(0.,0.,0.));
#3831=CARTESIAN_POINT('',(-1.5,-1.,0.));
#3832=CARTESIAN_POINT('',(-1.85,-0.425,0.));
#3833=CARTESIAN_POINT('',(1.85,0.425,0.));
#3834=CARTESIAN_POINT('',(3.99999896709,2.000000874438,0.));
#3835=CARTESIAN_POINT('',(15.600001315908,7.67499756415,0.));
#3836=CARTESIAN_POINT('',(0.,0.,0.));
#3837=CARTESIAN_POINT('',(0.,0.,0.));
#3838=CARTESIAN_POINT('',(0.,0.,0.));
#3839=CARTESIAN_POINT('',(10.524474124746,13.964998479678,0.));
#3840=CARTESIAN_POINT('',(9.904475192861,13.964998479678,0.));
#3841=CARTESIAN_POINT('',(11.144473056631,13.964998479678,0.));
#3842=CARTESIAN_POINT('',(7.361884097891,5.690035100771,0.));
#3843=CARTESIAN_POINT('',(3.290537814932,3.29003738959,0.));
#3844=CARTESIAN_POINT('',(7.361884097891,6.389959569766,0.));
#3845=CARTESIAN_POINT('',(7.358279208975,7.045336004092,0.));
#3846=CARTESIAN_POINT('',(38.180586795645,14.579962011172,0.));
#3847=CARTESIAN_POINT('',(18.581553439932,6.707201238467,0.));
#3848=CARTESIAN_POINT('',(18.581553439932,5.507284398867,0.));
#3849=CARTESIAN_POINT('',(18.581553439932,7.307199712588,0.));
#3850=CARTESIAN_POINT('',(18.581561069326,4.307291265322,0.));
#3851=CARTESIAN_POINT('',(18.581553439932,6.107202764346,0.));
#3852=CARTESIAN_POINT('',(18.581561069326,4.907289739443,0.));
#3853=CARTESIAN_POINT('',(8.664473514395,13.964998479678,0.));
#3854=CARTESIAN_POINT('',(11.764471988516,13.964998479678,0.));
#3855=CARTESIAN_POINT('',(3.290045718984,14.490038152529,0.));
#3856=CARTESIAN_POINT('',(14.224997501211,3.797533269717,0.));
#3857=CARTESIAN_POINT('',(15.234305362539,4.593340154482,0.));
#3858=CARTESIAN_POINT('',(9.284476260977,13.964998479678,0.));
#3859=CARTESIAN_POINT('',(8.04447458251,13.964998479678,0.));
#3860=CARTESIAN_POINT('',(0.,0.,0.));
#3861=CARTESIAN_POINT('',(0.,0.,0.));
#3862=CARTESIAN_POINT('',(10.79426477416,12.440019841982,0.));
#3863=CARTESIAN_POINT('',(0.,0.,0.));
#3864=CARTESIAN_POINT('',(0.,0.,0.));
#3865=CARTESIAN_POINT('',(1.400042514639,3.04999756415,0.));
#3866=CARTESIAN_POINT('',(1.399996738271,14.730001684023,0.));
#3867=CARTESIAN_POINT('',(0.,0.,0.));
#3868=CARTESIAN_POINT('',(0.,0.,0.));
#3869=CARTESIAN_POINT('',(0.,0.,0.));
#3870=CARTESIAN_POINT('',(30.337965946035,1.26997589667,0.));
#3871=CARTESIAN_POINT('',(12.688868503408,1.269926305605,0.));
#3872=CARTESIAN_POINT('',(12.688868503408,16.509927984072,0.));
#3873=CARTESIAN_POINT('',(30.337965946035,16.509981389834,0.));
#3874=CARTESIAN_POINT('',(0.,0.,0.));
#3875=CARTESIAN_POINT('',(0.,0.,0.));
#3876=CARTESIAN_POINT('',(10.794318179922,8.889986272646,0.));
#3877=CARTESIAN_POINT('',(0.,0.,0.));
#3878=CARTESIAN_POINT('',(0.,0.,0.));
#3879=CARTESIAN_POINT('',(0.,0.,0.));
#3880=CARTESIAN_POINT('',(0.250000352778,-4.650000354574,1.280000354607));
#3881=CARTESIAN_POINT('',(3.638045291738,8.890001531436,0.309999376535));
#3882=CARTESIAN_POINT('',(0.,0.,0.));
#3883=CARTESIAN_POINT('',(0.,0.,0.));
#3884=CARTESIAN_POINT('',(7.487921695547,9.090006109072,0.));
#3885=CARTESIAN_POINT('',(0.,0.,0.));
#3886=CARTESIAN_POINT('',(0.,0.,0.));
#3887=CARTESIAN_POINT('',(7.982970218496,12.059900518252,0.));
#3888=CARTESIAN_POINT('Origin',(-35.0000005215406,9.99999955296516,0.));
#3889=CARTESIAN_POINT('',(-38.2499991450459,9.99999955296516,0.));
#3890=CARTESIAN_POINT('Origin',(-35.0000005215406,9.99999955296516,0.));
#3891=CARTESIAN_POINT('',(-38.2499991450459,9.99999955296516,-4.));
#3892=CARTESIAN_POINT('',(-38.2499991450459,9.99999955296516,0.));
#3893=CARTESIAN_POINT('Origin',(-35.0000005215406,9.99999955296516,-4.));
#3894=CARTESIAN_POINT('Ctrl Pts',(-14.0000002086163,2.99999944865704,-4.));
#3895=CARTESIAN_POINT('Ctrl Pts',(-14.0000002086163,2.99999944865704,36.));
#3896=CARTESIAN_POINT('Ctrl Pts',(-14.0000002086163,-5.96046447753906E-7,
-4.));
#3897=CARTESIAN_POINT('Ctrl Pts',(-14.0000002086163,-5.96046447753906E-7,
36.));
#3898=CARTESIAN_POINT('Ctrl Pts',(-17.0000002533197,-5.96046447753906E-7,
-4.));
#3899=CARTESIAN_POINT('Ctrl Pts',(-17.0000002533197,-5.96046447753906E-7,
36.));
#3900=CARTESIAN_POINT('',(-17.0000002533197,-5.96046447753906E-7,-2.));
#3901=CARTESIAN_POINT('',(-14.0000002086163,2.99999944865704,-2.));
#3902=CARTESIAN_POINT('Ctrl Pts',(-17.0000002533197,-5.96046447753906E-7,
-2.));
#3903=CARTESIAN_POINT('Ctrl Pts',(-16.9407869191891,-5.96046447755158E-7,
-2.));
#3904=CARTESIAN_POINT('Ctrl Pts',(-16.8841629329531,0.00016017082505724,
-2.));
#3905=CARTESIAN_POINT('Ctrl Pts',(-16.8298165519064,0.000466789608093694,
-2.));
#3906=CARTESIAN_POINT('Ctrl Pts',(-16.7725862269299,0.000789679417113092,
-2.));
#3907=CARTESIAN_POINT('Ctrl Pts',(-16.7178819659445,0.00127432703869484,
-2.));
#3908=CARTESIAN_POINT('Ctrl Pts',(-16.6653971693549,0.00190627035515496,
-2.));
#3909=CARTESIAN_POINT('Ctrl Pts',(-16.6100983640365,0.00257209575031588,
-2.));
#3910=CARTESIAN_POINT('Ctrl Pts',(-16.5572637178282,0.00340145044676669,
-2.));
#3911=CARTESIAN_POINT('Ctrl Pts',(-16.5065916800635,0.00438036749705259,
-2.));
#3912=CARTESIAN_POINT('Ctrl Pts',(-16.4517473827331,0.00543988710857912,
-2.));
#3913=CARTESIAN_POINT('Ctrl Pts',(-16.3994365809777,0.00667461595383893,
-2.));
#3914=CARTESIAN_POINT('Ctrl Pts',(-16.3493390086801,0.0080700721264363,
-2.));
#3915=CARTESIAN_POINT('Ctrl Pts',(-16.2965022381016,0.0095418280272183,
-2.));
#3916=CARTESIAN_POINT('Ctrl Pts',(-16.2461277155953,0.0111923856860472,
-2.));
#3917=CARTESIAN_POINT('Ctrl Pts',(-16.1979019180436,0.0130080155360443,
-2.));
#3918=CARTESIAN_POINT('Ctrl Pts',(-16.1470116085923,0.0149239603126255,
-2.));
#3919=CARTESIAN_POINT('Ctrl Pts',(-16.0985143932517,0.0170237389385096,
-2.));
#3920=CARTESIAN_POINT('Ctrl Pts',(-16.0521033071181,0.0192944746828831,
-2.));
#3921=CARTESIAN_POINT('Ctrl Pts',(-16.0031008664938,0.0216919965414933,
-2.));
#3922=CARTESIAN_POINT('Ctrl Pts',(-15.9564243858889,0.024280115402998,-2.));
#3923=CARTESIAN_POINT('Ctrl Pts',(-15.9117732861042,0.027046942097296,-2.));
#3924=CARTESIAN_POINT('Ctrl Pts',(-15.8646025839382,0.0299698971548693,
-2.));
#3925=CARTESIAN_POINT('Ctrl Pts',(-15.8196926585883,0.0330923126823788,
-2.));
#3926=CARTESIAN_POINT('Ctrl Pts',(-15.7767491571617,0.0364034677978813,
-2.));
#3927=CARTESIAN_POINT('Ctrl Pts',(-15.7313565471085,0.0399034612308995,
-2.));
#3928=CARTESIAN_POINT('Ctrl Pts',(-15.6881614164941,0.0436143497229951,
-2.));
#3929=CARTESIAN_POINT('Ctrl Pts',(-15.6468754939126,0.0475268238759021,
-2.));
#3930=CARTESIAN_POINT('Ctrl Pts',(-15.6032098833074,0.0516648099540019,
-2.));
#3931=CARTESIAN_POINT('Ctrl Pts',(-15.5616802779363,0.0560283013624,-2.));
#3932=CARTESIAN_POINT('Ctrl Pts',(-15.5220043600957,0.060609729113133,-2.));
#3933=CARTESIAN_POINT('Ctrl Pts',(-15.4800173511663,0.0654580214362321,
-2.));
#3934=CARTESIAN_POINT('Ctrl Pts',(-15.4401066331422,0.0705503872070866,
-2.));
#3935=CARTESIAN_POINT('Ctrl Pts',(-15.4019957353298,0.0758814457305619,
-2.));
#3936=CARTESIAN_POINT('Ctrl Pts',(-15.3616418807377,0.0815262552949267,
-2.));
#3937=CARTESIAN_POINT('Ctrl Pts',(-15.3233062923878,0.0874386840822451,
-2.));
#3938=CARTESIAN_POINT('Ctrl Pts',(-15.2867182677568,0.0936161545096648,
-2.));
#3939=CARTESIAN_POINT('Ctrl Pts',(-15.2468495099269,0.100347539298981,-2.));
#3940=CARTESIAN_POINT('Ctrl Pts',(-15.2090558863952,0.107393604575934,-2.));
#3941=CARTESIAN_POINT('Ctrl Pts',(-15.1730498724383,0.114755583773938,-2.));
#3942=CARTESIAN_POINT('Ctrl Pts',(-15.1349058276086,0.122554716021695,-2.));
#3943=CARTESIAN_POINT('Ctrl Pts',(-15.0987684216493,0.130708380654032,-2.));
#3944=CARTESIAN_POINT('Ctrl Pts',(-15.0643583255195,0.139223213981216,-2.));
#3945=CARTESIAN_POINT('Ctrl Pts',(-15.0278932335777,0.14824655930911,-2.));
#3946=CARTESIAN_POINT('Ctrl Pts',(-14.99336834933,0.157675468815583,-2.));
#3947=CARTESIAN_POINT('Ctrl Pts',(-14.960512558768,0.167523827271683,-2.));
#3948=CARTESIAN_POINT('Ctrl Pts',(-14.9256923563311,0.177961008336211,-2.));
#3949=CARTESIAN_POINT('Ctrl Pts',(-14.8927472214848,0.188869235682728,-2.));
#3950=CARTESIAN_POINT('Ctrl Pts',(-14.8614145055649,0.200272275234097,-2.));
#3951=CARTESIAN_POINT('Ctrl Pts',(-14.8282244072986,0.212351279308054,-2.));
#3952=CARTESIAN_POINT('Ctrl Pts',(-14.796843979394,0.224985396544817,-2.));
#3953=CARTESIAN_POINT('Ctrl Pts',(-14.7670197136417,0.238212030435872,-2.));
#3954=CARTESIAN_POINT('Ctrl Pts',(-14.7354798648466,0.252199500788286,-2.));
#3955=CARTESIAN_POINT('Ctrl Pts',(-14.7056807802953,0.266849446145656,-2.));
#3956=CARTESIAN_POINT('Ctrl Pts',(-14.6773795843929,0.282218180020497,-2.));
#3957=CARTESIAN_POINT('Ctrl Pts',(-14.6461429821658,0.299180962386239,-2.));
#3958=CARTESIAN_POINT('Ctrl Pts',(-14.6167311536271,0.317018913142204,-2.));
#3959=CARTESIAN_POINT('Ctrl Pts',(-14.5888815598058,0.335827176610531,-2.));
#3960=CARTESIAN_POINT('Ctrl Pts',(-14.5607432998043,0.354830391201061,-2.));
#3961=CARTESIAN_POINT('Ctrl Pts',(-14.5342006470942,0.374823821858671,-2.));
#3962=CARTESIAN_POINT('Ctrl Pts',(-14.5090367373096,0.3959300852728,-2.));
#3963=CARTESIAN_POINT('Ctrl Pts',(-14.4835763769284,0.417284997026285,-2.));
#3964=CARTESIAN_POINT('Ctrl Pts',(-14.4595280464391,0.439778645688513,-2.));
#3965=CARTESIAN_POINT('Ctrl Pts',(-14.4367112359002,0.463568900746213,-2.));
#3966=CARTESIAN_POINT('Ctrl Pts',(-14.4142155833815,0.487024296065234,-2.));
#3967=CARTESIAN_POINT('Ctrl Pts',(-14.3929175939964,0.511739589659579,-2.));
#3968=CARTESIAN_POINT('Ctrl Pts',(-14.3726779066789,0.537902641613681,-2.));
#3969=CARTESIAN_POINT('Ctrl Pts',(-14.353153932497,0.563140519198511,-2.));
#3970=CARTESIAN_POINT('Ctrl Pts',(-14.3346151870793,0.589725166264985,-2.));
#3971=CARTESIAN_POINT('Ctrl Pts',(-14.3169606529078,0.617865584738872,-2.));
#3972=CARTESIAN_POINT('Ctrl Pts',(-14.3001546982287,0.64465341119356,-2.));
#3973=CARTESIAN_POINT('Ctrl Pts',(-14.2841503094698,0.672850686666564,-2.));
#3974=CARTESIAN_POINT('Ctrl Pts',(-14.2688771773424,0.702680255958696,-2.));
#3975=CARTESIAN_POINT('Ctrl Pts',(-14.2544312931497,0.730894148166287,-2.));
#3976=CARTESIAN_POINT('Ctrl Pts',(-14.2406397963915,0.760567971695054,-2.));
#3977=CARTESIAN_POINT('Ctrl Pts',(-14.2274550815829,0.79193406501461,-2.));
#3978=CARTESIAN_POINT('Ctrl Pts',(-14.2150177538144,0.821522144021298,-2.));
#3979=CARTESIAN_POINT('Ctrl Pts',(-14.2031204893979,0.852615759123412,-2.));
#3980=CARTESIAN_POINT('Ctrl Pts',(-14.1917319863701,0.885454472202393,-2.));
#3981=CARTESIAN_POINT('Ctrl Pts',(-14.1809985895969,0.916404188432845,-2.));
#3982=CARTESIAN_POINT('Ctrl Pts',(-14.170717180261,0.948903698939232,-2.));
#3983=CARTESIAN_POINT('Ctrl Pts',(-14.1608681252708,0.983198646094579,-2.));
#3984=CARTESIAN_POINT('Ctrl Pts',(-14.1515863107042,1.0155184311281,-2.));
#3985=CARTESIAN_POINT('Ctrl Pts',(-14.1426885257965,1.04943249031618,-2.));
#3986=CARTESIAN_POINT('Ctrl Pts',(-14.1341635567434,1.08519197589067,-2.));
#3987=CARTESIAN_POINT('Ctrl Pts',(-14.1261271509954,1.11890209655243,-2.));
#3988=CARTESIAN_POINT('Ctrl Pts',(-14.1184220764864,1.15425187671367,-2.));
#3989=CARTESIAN_POINT('Ctrl Pts',(-14.1110432723117,1.19149770254018,-2.));
#3990=CARTESIAN_POINT('Ctrl Pts',(-14.1040840244485,1.22662574329867,-2.));
#3991=CARTESIAN_POINT('Ctrl Pts',(-14.097415008607,1.26344003651997,-2.));
#3992=CARTESIAN_POINT('Ctrl Pts',(-14.091035727634,1.30220208562382,-2.));
#3993=CARTESIAN_POINT('Ctrl Pts',(-14.0850157962698,1.33878063987247,-2.));
#3994=CARTESIAN_POINT('Ctrl Pts',(-14.0792538789974,1.37709338718612,-2.));
#3995=CARTESIAN_POINT('Ctrl Pts',(-14.0737529177706,1.41740692308901,-2.));
#3996=CARTESIAN_POINT('Ctrl Pts',(-14.068288579836,1.45745206691625,-2.));
#3997=CARTESIAN_POINT('Ctrl Pts',(-14.0630816979578,1.49947058470587,-2.));
#3998=CARTESIAN_POINT('Ctrl Pts',(-14.0581388661504,1.54378044134348,-2.));
#3999=CARTESIAN_POINT('Ctrl Pts',(-14.053813888319,1.5825515659014,-2.));
#4000=CARTESIAN_POINT('Ctrl Pts',(-14.0496911037613,1.623077299851,-2.));
#4001=CARTESIAN_POINT('Ctrl Pts',(-14.0457776907978,1.665615756223,-2.));
#4002=CARTESIAN_POINT('Ctrl Pts',(-14.0420895345413,1.70570569190674,-2.));
#4003=CARTESIAN_POINT('Ctrl Pts',(-14.0385873339634,1.74758307737369,-2.));
#4004=CARTESIAN_POINT('Ctrl Pts',(-14.0352796191786,1.79150722907422,-2.));
#4005=CARTESIAN_POINT('Ctrl Pts',(-14.0321370369909,1.83323853473933,-2.));
#4006=CARTESIAN_POINT('Ctrl Pts',(-14.0291699951442,1.87681705142955,-2.));
#4007=CARTESIAN_POINT('Ctrl Pts',(-14.0263882861102,1.92250919260117,-2.));
#4008=CARTESIAN_POINT('Ctrl Pts',(-14.0237441439132,1.96594167136438,-2.));
#4009=CARTESIAN_POINT('Ctrl Pts',(-14.0212674442619,2.01128359002987,-2.));
#4010=CARTESIAN_POINT('Ctrl Pts',(-14.0189690635238,2.0588087515444,-2.));
#4011=CARTESIAN_POINT('Ctrl Pts',(-14.0167832872955,2.10400551401331,-2.));
#4012=CARTESIAN_POINT('Ctrl Pts',(-14.0147587716425,2.15117652696446,-2.));
#4013=CARTESIAN_POINT('Ctrl Pts',(-14.0129073445389,2.20060329755165,-2.));
#4014=CARTESIAN_POINT('Ctrl Pts',(-14.011145787373,2.24763084821399,-2.));
#4015=CARTESIAN_POINT('Ctrl Pts',(-14.0095409083973,2.2967001659166,-2.));
#4016=CARTESIAN_POINT('Ctrl Pts',(-14.0081053897354,2.34810079907477,-2.));
#4017=CARTESIAN_POINT('Ctrl Pts',(-14.0067750828904,2.39573418479143,-2.));
#4018=CARTESIAN_POINT('Ctrl Pts',(-14.0055902177838,2.44536959369268,-2.));
#4019=CARTESIAN_POINT('Ctrl Pts',(-14.0045631846295,2.49728128538193,-2.));
#4020=CARTESIAN_POINT('Ctrl Pts',(-14.0035774578367,2.54710513493113,-2.));
#4021=CARTESIAN_POINT('Ctrl Pts',(-14.0027371057955,2.59902550535295,-2.));
#4022=CARTESIAN_POINT('Ctrl Pts',(-14.0020554407274,2.65333021445531,-2.));
#4023=CARTESIAN_POINT('Ctrl Pts',(-14.0013922220825,2.70616539300809,-2.));
#4024=CARTESIAN_POINT('Ctrl Pts',(-14.0008791933652,2.76125711352594,-2.));
#4025=CARTESIAN_POINT('Ctrl Pts',(-14.0005312015191,2.81892049051449,-2.));
#4026=CARTESIAN_POINT('Ctrl Pts',(-14.0002064489872,2.87273303780551,-2.));
#4027=CARTESIAN_POINT('Ctrl Pts',(-14.0000254201067,2.92878509402837,-2.));
#4028=CARTESIAN_POINT('Ctrl Pts',(-14.0000026551465,2.9873808356847,-2.));
#4029=CARTESIAN_POINT('Ctrl Pts',(-14.0000010260843,2.99157395110996,-2.));
#4030=CARTESIAN_POINT('Ctrl Pts',(-14.0000002086163,2.9957801147354,-2.));
#4031=CARTESIAN_POINT('Ctrl Pts',(-14.0000002086163,2.99999944865704,-2.));
#4032=CARTESIAN_POINT('',(-17.0000002533197,-5.96046447753906E-7,-4.));
#4033=CARTESIAN_POINT('',(-17.0000002533197,-5.96046447753906E-7,-4.));
#4034=CARTESIAN_POINT('',(-14.0000002086163,2.99999944865704,-4.));
#4035=CARTESIAN_POINT('Ctrl Pts',(-14.0000002086163,2.99999944865704,-4.));
#4036=CARTESIAN_POINT('Ctrl Pts',(-14.0000002086163,-5.96046447753906E-7,
-4.));
#4037=CARTESIAN_POINT('Ctrl Pts',(-17.0000002533197,-5.96046447753906E-7,
-4.));
#4038=CARTESIAN_POINT('',(-14.0000002086163,2.99999944865704,-4.));
#4039=CARTESIAN_POINT('Origin',(-37.2500005550683,10.9999995678663,-2.));
#4040=CARTESIAN_POINT('',(-14.0000002086163,18.9999996870756,-2.));
#4041=CARTESIAN_POINT('',(-14.0000002086163,-5.96046447753906E-7,-2.));
#4042=CARTESIAN_POINT('',(-17.0000002533197,21.9999997317791,-2.));
#4043=CARTESIAN_POINT('Ctrl Pts',(-14.0000002086163,18.9999996870756,-2.));
#4044=CARTESIAN_POINT('Ctrl Pts',(-14.0000002086163,19.0592130212063,-2.));
#4045=CARTESIAN_POINT('Ctrl Pts',(-14.0001609754878,19.1158370074423,-2.));
#4046=CARTESIAN_POINT('Ctrl Pts',(-14.0004675942708,19.170183388489,-2.));
#4047=CARTESIAN_POINT('Ctrl Pts',(-14.0007904840798,19.2274137134657,-2.));
#4048=CARTESIAN_POINT('Ctrl Pts',(-14.0012751317014,19.2821179744514,-2.));
#4049=CARTESIAN_POINT('Ctrl Pts',(-14.0019070750179,19.3346027710411,-2.));
#4050=CARTESIAN_POINT('Ctrl Pts',(-14.002572900413,19.3899015763595,-2.));
#4051=CARTESIAN_POINT('Ctrl Pts',(-14.0034022551095,19.4427362225678,-2.));
#4052=CARTESIAN_POINT('Ctrl Pts',(-14.0043811721598,19.4934082603325,-2.));
#4053=CARTESIAN_POINT('Ctrl Pts',(-14.0054406917713,19.5482525576629,-2.));
#4054=CARTESIAN_POINT('Ctrl Pts',(-14.0066754206166,19.6005633594183,-2.));
#4055=CARTESIAN_POINT('Ctrl Pts',(-14.0080708767892,19.6506609317159,-2.));
#4056=CARTESIAN_POINT('Ctrl Pts',(-14.0095426326899,19.7034977022944,-2.));
#4057=CARTESIAN_POINT('Ctrl Pts',(-14.0111931903488,19.7538722248007,-2.));
#4058=CARTESIAN_POINT('Ctrl Pts',(-14.0130088201988,19.8020980223523,-2.));
#4059=CARTESIAN_POINT('Ctrl Pts',(-14.0149247649754,19.8529883318037,-2.));
#4060=CARTESIAN_POINT('Ctrl Pts',(-14.0170245436012,19.9014855471443,-2.));
#4061=CARTESIAN_POINT('Ctrl Pts',(-14.0192952793456,19.9478966332779,-2.));
#4062=CARTESIAN_POINT('Ctrl Pts',(-14.0216928012042,19.9968990739022,-2.));
#4063=CARTESIAN_POINT('Ctrl Pts',(-14.0242809200657,20.0435755545071,-2.));
#4064=CARTESIAN_POINT('Ctrl Pts',(-14.02704774676,20.0882266542917,-2.));
#4065=CARTESIAN_POINT('Ctrl Pts',(-14.0299707018176,20.1353973564577,-2.));
#4066=CARTESIAN_POINT('Ctrl Pts',(-14.0330931173451,20.1803072818076,-2.));
#4067=CARTESIAN_POINT('Ctrl Pts',(-14.0364042724606,20.2232507832341,-2.));
#4068=CARTESIAN_POINT('Ctrl Pts',(-14.0399042658936,20.2686433932873,-2.));
#4069=CARTESIAN_POINT('Ctrl Pts',(-14.0436151543857,20.3118385239016,-2.));
#4070=CARTESIAN_POINT('Ctrl Pts',(-14.0475276285386,20.3531244464832,-2.));
#4071=CARTESIAN_POINT('Ctrl Pts',(-14.0516656146167,20.3967900570884,-2.));
#4072=CARTESIAN_POINT('Ctrl Pts',(-14.0560291060251,20.4383196624594,-2.));
#4073=CARTESIAN_POINT('Ctrl Pts',(-14.0606105337759,20.4779955803,-2.));
#4074=CARTESIAN_POINT('Ctrl Pts',(-14.065458826099,20.5199825892292,-2.));
#4075=CARTESIAN_POINT('Ctrl Pts',(-14.0705511918698,20.5598933072533,-2.));
#4076=CARTESIAN_POINT('Ctrl Pts',(-14.0758822503933,20.5980042050657,-2.));
#4077=CARTESIAN_POINT('Ctrl Pts',(-14.0815270599576,20.6383580596576,-2.));
#4078=CARTESIAN_POINT('Ctrl Pts',(-14.0874394887449,20.6766936480074,-2.));
#4079=CARTESIAN_POINT('Ctrl Pts',(-14.0936169591723,20.7132816726383,-2.));
#4080=CARTESIAN_POINT('Ctrl Pts',(-14.1003483439616,20.7531504304682,-2.));
#4081=CARTESIAN_POINT('Ctrl Pts',(-14.1073944092386,20.7909440539999,-2.));
#4082=CARTESIAN_POINT('Ctrl Pts',(-14.1147563884366,20.8269500679568,-2.));
#4083=CARTESIAN_POINT('Ctrl Pts',(-14.1225555206844,20.8650941127865,-2.));
#4084=CARTESIAN_POINT('Ctrl Pts',(-14.1307091853167,20.9012315187458,-2.));
#4085=CARTESIAN_POINT('Ctrl Pts',(-14.1392240186439,20.9356416148757,-2.));
#4086=CARTESIAN_POINT('Ctrl Pts',(-14.1482473639718,20.9721067068174,-2.));
#4087=CARTESIAN_POINT('Ctrl Pts',(-14.1576762734782,21.0066315910652,-2.));
#4088=CARTESIAN_POINT('Ctrl Pts',(-14.1675246319343,21.0394873816271,-2.));
#4089=CARTESIAN_POINT('Ctrl Pts',(-14.1779618129989,21.0743075840641,-2.));
#4090=CARTESIAN_POINT('Ctrl Pts',(-14.1888700403454,21.1072527189105,-2.));
#4091=CARTESIAN_POINT('Ctrl Pts',(-14.2002730798968,21.1385854348304,-2.));
#4092=CARTESIAN_POINT('Ctrl Pts',(-14.2123520839707,21.1717755330967,-2.));
#4093=CARTESIAN_POINT('Ctrl Pts',(-14.2249862012075,21.2031559610013,-2.));
#4094=CARTESIAN_POINT('Ctrl Pts',(-14.2382128350986,21.2329802267537,-2.));
#4095=CARTESIAN_POINT('Ctrl Pts',(-14.252200305451,21.2645200755489,-2.));
#4096=CARTESIAN_POINT('Ctrl Pts',(-14.2668502508085,21.2943191601003,-2.));
#4097=CARTESIAN_POINT('Ctrl Pts',(-14.2822189846834,21.3226203560028,-2.));
#4098=CARTESIAN_POINT('Ctrl Pts',(-14.2991817670491,21.3538569582298,-2.));
#4099=CARTESIAN_POINT('Ctrl Pts',(-14.3170197178051,21.3832687867685,-2.));
#4100=CARTESIAN_POINT('Ctrl Pts',(-14.3358279812734,21.4111183805899,-2.));
#4101=CARTESIAN_POINT('Ctrl Pts',(-14.3548311958639,21.4392566405913,-2.));
#4102=CARTESIAN_POINT('Ctrl Pts',(-14.3748246265216,21.4657992933014,-2.));
#4103=CARTESIAN_POINT('Ctrl Pts',(-14.3959308899357,21.490963203086,-2.));
#4104=CARTESIAN_POINT('Ctrl Pts',(-14.4172858016892,21.5164235634672,-2.));
#4105=CARTESIAN_POINT('Ctrl Pts',(-14.4397794503514,21.5404718939565,-2.));
#4106=CARTESIAN_POINT('Ctrl Pts',(-14.4635697054091,21.5632887044954,-2.));
#4107=CARTESIAN_POINT('Ctrl Pts',(-14.4870251007282,21.5857843570141,-2.));
#4108=CARTESIAN_POINT('Ctrl Pts',(-14.5117403943225,21.6070823463992,-2.));
#4109=CARTESIAN_POINT('Ctrl Pts',(-14.5379034462766,21.6273220337166,-2.));
#4110=CARTESIAN_POINT('Ctrl Pts',(-14.5631413238615,21.6468460078985,-2.));
#4111=CARTESIAN_POINT('Ctrl Pts',(-14.5897259709279,21.6653847533162,-2.));
#4112=CARTESIAN_POINT('Ctrl Pts',(-14.6178663894018,21.6830392874877,-2.));
#4113=CARTESIAN_POINT('Ctrl Pts',(-14.6446542158565,21.6998452421668,-2.));
#4114=CARTESIAN_POINT('Ctrl Pts',(-14.6728514913295,21.7158496309257,-2.));
#4115=CARTESIAN_POINT('Ctrl Pts',(-14.7026810606217,21.7311227630531,-2.));
#4116=CARTESIAN_POINT('Ctrl Pts',(-14.7308949528293,21.7455686472458,-2.));
#4117=CARTESIAN_POINT('Ctrl Pts',(-14.7605687763581,21.759360144004,-2.));
#4118=CARTESIAN_POINT('Ctrl Pts',(-14.7919348696776,21.7725448588125,-2.));
#4119=CARTESIAN_POINT('Ctrl Pts',(-14.8215229486843,21.7849821865811,-2.));
#4120=CARTESIAN_POINT('Ctrl Pts',(-14.8526165637864,21.7968794509976,-2.));
#4121=CARTESIAN_POINT('Ctrl Pts',(-14.8854552768654,21.8082679540253,-2.));
#4122=CARTESIAN_POINT('Ctrl Pts',(-14.9164049930959,21.8190013507985,-2.));
#4123=CARTESIAN_POINT('Ctrl Pts',(-14.9489045036023,21.8292827601344,-2.));
#4124=CARTESIAN_POINT('Ctrl Pts',(-14.9831994507576,21.8391318151247,-2.));
#4125=CARTESIAN_POINT('Ctrl Pts',(-15.0155192357911,21.8484136296913,-2.));
#4126=CARTESIAN_POINT('Ctrl Pts',(-15.0494332949792,21.8573114145989,-2.));
#4127=CARTESIAN_POINT('Ctrl Pts',(-15.0851927805538,21.865836383652,-2.));
#4128=CARTESIAN_POINT('Ctrl Pts',(-15.1189029012155,21.8738727894,-2.));
#4129=CARTESIAN_POINT('Ctrl Pts',(-15.1542526813768,21.881577863909,-2.));
#4130=CARTESIAN_POINT('Ctrl Pts',(-15.1914985072033,21.8889566680837,-2.));
#4131=CARTESIAN_POINT('Ctrl Pts',(-15.2266265479618,21.8959159159469,-2.));
#4132=CARTESIAN_POINT('Ctrl Pts',(-15.263440841183,21.9025849317884,-2.));
#4133=CARTESIAN_POINT('Ctrl Pts',(-15.3022028902868,21.9089642127614,-2.));
#4134=CARTESIAN_POINT('Ctrl Pts',(-15.3387814445355,21.9149841441256,-2.));
#4135=CARTESIAN_POINT('Ctrl Pts',(-15.3770941918491,21.920746061398,-2.));
#4136=CARTESIAN_POINT('Ctrl Pts',(-15.417407727752,21.9262470226248,-2.));
#4137=CARTESIAN_POINT('Ctrl Pts',(-15.4574528715793,21.9317113605594,-2.));
#4138=CARTESIAN_POINT('Ctrl Pts',(-15.4994713893689,21.9369182424376,-2.));
#4139=CARTESIAN_POINT('Ctrl Pts',(-15.5437812460065,21.941861074245,-2.));
#4140=CARTESIAN_POINT('Ctrl Pts',(-15.5825523705644,21.9461860520763,-2.));
#4141=CARTESIAN_POINT('Ctrl Pts',(-15.623078104514,21.9503088366341,-2.));
#4142=CARTESIAN_POINT('Ctrl Pts',(-15.665616560886,21.9542222495976,-2.));
#4143=CARTESIAN_POINT('Ctrl Pts',(-15.7057064965697,21.9579104058541,-2.));
#4144=CARTESIAN_POINT('Ctrl Pts',(-15.7475838820367,21.9614126064319,-2.));
#4145=CARTESIAN_POINT('Ctrl Pts',(-15.7915080337372,21.9647203212168,-2.));
#4146=CARTESIAN_POINT('Ctrl Pts',(-15.8332393394023,21.9678629034045,-2.));
#4147=CARTESIAN_POINT('Ctrl Pts',(-15.8768178560926,21.9708299452512,-2.));
#4148=CARTESIAN_POINT('Ctrl Pts',(-15.9225099972642,21.9736116542852,-2.));
#4149=CARTESIAN_POINT('Ctrl Pts',(-15.9659424760274,21.9762557964822,-2.));
#4150=CARTESIAN_POINT('Ctrl Pts',(-16.0112843946928,21.9787324961335,-2.));
#4151=CARTESIAN_POINT('Ctrl Pts',(-16.0588095562073,21.9810308768716,-2.));
#4152=CARTESIAN_POINT('Ctrl Pts',(-16.1040063186763,21.9832166530998,-2.));
#4153=CARTESIAN_POINT('Ctrl Pts',(-16.1511773316274,21.9852411687529,-2.));
#4154=CARTESIAN_POINT('Ctrl Pts',(-16.2006041022146,21.9870925958565,-2.));
#4155=CARTESIAN_POINT('Ctrl Pts',(-16.247631652877,21.9888541530224,-2.));
#4156=CARTESIAN_POINT('Ctrl Pts',(-16.2967009705797,21.9904590319981,-2.));
#4157=CARTESIAN_POINT('Ctrl Pts',(-16.3481016037379,21.99189455066,-2.));
#4158=CARTESIAN_POINT('Ctrl Pts',(-16.3957349894546,21.993224857505,-2.));
#4159=CARTESIAN_POINT('Ctrl Pts',(-16.4453703983558,21.9944097226116,-2.));
#4160=CARTESIAN_POINT('Ctrl Pts',(-16.4972820900451,21.9954367557659,-2.));
#4161=CARTESIAN_POINT('Ctrl Pts',(-16.5471059395943,21.9964224825587,-2.));
#4162=CARTESIAN_POINT('Ctrl Pts',(-16.5990263100161,21.9972628345998,-2.));
#4163=CARTESIAN_POINT('Ctrl Pts',(-16.6533310191185,21.9979444996679,-2.));
#4164=CARTESIAN_POINT('Ctrl Pts',(-16.7061661976712,21.9986077183129,-2.));
#4165=CARTESIAN_POINT('Ctrl Pts',(-16.761257918189,21.9991207470302,-2.));
#4166=CARTESIAN_POINT('Ctrl Pts',(-16.8189212951775,21.9994687388763,-2.));
#4167=CARTESIAN_POINT('Ctrl Pts',(-16.8727338424685,21.9997934914082,-2.));
#4168=CARTESIAN_POINT('Ctrl Pts',(-16.9287858986914,21.9999745202886,-2.));
#4169=CARTESIAN_POINT('Ctrl Pts',(-16.9873816403478,21.9999972852489,-2.));
#4170=CARTESIAN_POINT('Ctrl Pts',(-16.9915747557729,21.9999989143111,-2.));
#4171=CARTESIAN_POINT('Ctrl Pts',(-16.9957809193982,21.9999997317791,-2.));
#4172=CARTESIAN_POINT('Ctrl Pts',(-17.0000002533197,21.9999997317791,-2.));
#4173=CARTESIAN_POINT('',(-57.5000008493662,21.9999997317791,-2.));
#4174=CARTESIAN_POINT('',(-14.0000002086163,21.9999997317791,-2.));
#4175=CARTESIAN_POINT('',(-60.5000008940697,18.9999996870756,-2.));
#4176=CARTESIAN_POINT('Ctrl Pts',(-57.5000008493662,21.9999997317791,-2.));
#4177=CARTESIAN_POINT('Ctrl Pts',(-57.5592141836055,21.9999997317791,-2.));
#4178=CARTESIAN_POINT('Ctrl Pts',(-57.6158381699466,21.9998389649078,-2.));
#4179=CARTESIAN_POINT('Ctrl Pts',(-57.6701845510952,21.9995323461252,-2.));
#4180=CARTESIAN_POINT('Ctrl Pts',(-57.7274148761774,21.9992094563166,-2.));
#4181=CARTESIAN_POINT('Ctrl Pts',(-57.782119137265,21.9987248086956,-2.));
#4182=CARTESIAN_POINT('Ctrl Pts',(-57.8346039339536,21.9980928653799,-2.));
#4183=CARTESIAN_POINT('Ctrl Pts',(-57.8899027393744,21.9974270399857,-2.));
#4184=CARTESIAN_POINT('Ctrl Pts',(-57.9427373856818,21.9965976852903,-2.));
#4185=CARTESIAN_POINT('Ctrl Pts',(-57.9934094235422,21.9956187682413,-2.));
#4186=CARTESIAN_POINT('Ctrl Pts',(-58.0482537209741,21.9945592486312,-2.));
#4187=CARTESIAN_POINT('Ctrl Pts',(-58.1005645228274,21.9933245197876,-2.));
#4188=CARTESIAN_POINT('Ctrl Pts',(-58.1506620952196,21.9919290636169,-2.));
#4189=CARTESIAN_POINT('Ctrl Pts',(-58.2034988658961,21.9904573077181,-2.));
#4190=CARTESIAN_POINT('Ctrl Pts',(-58.2538733884968,21.9888067500615,-2.));
#4191=CARTESIAN_POINT('Ctrl Pts',(-58.3020991861396,21.986991120214,-2.));
#4192=CARTESIAN_POINT('Ctrl Pts',(-58.3529894956855,21.9850751754401,-2.));
#4193=CARTESIAN_POINT('Ctrl Pts',(-58.401486711117,21.9829753968172,-2.));
#4194=CARTESIAN_POINT('Ctrl Pts',(-58.4478977973383,21.980704661076,-2.));
#4195=CARTESIAN_POINT('Ctrl Pts',(-58.4969002380534,21.9783071392208,-2.));
#4196=CARTESIAN_POINT('Ctrl Pts',(-58.5435767187457,21.975719020363,-2.));
#4197=CARTESIAN_POINT('Ctrl Pts',(-58.5882278186144,21.9729521936727,-2.));
#4198=CARTESIAN_POINT('Ctrl Pts',(-58.6353985208674,21.9700292386194,-2.));
#4199=CARTESIAN_POINT('Ctrl Pts',(-58.6803084463009,21.9669068230966,-2.));
#4200=CARTESIAN_POINT('Ctrl Pts',(-58.7232519478078,21.963595667986,-2.));
#4201=CARTESIAN_POINT('Ctrl Pts',(-58.7686445579441,21.9600956745583,-2.));
#4202=CARTESIAN_POINT('Ctrl Pts',(-58.8118396886381,21.9563847860719,-2.));
#4203=CARTESIAN_POINT('Ctrl Pts',(-58.8531256112961,21.9524723119249,-2.));
#4204=CARTESIAN_POINT('Ctrl Pts',(-58.8967912219807,21.9483343258533,-2.));
#4205=CARTESIAN_POINT('Ctrl Pts',(-58.9383208274276,21.9439708344518,-2.));
#4206=CARTESIAN_POINT('Ctrl Pts',(-58.977996745341,21.9393894067084,-2.));
#4207=CARTESIAN_POINT('Ctrl Pts',(-59.0199837543452,21.9345411143932,-2.));
#4208=CARTESIAN_POINT('Ctrl Pts',(-59.059894472441,21.9294487486307,-2.));
#4209=CARTESIAN_POINT('Ctrl Pts',(-59.0980053703217,21.924117690116,-2.));
#4210=CARTESIAN_POINT('Ctrl Pts',(-59.1383592249844,21.9184728805613,-2.));
#4211=CARTESIAN_POINT('Ctrl Pts',(-59.1766948134015,21.9125604517841,-2.));
#4212=CARTESIAN_POINT('Ctrl Pts',(-59.2132828380965,21.9063829813674,-2.));
#4213=CARTESIAN_POINT('Ctrl Pts',(-59.253151595995,21.8996515965899,-2.));
#4214=CARTESIAN_POINT('Ctrl Pts',(-59.2909452195916,21.8926055313255,-2.));
#4215=CARTESIAN_POINT('Ctrl Pts',(-59.3269512336099,21.8852435521407,-2.));
#4216=CARTESIAN_POINT('Ctrl Pts',(-59.3650952785028,21.8774444199073,-2.));
#4217=CARTESIAN_POINT('Ctrl Pts',(-59.4012326845216,21.8692907552902,-2.));
#4218=CARTESIAN_POINT('Ctrl Pts',(-59.4356427807074,21.8607759219792,-2.));
#4219=CARTESIAN_POINT('Ctrl Pts',(-59.4721078727069,21.8517525766688,-2.));
#4220=CARTESIAN_POINT('Ctrl Pts',(-59.5066327570085,21.842323667181,-2.));
#4221=CARTESIAN_POINT('Ctrl Pts',(-59.5394885476207,21.8324753087446,-2.));
#4222=CARTESIAN_POINT('Ctrl Pts',(-59.5743087501092,21.8220381277015,-2.));
#4223=CARTESIAN_POINT('Ctrl Pts',(-59.6072538850033,21.8111299003778,-2.));
#4224=CARTESIAN_POINT('Ctrl Pts',(-59.6385866009672,21.7997268608507,-2.));
#4225=CARTESIAN_POINT('Ctrl Pts',(-59.6717766992786,21.7876478568031,-2.));
#4226=CARTESIAN_POINT('Ctrl Pts',(-59.7031571272243,21.7750137395944,-2.));
#4227=CARTESIAN_POINT('Ctrl Pts',(-59.7329813930139,21.7617871057333,-2.));
#4228=CARTESIAN_POINT('Ctrl Pts',(-59.7645212418474,21.7477996354131,-2.));
#4229=CARTESIAN_POINT('Ctrl Pts',(-59.794320326433,21.7331496900902,-2.));
#4230=CARTESIAN_POINT('Ctrl Pts',(-59.8226215223654,21.7177809562525,-2.));
#4231=CARTESIAN_POINT('Ctrl Pts',(-59.8538581246875,21.7008181738941,-2.));
#4232=CARTESIAN_POINT('Ctrl Pts',(-59.883269953309,21.6829802231452,-2.));
#4233=CARTESIAN_POINT('Ctrl Pts',(-59.9111195472025,21.6641719596838,-2.));
#4234=CARTESIAN_POINT('Ctrl Pts',(-59.9392578072314,21.6451687451309,-2.));
#4235=CARTESIAN_POINT('Ctrl Pts',(-59.9658004599632,21.6251753145139,-2.));
#4236=CARTESIAN_POINT('Ctrl Pts',(-59.9909643697639,21.6040690511439,-2.));
#4237=CARTESIAN_POINT('Ctrl Pts',(-60.0164247301701,21.5827141394277,-2.));
#4238=CARTESIAN_POINT('Ctrl Pts',(-60.0404730606777,21.5602204908055,-2.));
#4239=CARTESIAN_POINT('Ctrl Pts',(-60.0632898712283,21.5364302357915,-2.));
#4240=CARTESIAN_POINT('Ctrl Pts',(-60.0857855237683,21.5129748405053,-2.));
#4241=CARTESIAN_POINT('Ctrl Pts',(-60.1070835131673,21.4882595469461,-2.));
#4242=CARTESIAN_POINT('Ctrl Pts',(-60.1273232004913,21.4620964950301,-2.));
#4243=CARTESIAN_POINT('Ctrl Pts',(-60.1468471746866,21.4368586174728,-2.));
#4244=CARTESIAN_POINT('Ctrl Pts',(-60.1653859201102,21.4102739704356,-2.));
#4245=CARTESIAN_POINT('Ctrl Pts',(-60.18304045428,21.3821335519932,-2.));
#4246=CARTESIAN_POINT('Ctrl Pts',(-60.1998464089615,21.3553457255622,-2.));
#4247=CARTESIAN_POINT('Ctrl Pts',(-60.2158507977156,21.3271484501142,-2.));
#4248=CARTESIAN_POINT('Ctrl Pts',(-60.2311239298309,21.2973188808486,-2.));
#4249=CARTESIAN_POINT('Ctrl Pts',(-60.2455698140141,21.2691049886625,-2.));
#4250=CARTESIAN_POINT('Ctrl Pts',(-60.2593613107562,21.2394311651563,-2.));
#4251=CARTESIAN_POINT('Ctrl Pts',(-60.2725460255417,21.2080650718605,-2.));
#4252=CARTESIAN_POINT('Ctrl Pts',(-60.2849833532894,21.1784769928741,-2.));
#4253=CARTESIAN_POINT('Ctrl Pts',(-60.2968806176788,21.1473833777932,-2.));
#4254=CARTESIAN_POINT('Ctrl Pts',(-60.3082691206728,21.1145446647365,-2.));
#4255=CARTESIAN_POINT('Ctrl Pts',(-60.3190025174147,21.0835949485258,-2.));
#4256=CARTESIAN_POINT('Ctrl Pts',(-60.3292839267134,21.0510954380401,-2.));
#4257=CARTESIAN_POINT('Ctrl Pts',(-60.3391329816602,21.0168004909063,-2.));
#4258=CARTESIAN_POINT('Ctrl Pts',(-60.348414796186,20.9844807058925,-2.));
#4259=CARTESIAN_POINT('Ctrl Pts',(-60.3573125810472,20.9505666467249,-2.));
#4260=CARTESIAN_POINT('Ctrl Pts',(-60.3658375500477,20.9148071611718,-2.));
#4261=CARTESIAN_POINT('Ctrl Pts',(-60.3738739557463,20.8810970405298,-2.));
#4262=CARTESIAN_POINT('Ctrl Pts',(-60.3815790302004,20.8457472603892,-2.));
#4263=CARTESIAN_POINT('Ctrl Pts',(-60.3889578343141,20.8085014345842,-2.));
#4264=CARTESIAN_POINT('Ctrl Pts',(-60.3959170821199,20.7733733938459,-2.));
#4265=CARTESIAN_POINT('Ctrl Pts',(-60.4025860978986,20.7365591006455,-2.));
#4266=CARTESIAN_POINT('Ctrl Pts',(-60.408965378803,20.6977970515634,-2.));
#4267=CARTESIAN_POINT('Ctrl Pts',(-60.4149853101023,20.6612184973354,-2.));
#4268=CARTESIAN_POINT('Ctrl Pts',(-60.4207472273046,20.6229057500431,-2.));
#4269=CARTESIAN_POINT('Ctrl Pts',(-60.4262481884553,20.5825922141625,-2.));
#4270=CARTESIAN_POINT('Ctrl Pts',(-60.4317125263192,20.542547070322,-2.));
#4271=CARTESIAN_POINT('Ctrl Pts',(-60.4369194081204,20.5005285525165,-2.));
#4272=CARTESIAN_POINT('Ctrl Pts',(-60.4418622398436,20.4562186958597,-2.));
#4273=CARTESIAN_POINT('Ctrl Pts',(-60.4461872176014,20.417447571285,-2.));
#4274=CARTESIAN_POINT('Ctrl Pts',(-60.4503100020801,20.376921837316,-2.));
#4275=CARTESIAN_POINT('Ctrl Pts',(-60.4542234149585,20.3343833809214,-2.));
#4276=CARTESIAN_POINT('Ctrl Pts',(-60.4579115711311,20.2942934452576,-2.));
#4277=CARTESIAN_POINT('Ctrl Pts',(-60.4614137716199,20.2524160598113,-2.));
#4278=CARTESIAN_POINT('Ctrl Pts',(-60.4647214863101,20.2084919081325,-2.));
#4279=CARTESIAN_POINT('Ctrl Pts',(-60.4678640684077,20.166760602488,-2.));
#4280=CARTESIAN_POINT('Ctrl Pts',(-60.4708311101593,20.1231820858194,-2.));
#4281=CARTESIAN_POINT('Ctrl Pts',(-60.4736128190925,20.0774899446702,-2.));
#4282=CARTESIAN_POINT('Ctrl Pts',(-60.4762569611936,20.0340574659285,-2.));
#4283=CARTESIAN_POINT('Ctrl Pts',(-60.4787336607438,19.9887155472854,-2.));
#4284=CARTESIAN_POINT('Ctrl Pts',(-60.4810320413748,19.9411903857942,-2.));
#4285=CARTESIAN_POINT('Ctrl Pts',(-60.4832178175013,19.8959936233476,-2.));
#4286=CARTESIAN_POINT('Ctrl Pts',(-60.4852423330471,19.8488226104197,-2.));
#4287=CARTESIAN_POINT('Ctrl Pts',(-60.4870937600376,19.7993958398567,-2.));
#4288=CARTESIAN_POINT('Ctrl Pts',(-60.4888553170957,19.7523682892177,-2.));
#4289=CARTESIAN_POINT('Ctrl Pts',(-60.4904601959582,19.7032989715394,-2.));
#4290=CARTESIAN_POINT('Ctrl Pts',(-60.4918957145006,19.6518983384065,-2.));
#4291=CARTESIAN_POINT('Ctrl Pts',(-60.4932260212348,19.6042649527171,-2.));
#4292=CARTESIAN_POINT('Ctrl Pts',(-60.4944108862252,19.5546295438443,-2.));
#4293=CARTESIAN_POINT('Ctrl Pts',(-60.4954379192573,19.5027178521849,-2.));
#4294=CARTESIAN_POINT('Ctrl Pts',(-60.4964236459329,19.4528940026644,-2.));
#4295=CARTESIAN_POINT('Ctrl Pts',(-60.4972639978512,19.4009736322726,-2.));
#4296=CARTESIAN_POINT('Ctrl Pts',(-60.4979456627902,19.3466689232018,-2.));
#4297=CARTESIAN_POINT('Ctrl Pts',(-60.4986088813133,19.2938337443831,-2.));
#4298=CARTESIAN_POINT('Ctrl Pts',(-60.499121909901,19.2387420235756,-2.));
#4299=CARTESIAN_POINT('Ctrl Pts',(-60.4994699016089,19.1810786462683,-2.));
#4300=CARTESIAN_POINT('Ctrl Pts',(-60.4997946540099,19.1272660989992,-2.));
#4301=CARTESIAN_POINT('Ctrl Pts',(-60.4999756827536,19.0712140427995,-2.));
#4302=CARTESIAN_POINT('Ctrl Pts',(-60.4999984475704,19.0126183011678,-2.));
#4303=CARTESIAN_POINT('Ctrl Pts',(-60.5000000766224,19.0084251853716,-2.));
#4304=CARTESIAN_POINT('Ctrl Pts',(-60.5000008940802,19.0042190213729,-2.));
#4305=CARTESIAN_POINT('Ctrl Pts',(-60.5000008940697,18.9999996870756,-2.));
#4306=CARTESIAN_POINT('',(-60.5000008940697,2.99999944865704,-2.));
#4307=CARTESIAN_POINT('',(-60.5000009015203,21.9999997317791,-2.));
#4308=CARTESIAN_POINT('',(-57.5000008493662,-5.96046447753906E-7,-2.));
#4309=CARTESIAN_POINT('Ctrl Pts',(-60.5000008940697,2.99999944865704,-2.));
#4310=CARTESIAN_POINT('Ctrl Pts',(-60.5000008942167,2.94078611452835,-2.));
#4311=CARTESIAN_POINT('Ctrl Pts',(-60.4998401274855,2.88416212829418,-2.));
#4312=CARTESIAN_POINT('Ctrl Pts',(-60.4995335088367,2.82981574724916,-2.));
#4313=CARTESIAN_POINT('Ctrl Pts',(-60.499210619169,2.77258542227446,-2.));
#4314=CARTESIAN_POINT('Ctrl Pts',(-60.4987259716821,2.71788116129061,-2.));
#4315=CARTESIAN_POINT('Ctrl Pts',(-60.4980940284944,2.66539636470254,-2.));
#4316=CARTESIAN_POINT('Ctrl Pts',(-60.497428203235,2.61009755938596,-2.));
#4317=CARTESIAN_POINT('Ctrl Pts',(-60.4965988486678,2.55726291317921,-2.));
#4318=CARTESIAN_POINT('Ctrl Pts',(-60.495619931741,2.50659087541603,-2.));
#4319=CARTESIAN_POINT('Ctrl Pts',(-60.4945604122631,2.45174657808726,-2.));
#4320=CARTESIAN_POINT('Ctrl Pts',(-60.4933256835448,2.39943577633337,-2.));
#4321=CARTESIAN_POINT('Ctrl Pts',(-60.4919302274932,2.34933820403709,-2.));
#4322=CARTESIAN_POINT('Ctrl Pts',(-60.4904584717201,2.29650143346016,-2.));
#4323=CARTESIAN_POINT('Ctrl Pts',(-60.4888079141824,2.2461269109553,-2.));
#4324=CARTESIAN_POINT('Ctrl Pts',(-60.4869922844478,2.19790111340496,-2.));
#4325=CARTESIAN_POINT('Ctrl Pts',(-60.485076339793,2.14701080395503,-2.));
#4326=CARTESIAN_POINT('Ctrl Pts',(-60.4829765612825,2.09851358861572,-2.));
#4327=CARTESIAN_POINT('Ctrl Pts',(-60.4807058256479,2.05210250248331,-2.));
#4328=CARTESIAN_POINT('Ctrl Pts',(-60.4783083039052,2.00310006186042,-2.));
#4329=CARTESIAN_POINT('Ctrl Pts',(-60.4757201851534,1.95642358125671,-2.));
#4330=CARTESIAN_POINT('Ctrl Pts',(-60.4729533585634,1.91177248147321,-2.));
#4331=CARTESIAN_POINT('Ctrl Pts',(-60.4700304036159,1.86460177930857,-2.));
#4332=CARTESIAN_POINT('Ctrl Pts',(-60.4669079881924,1.81969185395984,-2.));
#4333=CARTESIAN_POINT('Ctrl Pts',(-60.4635968331756,1.77674835253435,-2.));
#4334=CARTESIAN_POINT('Ctrl Pts',(-60.460096839847,1.73135574248243,-2.));
#4335=CARTESIAN_POINT('Ctrl Pts',(-60.4563859514532,1.68816061186924,-2.));
#4336=CARTESIAN_POINT('Ctrl Pts',(-60.4524734773935,1.64687468928873,-2.));
#4337=CARTESIAN_POINT('Ctrl Pts',(-60.4483354914139,1.60320907868469,-2.));
#4338=CARTESIAN_POINT('Ctrl Pts',(-60.4439720000982,1.56167947331473,-2.));
#4339=CARTESIAN_POINT('Ctrl Pts',(-60.4393905724351,1.52200355547497,-2.));
#4340=CARTESIAN_POINT('Ctrl Pts',(-60.4345422802047,1.48001654654692,-2.));
#4341=CARTESIAN_POINT('Ctrl Pts',(-60.4294499145208,1.44010582852383,-2.));
#4342=CARTESIAN_POINT('Ctrl Pts',(-60.4241188560792,1.40199493071241,-2.));
#4343=CARTESIAN_POINT('Ctrl Pts',(-60.4184740466016,1.36164107612163,-2.));
#4344=CARTESIAN_POINT('Ctrl Pts',(-60.4125616178955,1.3233054877728,-2.));
#4345=CARTESIAN_POINT('Ctrl Pts',(-60.4063841475443,1.28671746314276,-2.));
#4346=CARTESIAN_POINT('Ctrl Pts',(-60.399652762838,1.24684870531428,-2.));
#4347=CARTESIAN_POINT('Ctrl Pts',(-60.3926066976383,1.2090550817838,-2.));
#4348=CARTESIAN_POINT('Ctrl Pts',(-60.3852447185123,1.17304906782805,-2.));
#4349=CARTESIAN_POINT('Ctrl Pts',(-60.3774455863409,1.13490502299999,-2.));
#4350=CARTESIAN_POINT('Ctrl Pts',(-60.3692919217792,1.09876761704209,-2.));
#4351=CARTESIAN_POINT('Ctrl Pts',(-60.3607770885175,1.06435752091355,-2.));
#4352=CARTESIAN_POINT('Ctrl Pts',(-60.3517537432592,1.02789242897372,-2.));
#4353=CARTESIAN_POINT('Ctrl Pts',(-60.3423248338165,0.993367544727662,-2.));
#4354=CARTESIAN_POINT('Ctrl Pts',(-60.3324764754192,0.960511754167252,-2.));
#4355=CARTESIAN_POINT('Ctrl Pts',(-60.3220392944172,0.925691551732788,-2.));
#4356=CARTESIAN_POINT('Ctrl Pts',(-60.3111310671275,0.892746416888588,-2.));
#4357=CARTESIAN_POINT('Ctrl Pts',(-60.2997280276279,0.861413700970602,-2.));
#4358=CARTESIAN_POINT('Ctrl Pts',(-60.2876490236092,0.8282236027076,-2.));
#4359=CARTESIAN_POINT('Ctrl Pts',(-60.2750149064221,0.796843174805837,-2.));
#4360=CARTESIAN_POINT('Ctrl Pts',(-60.2617882725756,0.767018909056055,-2.));
#4361=CARTESIAN_POINT('Ctrl Pts',(-60.2478008022711,0.735479060265419,-2.));
#4362=CARTESIAN_POINT('Ctrl Pts',(-60.233150856956,0.705679975718003,-2.));
#4363=CARTESIAN_POINT('Ctrl Pts',(-60.2177821231184,0.677378779819086,-2.));
#4364=CARTESIAN_POINT('Ctrl Pts',(-60.2008193407887,0.646142177586703,-2.));
#4365=CARTESIAN_POINT('Ctrl Pts',(-60.1829813900622,0.616730349043172,-2.));
#4366=CARTESIAN_POINT('Ctrl Pts',(-60.1641731266169,0.588880755217354,-2.));
#4367=CARTESIAN_POINT('Ctrl Pts',(-60.1451699120604,0.560742495227346,-2.));
#4368=CARTESIAN_POINT('Ctrl Pts',(-60.1251764814315,0.534199842527209,-2.));
#4369=CARTESIAN_POINT('Ctrl Pts',(-60.1040702180412,0.509035932751454,-2.));
#4370=CARTESIAN_POINT('Ctrl Pts',(-60.0827153063144,0.483575572382331,-2.));
#4371=CARTESIAN_POINT('Ctrl Pts',(-60.0602216576741,0.459527241903572,-2.));
#4372=CARTESIAN_POINT('Ctrl Pts',(-60.0364314026341,0.436710431374011,-2.));
#4373=CARTESIAN_POINT('Ctrl Pts',(-60.0129760073335,0.414214778865489,-2.));
#4374=CARTESIAN_POINT('Ctrl Pts',(-59.9882607137534,0.39291678948929,-2.));
#4375=CARTESIAN_POINT('Ctrl Pts',(-59.9620976618099,0.372677102179664,-2.));
#4376=CARTESIAN_POINT('Ctrl Pts',(-59.9368597842343,0.353153128004497,-2.));
#4377=CARTESIAN_POINT('Ctrl Pts',(-59.9102751371735,0.334614382592639,-2.));
#4378=CARTESIAN_POINT('Ctrl Pts',(-59.8821347187019,0.316959848426221,-2.));
#4379=CARTESIAN_POINT('Ctrl Pts',(-59.8553468922474,0.300153893750639,-2.));
#4380=CARTESIAN_POINT('Ctrl Pts',(-59.8271496167714,0.284149504994648,-2.));
#4381=CARTESIAN_POINT('Ctrl Pts',(-59.7973200474732,0.26887637286971,-2.));
#4382=CARTESIAN_POINT('Ctrl Pts',(-59.7691061552577,0.254430488678128,-2.));
#4383=CARTESIAN_POINT('Ctrl Pts',(-59.7394323317181,0.240638991920603,-2.));
#4384=CARTESIAN_POINT('Ctrl Pts',(-59.7080662383848,0.227454277112452,-2.));
#4385=CARTESIAN_POINT('Ctrl Pts',(-59.6784781593631,0.21501694934338,-2.));
#4386=CARTESIAN_POINT('Ctrl Pts',(-59.6473845442433,0.203119684926132,-2.));
#4387=CARTESIAN_POINT('Ctrl Pts',(-59.6145458311439,0.191731181897386,-2.));
#4388=CARTESIAN_POINT('Ctrl Pts',(-59.5835961148923,0.18099778512256,-2.));
#4389=CARTESIAN_POINT('Ctrl Pts',(-59.5510966043621,0.170716375784838,-2.));
#4390=CARTESIAN_POINT('Ctrl Pts',(-59.5168016571804,0.160867320792604,-2.));
#4391=CARTESIAN_POINT('Ctrl Pts',(-59.4844818721204,0.151585506223652,-2.));
#4392=CARTESIAN_POINT('Ctrl Pts',(-59.4505678129035,0.142687721313508,-2.));
#4393=CARTESIAN_POINT('Ctrl Pts',(-59.4148083272975,0.134162752257787,-2.));
#4394=CARTESIAN_POINT('Ctrl Pts',(-59.3810982066045,0.126126346506888,-2.));
#4395=CARTESIAN_POINT('Ctrl Pts',(-59.3457484264096,0.118421271994903,-2.));
#4396=CARTESIAN_POINT('Ctrl Pts',(-59.3085026005471,0.111042467817096,-2.));
#4397=CARTESIAN_POINT('Ctrl Pts',(-59.2733745597532,0.10408321995066,-2.));
#4398=CARTESIAN_POINT('Ctrl Pts',(-59.2365602664942,0.0974142041058704,
-2.));
#4399=CARTESIAN_POINT('Ctrl Pts',(-59.1977982173504,0.091034923129355,-2.));
#4400=CARTESIAN_POINT('Ctrl Pts',(-59.1612196630626,0.0850149917616826,
-2.));
#4401=CARTESIAN_POINT('Ctrl Pts',(-59.1229069157075,0.0792530744856858,
-2.));
#4402=CARTESIAN_POINT('Ctrl Pts',(-59.0825933797609,0.0737521132552285,
-2.));
#4403=CARTESIAN_POINT('Ctrl Pts',(-59.0425482358384,0.0682877753098345,
-2.));
#4404=CARTESIAN_POINT('Ctrl Pts',(-59.0005297179461,0.0630808934213466,
-2.));
#4405=CARTESIAN_POINT('Ctrl Pts',(-58.956219861197,0.0581380616043201,-2.));
#4406=CARTESIAN_POINT('Ctrl Pts',(-58.9174487365416,0.0538130837644219,
-2.));
#4407=CARTESIAN_POINT('Ctrl Pts',(-58.8769230024879,0.0496902991986028,
-2.));
#4408=CARTESIAN_POINT('Ctrl Pts',(-58.8343845460039,0.0457768862274032,
-2.));
#4409=CARTESIAN_POINT('Ctrl Pts',(-58.7942946102691,0.0420887299686486,
-2.));
#4410=CARTESIAN_POINT('Ctrl Pts',(-58.7524172247489,0.038586529388415,-2.));
#4411=CARTESIAN_POINT('Ctrl Pts',(-58.7084930729931,0.0352788146009729,
-2.));
#4412=CARTESIAN_POINT('Ctrl Pts',(-58.6667617672741,0.0321362324108078,
-2.));
#4413=CARTESIAN_POINT('Ctrl Pts',(-58.6231832505278,0.0291691905614189,
-2.));
#4414=CARTESIAN_POINT('Ctrl Pts',(-58.577491109298,0.0263874815245457,-2.));
#4415=CARTESIAN_POINT('Ctrl Pts',(-58.5340586304783,0.0237433393247097,
-2.));
#4416=CARTESIAN_POINT('Ctrl Pts',(-58.4887167117543,0.021266639670512,-2.));
#4417=CARTESIAN_POINT('Ctrl Pts',(-58.4411915501791,0.0189682589292773,
-2.));
#4418=CARTESIAN_POINT('Ctrl Pts',(-58.395994787651,0.016782482697963,-2.));
#4419=CARTESIAN_POINT('Ctrl Pts',(-58.3488237746387,0.0147579670417571,
-2.));
#4420=CARTESIAN_POINT('Ctrl Pts',(-58.2993970039882,0.012906539934714,-2.));
#4421=CARTESIAN_POINT('Ctrl Pts',(-58.2523694532642,0.0111449827655431,
-2.));
#4422=CARTESIAN_POINT('Ctrl Pts',(-58.2033001354978,0.00954010378641145,
-2.));
#4423=CARTESIAN_POINT('Ctrl Pts',(-58.1518995022737,0.00810458512087132,
-2.));
#4424=CARTESIAN_POINT('Ctrl Pts',(-58.1042661164983,0.00677427827260158,
-2.));
#4425=CARTESIAN_POINT('Ctrl Pts',(-58.0546307075367,0.0055894131624966,
-2.));
#4426=CARTESIAN_POINT('Ctrl Pts',(-58.0027190157854,0.00456238000452897,
-2.));
#4427=CARTESIAN_POINT('Ctrl Pts',(-57.9528951661755,0.00357665320810404,
-2.));
#4428=CARTESIAN_POINT('Ctrl Pts',(-57.9009747956913,0.0027363011632188,
-2.));
#4429=CARTESIAN_POINT('Ctrl Pts',(-57.846670086525,0.00205463609110762,
-2.));
#4430=CARTESIAN_POINT('Ctrl Pts',(-57.7938349075524,0.00139141743774797,
-2.));
#4431=CARTESIAN_POINT('Ctrl Pts',(-57.7387431865827,0.000878388713916755,
-2.));
#4432=CARTESIAN_POINT('Ctrl Pts',(-57.6810798091038,0.000530396863323374,
-2.));
#4433=CARTESIAN_POINT('Ctrl Pts',(-57.6272672617367,0.000205644329529084,
-2.));
#4434=CARTESIAN_POINT('Ctrl Pts',(-57.5712152054358,2.46154469184979E-5,
-2.));
#4435=CARTESIAN_POINT('Ctrl Pts',(-57.5126194636997,1.85048426633389E-6,
-2.));
#4436=CARTESIAN_POINT('Ctrl Pts',(-57.5084263478235,2.21421752757619E-7,
-2.));
#4437=CARTESIAN_POINT('Ctrl Pts',(-57.5042201837444,-5.96046447753906E-7,
-2.));
#4438=CARTESIAN_POINT('Ctrl Pts',(-57.5000008493662,-5.96046447753906E-7,
-2.));
#4439=CARTESIAN_POINT('',(-60.5000009015203,-5.96046447753906E-7,-2.));
#4440=CARTESIAN_POINT('',(-15.0000002235174,1.99999943375587,-2.));
#4441=CARTESIAN_POINT('',(-59.0000008791685,1.99999943375587,-2.));
#4442=CARTESIAN_POINT('',(-15.0000002235174,1.99999943375587,-2.));
#4443=CARTESIAN_POINT('',(-59.0000008791685,19.9999997019768,-2.));
#4444=CARTESIAN_POINT('',(-59.0000008791685,1.99999943375587,-2.));
#4445=CARTESIAN_POINT('',(-15.0000002235174,19.9999997019768,-2.));
#4446=CARTESIAN_POINT('',(-59.0000008791685,19.9999997019768,-2.));
#4447=CARTESIAN_POINT('',(-15.0000002235174,19.9999997019768,-2.));
#4448=CARTESIAN_POINT('Origin',(-14.0000002086163,21.9999997317791,-2.));
#4449=CARTESIAN_POINT('',(-14.0000002086163,18.9999996870756,-4.));
#4450=CARTESIAN_POINT('',(-14.0000002086163,-5.96046447753906E-7,-4.));
#4451=CARTESIAN_POINT('',(-14.0000002086163,18.9999996870756,-4.));
#4452=CARTESIAN_POINT('Ctrl Pts',(-57.5000008493662,-5.96046447753906E-7,
-4.));
#4453=CARTESIAN_POINT('Ctrl Pts',(-57.5000008493662,-5.96046447753906E-7,
196.));
#4454=CARTESIAN_POINT('Ctrl Pts',(-60.5000009015203,-5.96046447753906E-7,
-4.));
#4455=CARTESIAN_POINT('Ctrl Pts',(-60.5000009015203,-5.96046447753906E-7,
196.));
#4456=CARTESIAN_POINT('Ctrl Pts',(-60.5000008940697,2.99999944865704,-4.));
#4457=CARTESIAN_POINT('Ctrl Pts',(-60.5000008940697,2.99999944865704,196.));
#4458=CARTESIAN_POINT('',(-60.5000008940697,2.99999944865704,-4.));
#4459=CARTESIAN_POINT('',(-60.5000008940697,2.99999944865704,-4.));
#4460=CARTESIAN_POINT('',(-57.5000008493662,-5.96046447753906E-7,-4.));
#4461=CARTESIAN_POINT('Ctrl Pts',(-57.5000008493662,-5.96046447753906E-7,
-4.));
#4462=CARTESIAN_POINT('Ctrl Pts',(-60.5000009015203,-5.96046447753906E-7,
-4.));
#4463=CARTESIAN_POINT('Ctrl Pts',(-60.5000008940697,2.99999944865704,-4.));
#4464=CARTESIAN_POINT('',(-57.5000008493662,-5.96046447753906E-7,-4.));
#4465=CARTESIAN_POINT('Ctrl Pts',(-60.5000008940697,18.9999996870756,-4.));
#4466=CARTESIAN_POINT('Ctrl Pts',(-60.5000008940697,18.9999996870756,196.));
#4467=CARTESIAN_POINT('Ctrl Pts',(-60.5000009015202,21.9999997317791,-4.));
#4468=CARTESIAN_POINT('Ctrl Pts',(-60.5000009015202,21.9999997317791,196.));
#4469=CARTESIAN_POINT('Ctrl Pts',(-57.5000008493662,21.9999997317791,-4.));
#4470=CARTESIAN_POINT('Ctrl Pts',(-57.5000008493662,21.9999997317791,196.));
#4471=CARTESIAN_POINT('',(-57.5000008493662,21.9999997317791,-4.));
#4472=CARTESIAN_POINT('',(-57.5000008493662,21.9999997317791,-4.));
#4473=CARTESIAN_POINT('',(-60.5000008940697,18.9999996870756,-4.));
#4474=CARTESIAN_POINT('Ctrl Pts',(-60.5000008940697,18.9999996870756,-4.));
#4475=CARTESIAN_POINT('Ctrl Pts',(-60.5000009015203,21.9999997317791,-4.));
#4476=CARTESIAN_POINT('Ctrl Pts',(-57.5000008493662,21.9999997317791,-4.));
#4477=CARTESIAN_POINT('',(-60.5000008940697,18.9999996870756,-4.));
#4478=CARTESIAN_POINT('Origin',(-37.2500005550683,10.9999995678663,-4.));
#4479=CARTESIAN_POINT('',(-60.5000009015203,-5.96046447753906E-7,-4.));
#4480=CARTESIAN_POINT('',(-60.5000009015203,21.9999997317791,-4.));
#4481=CARTESIAN_POINT('',(-17.0000002533197,21.9999997317791,-4.));
#4482=CARTESIAN_POINT('',(-14.0000002086163,21.9999997317791,-4.));
#4483=CARTESIAN_POINT('Ctrl Pts',(-17.0000002533197,21.9999997317791,-4.));
#4484=CARTESIAN_POINT('Ctrl Pts',(-14.0000002086163,21.9999997317791,-4.));
#4485=CARTESIAN_POINT('Ctrl Pts',(-14.0000002086163,18.9999996870756,-4.));
#4486=CARTESIAN_POINT('Origin',(-60.5000009015203,-5.96046447753906E-7,
-2.));
#4487=CARTESIAN_POINT('Origin',(-60.5000009015203,21.9999997317791,-2.));
#4488=CARTESIAN_POINT('',(-17.0000002533197,21.9999997317791,-4.));
#4489=CARTESIAN_POINT('Ctrl Pts',(-17.0000002533197,21.9999997317791,-4.));
#4490=CARTESIAN_POINT('Ctrl Pts',(-17.0000002533197,21.9999997317791,16.));
#4491=CARTESIAN_POINT('Ctrl Pts',(-14.0000002086163,21.9999997317791,-4.));
#4492=CARTESIAN_POINT('Ctrl Pts',(-14.0000002086163,21.9999997317791,16.));
#4493=CARTESIAN_POINT('Ctrl Pts',(-14.0000002086163,18.9999996870756,-4.));
#4494=CARTESIAN_POINT('Ctrl Pts',(-14.0000002086163,18.9999996870756,16.));
#4495=CARTESIAN_POINT('Origin',(-14.0000002086163,-5.96046447753906E-7,
-2.));
#4496=CARTESIAN_POINT('Origin',(-15.0000002235174,1.99999943375587,0.));
#4497=CARTESIAN_POINT('',(-15.0000002235174,1.99999943375587,0.));
#4498=CARTESIAN_POINT('',(-59.0000008791685,1.99999943375587,0.));
#4499=CARTESIAN_POINT('',(-15.0000002235174,1.99999943375587,0.));
#4500=CARTESIAN_POINT('',(-59.0000008791685,1.99999943375587,0.));
#4501=CARTESIAN_POINT('',(-15.0000002235174,1.99999943375587,0.));
#4502=CARTESIAN_POINT('Origin',(-15.0000002235174,19.9999997019768,0.));
#4503=CARTESIAN_POINT('',(-15.0000002235174,19.9999997019768,0.));
#4504=CARTESIAN_POINT('',(-15.0000002235174,19.9999997019768,0.));
#4505=CARTESIAN_POINT('',(-15.0000002235174,19.9999997019768,0.));
#4506=CARTESIAN_POINT('Origin',(-59.0000008791685,19.9999997019768,0.));
#4507=CARTESIAN_POINT('',(-59.0000008791685,19.9999997019768,0.));
#4508=CARTESIAN_POINT('',(-59.0000008791685,19.9999997019768,0.));
#4509=CARTESIAN_POINT('',(-59.0000008791685,19.9999997019768,0.));
#4510=CARTESIAN_POINT('Origin',(-59.0000008791685,1.99999943375587,0.));
#4511=CARTESIAN_POINT('',(-59.0000008791685,1.99999943375587,0.));
#4512=CARTESIAN_POINT('Origin',(-37.000000551343,10.9999995678663,0.));
#4513=CARTESIAN_POINT('',(0.,0.,0.));
#4514=CARTESIAN_POINT('',(0.,0.,0.));
#4515=CARTESIAN_POINT('',(0.,0.,0.));
#4516=CARTESIAN_POINT('',(0.,0.,0.));
#4517=CARTESIAN_POINT('',(0.,0.,0.));
#4518=CARTESIAN_POINT('',(0.,0.,0.));
#4519=CARTESIAN_POINT('',(0.,0.,0.));
#4520=CARTESIAN_POINT('',(0.,0.,0.));
#4521=CARTESIAN_POINT('',(0.,0.,0.));
#4522=CARTESIAN_POINT('',(0.,0.,0.));
#4523=CARTESIAN_POINT('',(0.,0.,0.));
#4524=CARTESIAN_POINT('',(0.,0.,0.));
#4525=CARTESIAN_POINT('',(0.,0.,0.));
#4526=CARTESIAN_POINT('',(0.,0.,0.));
#4527=CARTESIAN_POINT('',(0.,0.,0.));
#4528=CARTESIAN_POINT('',(0.,0.,0.));
#4529=CARTESIAN_POINT('',(0.,0.,0.));
#4530=CARTESIAN_POINT('',(0.,0.,0.));
#4531=CARTESIAN_POINT('',(0.,0.,0.));
#4532=CARTESIAN_POINT('',(0.,0.,0.));
#4533=CARTESIAN_POINT('',(0.,0.,0.));
#4534=CARTESIAN_POINT('',(0.,0.,0.));
#4535=CARTESIAN_POINT('',(0.,0.,0.));
#4536=CARTESIAN_POINT('',(0.,0.,0.));
#4537=CARTESIAN_POINT('',(0.,0.,0.));
#4538=CARTESIAN_POINT('',(0.,0.,0.));
#4539=CARTESIAN_POINT('',(0.,0.,0.));
#4540=CARTESIAN_POINT('',(0.,0.,0.));
#4541=CARTESIAN_POINT('',(0.,0.,0.));
#4542=CARTESIAN_POINT('',(0.,0.,0.));
#4543=CARTESIAN_POINT('',(0.,0.,0.));
#4544=CARTESIAN_POINT('',(0.,0.,0.));
#4545=CARTESIAN_POINT('',(0.,0.,0.));
#4546=CARTESIAN_POINT('',(0.,0.,0.));
#4547=CARTESIAN_POINT('',(0.,0.,0.));
#4548=CARTESIAN_POINT('',(0.,0.,0.));
#4549=CARTESIAN_POINT('',(0.,0.,0.));
#4550=CARTESIAN_POINT('',(0.,0.,0.));
#4551=CARTESIAN_POINT('',(0.,0.,0.));
#4552=CARTESIAN_POINT('',(0.,0.,0.));
#4553=CARTESIAN_POINT('',(0.,0.,0.));
#4554=CARTESIAN_POINT('',(0.,0.,0.));
#4555=CARTESIAN_POINT('',(0.,0.,0.));
#4556=CARTESIAN_POINT('',(0.,0.,0.));
#4557=CARTESIAN_POINT('',(0.,0.,0.));
#4558=CARTESIAN_POINT('',(0.,0.,0.));
#4559=CARTESIAN_POINT('',(0.,0.,0.));
#4560=CARTESIAN_POINT('',(0.,0.,0.));
#4561=CARTESIAN_POINT('',(0.,0.,0.));
#4562=CARTESIAN_POINT('',(0.,0.,0.));
#4563=CARTESIAN_POINT('',(0.,0.,0.));
#4564=CARTESIAN_POINT('',(0.,0.,0.));
#4565=CARTESIAN_POINT('',(0.,0.,0.));
#4566=CARTESIAN_POINT('',(0.,0.,0.));
#4567=CARTESIAN_POINT('',(0.,0.,0.));
#4568=UNCERTAINTY_MEASURE_WITH_UNIT(LENGTH_MEASURE(0.01),#4906,
'DISTANCE_ACCURACY_VALUE',
'Maximum model space distance between geometric entities at asserted c
onnectivities');
#4569=UNCERTAINTY_MEASURE_WITH_UNIT(LENGTH_MEASURE(0.01),#4906,
'DISTANCE_ACCURACY_VALUE',
'Maximum model space distance between geometric entities at asserted c
onnectivities');
#4570=UNCERTAINTY_MEASURE_WITH_UNIT(LENGTH_MEASURE(0.01),#4906,
'DISTANCE_ACCURACY_VALUE',
'Maximum model space distance between geometric entities at asserted c
onnectivities');
#4571=UNCERTAINTY_MEASURE_WITH_UNIT(LENGTH_MEASURE(0.01),#4906,
'DISTANCE_ACCURACY_VALUE',
'Maximum model space distance between geometric entities at asserted c
onnectivities');
#4572=UNCERTAINTY_MEASURE_WITH_UNIT(LENGTH_MEASURE(0.01),#4906,
'DISTANCE_ACCURACY_VALUE',
'Maximum model space distance between geometric entities at asserted c
onnectivities');
#4573=UNCERTAINTY_MEASURE_WITH_UNIT(LENGTH_MEASURE(0.01),#4906,
'DISTANCE_ACCURACY_VALUE',
'Maximum model space distance between geometric entities at asserted c
onnectivities');
#4574=UNCERTAINTY_MEASURE_WITH_UNIT(LENGTH_MEASURE(0.01),#4906,
'DISTANCE_ACCURACY_VALUE',
'Maximum model space distance between geometric entities at asserted c
onnectivities');
#4575=UNCERTAINTY_MEASURE_WITH_UNIT(LENGTH_MEASURE(0.01),#4906,
'DISTANCE_ACCURACY_VALUE',
'Maximum model space distance between geometric entities at asserted c
onnectivities');
#4576=UNCERTAINTY_MEASURE_WITH_UNIT(LENGTH_MEASURE(0.01),#4906,
'DISTANCE_ACCURACY_VALUE',
'Maximum model space distance between geometric entities at asserted c
onnectivities');
#4577=UNCERTAINTY_MEASURE_WITH_UNIT(LENGTH_MEASURE(0.01),#4906,
'DISTANCE_ACCURACY_VALUE',
'Maximum model space distance between geometric entities at asserted c
onnectivities');
#4578=UNCERTAINTY_MEASURE_WITH_UNIT(LENGTH_MEASURE(0.01),#4906,
'DISTANCE_ACCURACY_VALUE',
'Maximum model space distance between geometric entities at asserted c
onnectivities');
#4579=UNCERTAINTY_MEASURE_WITH_UNIT(LENGTH_MEASURE(0.01),#4906,
'DISTANCE_ACCURACY_VALUE',
'Maximum model space distance between geometric entities at asserted c
onnectivities');
#4580=UNCERTAINTY_MEASURE_WITH_UNIT(LENGTH_MEASURE(0.01),#4906,
'DISTANCE_ACCURACY_VALUE',
'Maximum model space distance between geometric entities at asserted c
onnectivities');
#4581=UNCERTAINTY_MEASURE_WITH_UNIT(LENGTH_MEASURE(0.01),#4906,
'DISTANCE_ACCURACY_VALUE',
'Maximum model space distance between geometric entities at asserted c
onnectivities');
#4582=UNCERTAINTY_MEASURE_WITH_UNIT(LENGTH_MEASURE(0.01),#4906,
'DISTANCE_ACCURACY_VALUE',
'Maximum model space distance between geometric entities at asserted c
onnectivities');
#4583=UNCERTAINTY_MEASURE_WITH_UNIT(LENGTH_MEASURE(0.01),#4906,
'DISTANCE_ACCURACY_VALUE',
'Maximum model space distance between geometric entities at asserted c
onnectivities');
#4584=UNCERTAINTY_MEASURE_WITH_UNIT(LENGTH_MEASURE(0.01),#4906,
'DISTANCE_ACCURACY_VALUE',
'Maximum model space distance between geometric entities at asserted c
onnectivities');
#4585=UNCERTAINTY_MEASURE_WITH_UNIT(LENGTH_MEASURE(0.01),#4906,
'DISTANCE_ACCURACY_VALUE',
'Maximum model space distance between geometric entities at asserted c
onnectivities');
#4586=UNCERTAINTY_MEASURE_WITH_UNIT(LENGTH_MEASURE(0.01),#4906,
'DISTANCE_ACCURACY_VALUE',
'Maximum model space distance between geometric entities at asserted c
onnectivities');
#4587=UNCERTAINTY_MEASURE_WITH_UNIT(LENGTH_MEASURE(0.01),#4906,
'DISTANCE_ACCURACY_VALUE',
'Maximum model space distance between geometric entities at asserted c
onnectivities');
#4588=UNCERTAINTY_MEASURE_WITH_UNIT(LENGTH_MEASURE(0.01),#4906,
'DISTANCE_ACCURACY_VALUE',
'Maximum model space distance between geometric entities at asserted c
onnectivities');
#4589=UNCERTAINTY_MEASURE_WITH_UNIT(LENGTH_MEASURE(0.01),#4906,
'DISTANCE_ACCURACY_VALUE',
'Maximum model space distance between geometric entities at asserted c
onnectivities');
#4590=UNCERTAINTY_MEASURE_WITH_UNIT(LENGTH_MEASURE(0.01),#4906,
'DISTANCE_ACCURACY_VALUE',
'Maximum model space distance between geometric entities at asserted c
onnectivities');
#4591=UNCERTAINTY_MEASURE_WITH_UNIT(LENGTH_MEASURE(0.01),#4906,
'DISTANCE_ACCURACY_VALUE',
'Maximum model space distance between geometric entities at asserted c
onnectivities');
#4592=UNCERTAINTY_MEASURE_WITH_UNIT(LENGTH_MEASURE(0.01),#4906,
'DISTANCE_ACCURACY_VALUE',
'Maximum model space distance between geometric entities at asserted c
onnectivities');
#4593=UNCERTAINTY_MEASURE_WITH_UNIT(LENGTH_MEASURE(0.01),#4906,
'DISTANCE_ACCURACY_VALUE',
'Maximum model space distance between geometric entities at asserted c
onnectivities');
#4594=UNCERTAINTY_MEASURE_WITH_UNIT(LENGTH_MEASURE(0.01),#4906,
'DISTANCE_ACCURACY_VALUE',
'Maximum model space distance between geometric entities at asserted c
onnectivities');
#4595=UNCERTAINTY_MEASURE_WITH_UNIT(LENGTH_MEASURE(0.01),#4906,
'DISTANCE_ACCURACY_VALUE',
'Maximum model space distance between geometric entities at asserted c
onnectivities');
#4596=UNCERTAINTY_MEASURE_WITH_UNIT(LENGTH_MEASURE(0.01),#4906,
'DISTANCE_ACCURACY_VALUE',
'Maximum model space distance between geometric entities at asserted c
onnectivities');
#4597=UNCERTAINTY_MEASURE_WITH_UNIT(LENGTH_MEASURE(0.01),#4906,
'DISTANCE_ACCURACY_VALUE',
'Maximum model space distance between geometric entities at asserted c
onnectivities');
#4598=UNCERTAINTY_MEASURE_WITH_UNIT(LENGTH_MEASURE(0.01),#4906,
'DISTANCE_ACCURACY_VALUE',
'Maximum model space distance between geometric entities at asserted c
onnectivities');
#4599=UNCERTAINTY_MEASURE_WITH_UNIT(LENGTH_MEASURE(0.01),#4906,
'DISTANCE_ACCURACY_VALUE',
'Maximum model space distance between geometric entities at asserted c
onnectivities');
#4600=UNCERTAINTY_MEASURE_WITH_UNIT(LENGTH_MEASURE(0.01),#4906,
'DISTANCE_ACCURACY_VALUE',
'Maximum model space distance between geometric entities at asserted c
onnectivities');
#4601=UNCERTAINTY_MEASURE_WITH_UNIT(LENGTH_MEASURE(0.01),#4906,
'DISTANCE_ACCURACY_VALUE',
'Maximum model space distance between geometric entities at asserted c
onnectivities');
#4602=UNCERTAINTY_MEASURE_WITH_UNIT(LENGTH_MEASURE(0.01),#4906,
'DISTANCE_ACCURACY_VALUE',
'Maximum model space distance between geometric entities at asserted c
onnectivities');
#4603=UNCERTAINTY_MEASURE_WITH_UNIT(LENGTH_MEASURE(0.01),#4906,
'DISTANCE_ACCURACY_VALUE',
'Maximum model space distance between geometric entities at asserted c
onnectivities');
#4604=UNCERTAINTY_MEASURE_WITH_UNIT(LENGTH_MEASURE(0.01),#4906,
'DISTANCE_ACCURACY_VALUE',
'Maximum model space distance between geometric entities at asserted c
onnectivities');
#4605=UNCERTAINTY_MEASURE_WITH_UNIT(LENGTH_MEASURE(0.01),#4906,
'DISTANCE_ACCURACY_VALUE',
'Maximum model space distance between geometric entities at asserted c
onnectivities');
#4606=UNCERTAINTY_MEASURE_WITH_UNIT(LENGTH_MEASURE(0.01),#4906,
'DISTANCE_ACCURACY_VALUE',
'Maximum model space distance between geometric entities at asserted c
onnectivities');
#4607=UNCERTAINTY_MEASURE_WITH_UNIT(LENGTH_MEASURE(0.01),#4906,
'DISTANCE_ACCURACY_VALUE',
'Maximum model space distance between geometric entities at asserted c
onnectivities');
#4608=UNCERTAINTY_MEASURE_WITH_UNIT(LENGTH_MEASURE(0.01),#4906,
'DISTANCE_ACCURACY_VALUE',
'Maximum model space distance between geometric entities at asserted c
onnectivities');
#4609=UNCERTAINTY_MEASURE_WITH_UNIT(LENGTH_MEASURE(0.01),#4906,
'DISTANCE_ACCURACY_VALUE',
'Maximum model space distance between geometric entities at asserted c
onnectivities');
#4610=UNCERTAINTY_MEASURE_WITH_UNIT(LENGTH_MEASURE(0.01),#4906,
'DISTANCE_ACCURACY_VALUE',
'Maximum model space distance between geometric entities at asserted c
onnectivities');
#4611=UNCERTAINTY_MEASURE_WITH_UNIT(LENGTH_MEASURE(0.01),#4906,
'DISTANCE_ACCURACY_VALUE',
'Maximum model space distance between geometric entities at asserted c
onnectivities');
#4612=UNCERTAINTY_MEASURE_WITH_UNIT(LENGTH_MEASURE(0.01),#4906,
'DISTANCE_ACCURACY_VALUE',
'Maximum model space distance between geometric entities at asserted c
onnectivities');
#4613=UNCERTAINTY_MEASURE_WITH_UNIT(LENGTH_MEASURE(0.01),#4906,
'DISTANCE_ACCURACY_VALUE',
'Maximum model space distance between geometric entities at asserted c
onnectivities');
#4614=UNCERTAINTY_MEASURE_WITH_UNIT(LENGTH_MEASURE(0.01),#4906,
'DISTANCE_ACCURACY_VALUE',
'Maximum model space distance between geometric entities at asserted c
onnectivities');
#4615=UNCERTAINTY_MEASURE_WITH_UNIT(LENGTH_MEASURE(0.01),#4906,
'DISTANCE_ACCURACY_VALUE',
'Maximum model space distance between geometric entities at asserted c
onnectivities');
#4616=UNCERTAINTY_MEASURE_WITH_UNIT(LENGTH_MEASURE(0.01),#4906,
'DISTANCE_ACCURACY_VALUE',
'Maximum model space distance between geometric entities at asserted c
onnectivities');
#4617=UNCERTAINTY_MEASURE_WITH_UNIT(LENGTH_MEASURE(0.01),#4906,
'DISTANCE_ACCURACY_VALUE',
'Maximum model space distance between geometric entities at asserted c
onnectivities');
#4618=UNCERTAINTY_MEASURE_WITH_UNIT(LENGTH_MEASURE(0.01),#4906,
'DISTANCE_ACCURACY_VALUE',
'Maximum model space distance between geometric entities at asserted c
onnectivities');
#4619=UNCERTAINTY_MEASURE_WITH_UNIT(LENGTH_MEASURE(0.01),#4906,
'DISTANCE_ACCURACY_VALUE',
'Maximum model space distance between geometric entities at asserted c
onnectivities');
#4620=UNCERTAINTY_MEASURE_WITH_UNIT(LENGTH_MEASURE(0.01),#4906,
'DISTANCE_ACCURACY_VALUE',
'Maximum model space distance between geometric entities at asserted c
onnectivities');
#4621=UNCERTAINTY_MEASURE_WITH_UNIT(LENGTH_MEASURE(0.01),#4906,
'DISTANCE_ACCURACY_VALUE',
'Maximum model space distance between geometric entities at asserted c
onnectivities');
#4622=UNCERTAINTY_MEASURE_WITH_UNIT(LENGTH_MEASURE(0.01),#4906,
'DISTANCE_ACCURACY_VALUE',
'Maximum model space distance between geometric entities at asserted c
onnectivities');
#4623=UNCERTAINTY_MEASURE_WITH_UNIT(LENGTH_MEASURE(0.01),#4906,
'DISTANCE_ACCURACY_VALUE',
'Maximum model space distance between geometric entities at asserted c
onnectivities');
#4624=UNCERTAINTY_MEASURE_WITH_UNIT(LENGTH_MEASURE(0.01),#4906,
'DISTANCE_ACCURACY_VALUE',
'Maximum model space distance between geometric entities at asserted c
onnectivities');
#4625=UNCERTAINTY_MEASURE_WITH_UNIT(LENGTH_MEASURE(0.01),#4906,
'DISTANCE_ACCURACY_VALUE',
'Maximum model space distance between geometric entities at asserted c
onnectivities');
#4626=UNCERTAINTY_MEASURE_WITH_UNIT(LENGTH_MEASURE(0.01),#4906,
'DISTANCE_ACCURACY_VALUE',
'Maximum model space distance between geometric entities at asserted c
onnectivities');
#4627=UNCERTAINTY_MEASURE_WITH_UNIT(LENGTH_MEASURE(0.01),#4906,
'DISTANCE_ACCURACY_VALUE',
'Maximum model space distance between geometric entities at asserted c
onnectivities');
#4628=UNCERTAINTY_MEASURE_WITH_UNIT(LENGTH_MEASURE(0.01),#4906,
'DISTANCE_ACCURACY_VALUE',
'Maximum model space distance between geometric entities at asserted c
onnectivities');
#4629=UNCERTAINTY_MEASURE_WITH_UNIT(LENGTH_MEASURE(0.01),#4906,
'DISTANCE_ACCURACY_VALUE',
'Maximum model space distance between geometric entities at asserted c
onnectivities');
#4630=UNCERTAINTY_MEASURE_WITH_UNIT(LENGTH_MEASURE(0.01),#4906,
'DISTANCE_ACCURACY_VALUE',
'Maximum model space distance between geometric entities at asserted c
onnectivities');
#4631=UNCERTAINTY_MEASURE_WITH_UNIT(LENGTH_MEASURE(0.01),#4906,
'DISTANCE_ACCURACY_VALUE',
'Maximum model space distance between geometric entities at asserted c
onnectivities');
#4632=UNCERTAINTY_MEASURE_WITH_UNIT(LENGTH_MEASURE(0.01),#4906,
'DISTANCE_ACCURACY_VALUE',
'Maximum model space distance between geometric entities at asserted c
onnectivities');
#4633=UNCERTAINTY_MEASURE_WITH_UNIT(LENGTH_MEASURE(0.01),#4906,
'DISTANCE_ACCURACY_VALUE',
'Maximum model space distance between geometric entities at asserted c
onnectivities');
#4634=UNCERTAINTY_MEASURE_WITH_UNIT(LENGTH_MEASURE(0.01),#4906,
'DISTANCE_ACCURACY_VALUE',
'Maximum model space distance between geometric entities at asserted c
onnectivities');
#4635=UNCERTAINTY_MEASURE_WITH_UNIT(LENGTH_MEASURE(0.01),#4906,
'DISTANCE_ACCURACY_VALUE',
'Maximum model space distance between geometric entities at asserted c
onnectivities');
#4636=UNCERTAINTY_MEASURE_WITH_UNIT(LENGTH_MEASURE(0.01),#4906,
'DISTANCE_ACCURACY_VALUE',
'Maximum model space distance between geometric entities at asserted c
onnectivities');
#4637=UNCERTAINTY_MEASURE_WITH_UNIT(LENGTH_MEASURE(0.01),#4906,
'DISTANCE_ACCURACY_VALUE',
'Maximum model space distance between geometric entities at asserted c
onnectivities');
#4638=UNCERTAINTY_MEASURE_WITH_UNIT(LENGTH_MEASURE(0.01),#4906,
'DISTANCE_ACCURACY_VALUE',
'Maximum model space distance between geometric entities at asserted c
onnectivities');
#4639=UNCERTAINTY_MEASURE_WITH_UNIT(LENGTH_MEASURE(0.01),#4906,
'DISTANCE_ACCURACY_VALUE',
'Maximum model space distance between geometric entities at asserted c
onnectivities');
#4640=UNCERTAINTY_MEASURE_WITH_UNIT(LENGTH_MEASURE(0.01),#4906,
'DISTANCE_ACCURACY_VALUE',
'Maximum model space distance between geometric entities at asserted c
onnectivities');
#4641=UNCERTAINTY_MEASURE_WITH_UNIT(LENGTH_MEASURE(0.01),#4906,
'DISTANCE_ACCURACY_VALUE',
'Maximum model space distance between geometric entities at asserted c
onnectivities');
#4642=UNCERTAINTY_MEASURE_WITH_UNIT(LENGTH_MEASURE(0.01),#4906,
'DISTANCE_ACCURACY_VALUE',
'Maximum model space distance between geometric entities at asserted c
onnectivities');
#4643=UNCERTAINTY_MEASURE_WITH_UNIT(LENGTH_MEASURE(0.01),#4906,
'DISTANCE_ACCURACY_VALUE',
'Maximum model space distance between geometric entities at asserted c
onnectivities');
#4644=UNCERTAINTY_MEASURE_WITH_UNIT(LENGTH_MEASURE(0.01),#4906,
'DISTANCE_ACCURACY_VALUE',
'Maximum model space distance between geometric entities at asserted c
onnectivities');
#4645=UNCERTAINTY_MEASURE_WITH_UNIT(LENGTH_MEASURE(0.01),#4906,
'DISTANCE_ACCURACY_VALUE',
'Maximum model space distance between geometric entities at asserted c
onnectivities');
#4646=UNCERTAINTY_MEASURE_WITH_UNIT(LENGTH_MEASURE(0.01),#4906,
'DISTANCE_ACCURACY_VALUE',
'Maximum model space distance between geometric entities at asserted c
onnectivities');
#4647=UNCERTAINTY_MEASURE_WITH_UNIT(LENGTH_MEASURE(0.01),#4906,
'DISTANCE_ACCURACY_VALUE',
'Maximum model space distance between geometric entities at asserted c
onnectivities');
#4648=UNCERTAINTY_MEASURE_WITH_UNIT(LENGTH_MEASURE(0.01),#4906,
'DISTANCE_ACCURACY_VALUE',
'Maximum model space distance between geometric entities at asserted c
onnectivities');
#4649=UNCERTAINTY_MEASURE_WITH_UNIT(LENGTH_MEASURE(0.01),#4906,
'DISTANCE_ACCURACY_VALUE',
'Maximum model space distance between geometric entities at asserted c
onnectivities');
#4650=UNCERTAINTY_MEASURE_WITH_UNIT(LENGTH_MEASURE(0.01),#4906,
'DISTANCE_ACCURACY_VALUE',
'Maximum model space distance between geometric entities at asserted c
onnectivities');
#4651=UNCERTAINTY_MEASURE_WITH_UNIT(LENGTH_MEASURE(0.01),#4906,
'DISTANCE_ACCURACY_VALUE',
'Maximum model space distance between geometric entities at asserted c
onnectivities');
#4652=UNCERTAINTY_MEASURE_WITH_UNIT(LENGTH_MEASURE(0.01),#4906,
'DISTANCE_ACCURACY_VALUE',
'Maximum model space distance between geometric entities at asserted c
onnectivities');
#4653=UNCERTAINTY_MEASURE_WITH_UNIT(LENGTH_MEASURE(0.01),#4906,
'DISTANCE_ACCURACY_VALUE',
'Maximum model space distance between geometric entities at asserted c
onnectivities');
#4654=UNCERTAINTY_MEASURE_WITH_UNIT(LENGTH_MEASURE(0.01),#4906,
'DISTANCE_ACCURACY_VALUE',
'Maximum model space distance between geometric entities at asserted c
onnectivities');
#4655=UNCERTAINTY_MEASURE_WITH_UNIT(LENGTH_MEASURE(0.01),#4906,
'DISTANCE_ACCURACY_VALUE',
'Maximum model space distance between geometric entities at asserted c
onnectivities');
#4656=UNCERTAINTY_MEASURE_WITH_UNIT(LENGTH_MEASURE(0.01),#4906,
'DISTANCE_ACCURACY_VALUE',
'Maximum model space distance between geometric entities at asserted c
onnectivities');
#4657=UNCERTAINTY_MEASURE_WITH_UNIT(LENGTH_MEASURE(0.01),#4906,
'DISTANCE_ACCURACY_VALUE',
'Maximum model space distance between geometric entities at asserted c
onnectivities');
#4658=UNCERTAINTY_MEASURE_WITH_UNIT(LENGTH_MEASURE(0.01),#4906,
'DISTANCE_ACCURACY_VALUE',
'Maximum model space distance between geometric entities at asserted c
onnectivities');
#4659=UNCERTAINTY_MEASURE_WITH_UNIT(LENGTH_MEASURE(0.01),#4906,
'DISTANCE_ACCURACY_VALUE',
'Maximum model space distance between geometric entities at asserted c
onnectivities');
#4660=UNCERTAINTY_MEASURE_WITH_UNIT(LENGTH_MEASURE(0.01),#4906,
'DISTANCE_ACCURACY_VALUE',
'Maximum model space distance between geometric entities at asserted c
onnectivities');
#4661=UNCERTAINTY_MEASURE_WITH_UNIT(LENGTH_MEASURE(0.01),#4906,
'DISTANCE_ACCURACY_VALUE',
'Maximum model space distance between geometric entities at asserted c
onnectivities');
#4662=UNCERTAINTY_MEASURE_WITH_UNIT(LENGTH_MEASURE(0.01),#4906,
'DISTANCE_ACCURACY_VALUE',
'Maximum model space distance between geometric entities at asserted c
onnectivities');
#4663=UNCERTAINTY_MEASURE_WITH_UNIT(LENGTH_MEASURE(0.01),#4906,
'DISTANCE_ACCURACY_VALUE',
'Maximum model space distance between geometric entities at asserted c
onnectivities');
#4664=UNCERTAINTY_MEASURE_WITH_UNIT(LENGTH_MEASURE(0.01),#4906,
'DISTANCE_ACCURACY_VALUE',
'Maximum model space distance between geometric entities at asserted c
onnectivities');
#4665=UNCERTAINTY_MEASURE_WITH_UNIT(LENGTH_MEASURE(0.01),#4906,
'DISTANCE_ACCURACY_VALUE',
'Maximum model space distance between geometric entities at asserted c
onnectivities');
#4666=UNCERTAINTY_MEASURE_WITH_UNIT(LENGTH_MEASURE(0.01),#4906,
'DISTANCE_ACCURACY_VALUE',
'Maximum model space distance between geometric entities at asserted c
onnectivities');
#4667=UNCERTAINTY_MEASURE_WITH_UNIT(LENGTH_MEASURE(0.01),#4906,
'DISTANCE_ACCURACY_VALUE',
'Maximum model space distance between geometric entities at asserted c
onnectivities');
#4668=UNCERTAINTY_MEASURE_WITH_UNIT(LENGTH_MEASURE(0.01),#4906,
'DISTANCE_ACCURACY_VALUE',
'Maximum model space distance between geometric entities at asserted c
onnectivities');
#4669=UNCERTAINTY_MEASURE_WITH_UNIT(LENGTH_MEASURE(0.01),#4906,
'DISTANCE_ACCURACY_VALUE',
'Maximum model space distance between geometric entities at asserted c
onnectivities');
#4670=UNCERTAINTY_MEASURE_WITH_UNIT(LENGTH_MEASURE(0.01),#4906,
'DISTANCE_ACCURACY_VALUE',
'Maximum model space distance between geometric entities at asserted c
onnectivities');
#4671=UNCERTAINTY_MEASURE_WITH_UNIT(LENGTH_MEASURE(0.01),#4906,
'DISTANCE_ACCURACY_VALUE',
'Maximum model space distance between geometric entities at asserted c
onnectivities');
#4672=UNCERTAINTY_MEASURE_WITH_UNIT(LENGTH_MEASURE(0.01),#4906,
'DISTANCE_ACCURACY_VALUE',
'Maximum model space distance between geometric entities at asserted c
onnectivities');
#4673=UNCERTAINTY_MEASURE_WITH_UNIT(LENGTH_MEASURE(0.01),#4906,
'DISTANCE_ACCURACY_VALUE',
'Maximum model space distance between geometric entities at asserted c
onnectivities');
#4674=UNCERTAINTY_MEASURE_WITH_UNIT(LENGTH_MEASURE(0.01),#4906,
'DISTANCE_ACCURACY_VALUE',
'Maximum model space distance between geometric entities at asserted c
onnectivities');
#4675=UNCERTAINTY_MEASURE_WITH_UNIT(LENGTH_MEASURE(0.01),#4906,
'DISTANCE_ACCURACY_VALUE',
'Maximum model space distance between geometric entities at asserted c
onnectivities');
#4676=UNCERTAINTY_MEASURE_WITH_UNIT(LENGTH_MEASURE(0.01),#4906,
'DISTANCE_ACCURACY_VALUE',
'Maximum model space distance between geometric entities at asserted c
onnectivities');
#4677=UNCERTAINTY_MEASURE_WITH_UNIT(LENGTH_MEASURE(0.01),#4906,
'DISTANCE_ACCURACY_VALUE',
'Maximum model space distance between geometric entities at asserted c
onnectivities');
#4678=UNCERTAINTY_MEASURE_WITH_UNIT(LENGTH_MEASURE(0.01),#4906,
'DISTANCE_ACCURACY_VALUE',
'Maximum model space distance between geometric entities at asserted c
onnectivities');
#4679=UNCERTAINTY_MEASURE_WITH_UNIT(LENGTH_MEASURE(0.01),#4906,
'DISTANCE_ACCURACY_VALUE',
'Maximum model space distance between geometric entities at asserted c
onnectivities');
#4680=UNCERTAINTY_MEASURE_WITH_UNIT(LENGTH_MEASURE(0.01),#4906,
'DISTANCE_ACCURACY_VALUE',
'Maximum model space distance between geometric entities at asserted c
onnectivities');
#4681=UNCERTAINTY_MEASURE_WITH_UNIT(LENGTH_MEASURE(0.01),#4906,
'DISTANCE_ACCURACY_VALUE',
'Maximum model space distance between geometric entities at asserted c
onnectivities');
#4682=UNCERTAINTY_MEASURE_WITH_UNIT(LENGTH_MEASURE(0.01),#4906,
'DISTANCE_ACCURACY_VALUE',
'Maximum model space distance between geometric entities at asserted c
onnectivities');
#4683=UNCERTAINTY_MEASURE_WITH_UNIT(LENGTH_MEASURE(0.01),#4906,
'DISTANCE_ACCURACY_VALUE',
'Maximum model space distance between geometric entities at asserted c
onnectivities');
#4684=UNCERTAINTY_MEASURE_WITH_UNIT(LENGTH_MEASURE(0.01),#4906,
'DISTANCE_ACCURACY_VALUE',
'Maximum model space distance between geometric entities at asserted c
onnectivities');
#4685=UNCERTAINTY_MEASURE_WITH_UNIT(LENGTH_MEASURE(0.01),#4906,
'DISTANCE_ACCURACY_VALUE',
'Maximum model space distance between geometric entities at asserted c
onnectivities');
#4686=UNCERTAINTY_MEASURE_WITH_UNIT(LENGTH_MEASURE(0.01),#4906,
'DISTANCE_ACCURACY_VALUE',
'Maximum model space distance between geometric entities at asserted c
onnectivities');
#4687=UNCERTAINTY_MEASURE_WITH_UNIT(LENGTH_MEASURE(0.01),#4906,
'DISTANCE_ACCURACY_VALUE',
'Maximum model space distance between geometric entities at asserted c
onnectivities');
#4688=UNCERTAINTY_MEASURE_WITH_UNIT(LENGTH_MEASURE(0.01),#4906,
'DISTANCE_ACCURACY_VALUE',
'Maximum model space distance between geometric entities at asserted c
onnectivities');
#4689=UNCERTAINTY_MEASURE_WITH_UNIT(LENGTH_MEASURE(0.01),#4906,
'DISTANCE_ACCURACY_VALUE',
'Maximum model space distance between geometric entities at asserted c
onnectivities');
#4690=UNCERTAINTY_MEASURE_WITH_UNIT(LENGTH_MEASURE(0.01),#4906,
'DISTANCE_ACCURACY_VALUE',
'Maximum model space distance between geometric entities at asserted c
onnectivities');
#4691=UNCERTAINTY_MEASURE_WITH_UNIT(LENGTH_MEASURE(0.01),#4906,
'DISTANCE_ACCURACY_VALUE',
'Maximum model space distance between geometric entities at asserted c
onnectivities');
#4692=UNCERTAINTY_MEASURE_WITH_UNIT(LENGTH_MEASURE(0.01),#4906,
'DISTANCE_ACCURACY_VALUE',
'Maximum model space distance between geometric entities at asserted c
onnectivities');
#4693=UNCERTAINTY_MEASURE_WITH_UNIT(LENGTH_MEASURE(0.01),#4906,
'DISTANCE_ACCURACY_VALUE',
'Maximum model space distance between geometric entities at asserted c
onnectivities');
#4694=UNCERTAINTY_MEASURE_WITH_UNIT(LENGTH_MEASURE(0.01),#4906,
'DISTANCE_ACCURACY_VALUE',
'Maximum model space distance between geometric entities at asserted c
onnectivities');
#4695=UNCERTAINTY_MEASURE_WITH_UNIT(LENGTH_MEASURE(0.01),#4906,
'DISTANCE_ACCURACY_VALUE',
'Maximum model space distance between geometric entities at asserted c
onnectivities');
#4696=UNCERTAINTY_MEASURE_WITH_UNIT(LENGTH_MEASURE(0.01),#4906,
'DISTANCE_ACCURACY_VALUE',
'Maximum model space distance between geometric entities at asserted c
onnectivities');
#4697=UNCERTAINTY_MEASURE_WITH_UNIT(LENGTH_MEASURE(0.01),#4906,
'DISTANCE_ACCURACY_VALUE',
'Maximum model space distance between geometric entities at asserted c
onnectivities');
#4698=UNCERTAINTY_MEASURE_WITH_UNIT(LENGTH_MEASURE(0.01),#4906,
'DISTANCE_ACCURACY_VALUE',
'Maximum model space distance between geometric entities at asserted c
onnectivities');
#4699=UNCERTAINTY_MEASURE_WITH_UNIT(LENGTH_MEASURE(0.01),#4906,
'DISTANCE_ACCURACY_VALUE',
'Maximum model space distance between geometric entities at asserted c
onnectivities');
#4700=UNCERTAINTY_MEASURE_WITH_UNIT(LENGTH_MEASURE(0.01),#4906,
'DISTANCE_ACCURACY_VALUE',
'Maximum model space distance between geometric entities at asserted c
onnectivities');
#4701=UNCERTAINTY_MEASURE_WITH_UNIT(LENGTH_MEASURE(0.01),#4906,
'DISTANCE_ACCURACY_VALUE',
'Maximum model space distance between geometric entities at asserted c
onnectivities');
#4702=UNCERTAINTY_MEASURE_WITH_UNIT(LENGTH_MEASURE(0.01),#4906,
'DISTANCE_ACCURACY_VALUE',
'Maximum model space distance between geometric entities at asserted c
onnectivities');
#4703=UNCERTAINTY_MEASURE_WITH_UNIT(LENGTH_MEASURE(0.01),#4906,
'DISTANCE_ACCURACY_VALUE',
'Maximum model space distance between geometric entities at asserted c
onnectivities');
#4704=UNCERTAINTY_MEASURE_WITH_UNIT(LENGTH_MEASURE(0.01),#4906,
'DISTANCE_ACCURACY_VALUE',
'Maximum model space distance between geometric entities at asserted c
onnectivities');
#4705=UNCERTAINTY_MEASURE_WITH_UNIT(LENGTH_MEASURE(0.01),#4906,
'DISTANCE_ACCURACY_VALUE',
'Maximum model space distance between geometric entities at asserted c
onnectivities');
#4706=UNCERTAINTY_MEASURE_WITH_UNIT(LENGTH_MEASURE(0.01),#4906,
'DISTANCE_ACCURACY_VALUE',
'Maximum model space distance between geometric entities at asserted c
onnectivities');
#4707=UNCERTAINTY_MEASURE_WITH_UNIT(LENGTH_MEASURE(0.01),#4906,
'DISTANCE_ACCURACY_VALUE',
'Maximum model space distance between geometric entities at asserted c
onnectivities');
#4708=UNCERTAINTY_MEASURE_WITH_UNIT(LENGTH_MEASURE(0.01),#4906,
'DISTANCE_ACCURACY_VALUE',
'Maximum model space distance between geometric entities at asserted c
onnectivities');
#4709=UNCERTAINTY_MEASURE_WITH_UNIT(LENGTH_MEASURE(0.01),#4906,
'DISTANCE_ACCURACY_VALUE',
'Maximum model space distance between geometric entities at asserted c
onnectivities');
#4710=UNCERTAINTY_MEASURE_WITH_UNIT(LENGTH_MEASURE(0.01),#4906,
'DISTANCE_ACCURACY_VALUE',
'Maximum model space distance between geometric entities at asserted c
onnectivities');
#4711=UNCERTAINTY_MEASURE_WITH_UNIT(LENGTH_MEASURE(0.01),#4906,
'DISTANCE_ACCURACY_VALUE',
'Maximum model space distance between geometric entities at asserted c
onnectivities');
#4712=UNCERTAINTY_MEASURE_WITH_UNIT(LENGTH_MEASURE(0.01),#4906,
'DISTANCE_ACCURACY_VALUE',
'Maximum model space distance between geometric entities at asserted c
onnectivities');
#4713=UNCERTAINTY_MEASURE_WITH_UNIT(LENGTH_MEASURE(0.01),#4906,
'DISTANCE_ACCURACY_VALUE',
'Maximum model space distance between geometric entities at asserted c
onnectivities');
#4714=UNCERTAINTY_MEASURE_WITH_UNIT(LENGTH_MEASURE(0.01),#4906,
'DISTANCE_ACCURACY_VALUE',
'Maximum model space distance between geometric entities at asserted c
onnectivities');
#4715=UNCERTAINTY_MEASURE_WITH_UNIT(LENGTH_MEASURE(0.01),#4906,
'DISTANCE_ACCURACY_VALUE',
'Maximum model space distance between geometric entities at asserted c
onnectivities');
#4716=UNCERTAINTY_MEASURE_WITH_UNIT(LENGTH_MEASURE(0.01),#4906,
'DISTANCE_ACCURACY_VALUE',
'Maximum model space distance between geometric entities at asserted c
onnectivities');
#4717=UNCERTAINTY_MEASURE_WITH_UNIT(LENGTH_MEASURE(0.01),#4906,
'DISTANCE_ACCURACY_VALUE',
'Maximum model space distance between geometric entities at asserted c
onnectivities');
#4718=UNCERTAINTY_MEASURE_WITH_UNIT(LENGTH_MEASURE(0.01),#4906,
'DISTANCE_ACCURACY_VALUE',
'Maximum model space distance between geometric entities at asserted c
onnectivities');
#4719=UNCERTAINTY_MEASURE_WITH_UNIT(LENGTH_MEASURE(0.01),#4906,
'DISTANCE_ACCURACY_VALUE',
'Maximum model space distance between geometric entities at asserted c
onnectivities');
#4720=UNCERTAINTY_MEASURE_WITH_UNIT(LENGTH_MEASURE(0.01),#4906,
'DISTANCE_ACCURACY_VALUE',
'Maximum model space distance between geometric entities at asserted c
onnectivities');
#4721=UNCERTAINTY_MEASURE_WITH_UNIT(LENGTH_MEASURE(0.01),#4906,
'DISTANCE_ACCURACY_VALUE',
'Maximum model space distance between geometric entities at asserted c
onnectivities');
#4722=UNCERTAINTY_MEASURE_WITH_UNIT(LENGTH_MEASURE(0.01),#4906,
'DISTANCE_ACCURACY_VALUE',
'Maximum model space distance between geometric entities at asserted c
onnectivities');
#4723=UNCERTAINTY_MEASURE_WITH_UNIT(LENGTH_MEASURE(0.01),#4906,
'DISTANCE_ACCURACY_VALUE',
'Maximum model space distance between geometric entities at asserted c
onnectivities');
#4724=UNCERTAINTY_MEASURE_WITH_UNIT(LENGTH_MEASURE(0.01),#4906,
'DISTANCE_ACCURACY_VALUE',
'Maximum model space distance between geometric entities at asserted c
onnectivities');
#4725=UNCERTAINTY_MEASURE_WITH_UNIT(LENGTH_MEASURE(0.01),#4906,
'DISTANCE_ACCURACY_VALUE',
'Maximum model space distance between geometric entities at asserted c
onnectivities');
#4726=UNCERTAINTY_MEASURE_WITH_UNIT(LENGTH_MEASURE(0.01),#4906,
'DISTANCE_ACCURACY_VALUE',
'Maximum model space distance between geometric entities at asserted c
onnectivities');
#4727=UNCERTAINTY_MEASURE_WITH_UNIT(LENGTH_MEASURE(0.01),#4906,
'DISTANCE_ACCURACY_VALUE',
'Maximum model space distance between geometric entities at asserted c
onnectivities');
#4728=UNCERTAINTY_MEASURE_WITH_UNIT(LENGTH_MEASURE(0.01),#4906,
'DISTANCE_ACCURACY_VALUE',
'Maximum model space distance between geometric entities at asserted c
onnectivities');
#4729=UNCERTAINTY_MEASURE_WITH_UNIT(LENGTH_MEASURE(0.01),#4906,
'DISTANCE_ACCURACY_VALUE',
'Maximum model space distance between geometric entities at asserted c
onnectivities');
#4730=UNCERTAINTY_MEASURE_WITH_UNIT(LENGTH_MEASURE(0.01),#4906,
'DISTANCE_ACCURACY_VALUE',
'Maximum model space distance between geometric entities at asserted c
onnectivities');
#4731=UNCERTAINTY_MEASURE_WITH_UNIT(LENGTH_MEASURE(0.01),#4906,
'DISTANCE_ACCURACY_VALUE',
'Maximum model space distance between geometric entities at asserted c
onnectivities');
#4732=UNCERTAINTY_MEASURE_WITH_UNIT(LENGTH_MEASURE(0.01),#4906,
'DISTANCE_ACCURACY_VALUE',
'Maximum model space distance between geometric entities at asserted c
onnectivities');
#4733=UNCERTAINTY_MEASURE_WITH_UNIT(LENGTH_MEASURE(0.01),#4906,
'DISTANCE_ACCURACY_VALUE',
'Maximum model space distance between geometric entities at asserted c
onnectivities');
#4734=UNCERTAINTY_MEASURE_WITH_UNIT(LENGTH_MEASURE(0.01),#4906,
'DISTANCE_ACCURACY_VALUE',
'Maximum model space distance between geometric entities at asserted c
onnectivities');
#4735=UNCERTAINTY_MEASURE_WITH_UNIT(LENGTH_MEASURE(0.01),#4906,
'DISTANCE_ACCURACY_VALUE',
'Maximum model space distance between geometric entities at asserted c
onnectivities');
#4736=UNCERTAINTY_MEASURE_WITH_UNIT(LENGTH_MEASURE(0.01),#4906,
'DISTANCE_ACCURACY_VALUE',
'Maximum model space distance between geometric entities at asserted c
onnectivities');
#4737=(
GEOMETRIC_REPRESENTATION_CONTEXT(3)
GLOBAL_UNCERTAINTY_ASSIGNED_CONTEXT((#4568))
GLOBAL_UNIT_ASSIGNED_CONTEXT((#4906,#4908,#4909))
REPRESENTATION_CONTEXT('','3D')
);
#4738=(
GEOMETRIC_REPRESENTATION_CONTEXT(3)
GLOBAL_UNCERTAINTY_ASSIGNED_CONTEXT((#4569))
GLOBAL_UNIT_ASSIGNED_CONTEXT((#4906,#4908,#4909))
REPRESENTATION_CONTEXT('','3D')
);
#4739=(
GEOMETRIC_REPRESENTATION_CONTEXT(3)
GLOBAL_UNCERTAINTY_ASSIGNED_CONTEXT((#4570))
GLOBAL_UNIT_ASSIGNED_CONTEXT((#4906,#4908,#4909))
REPRESENTATION_CONTEXT('','3D')
);
#4740=(
GEOMETRIC_REPRESENTATION_CONTEXT(3)
GLOBAL_UNCERTAINTY_ASSIGNED_CONTEXT((#4571))
GLOBAL_UNIT_ASSIGNED_CONTEXT((#4906,#4908,#4909))
REPRESENTATION_CONTEXT('','3D')
);
#4741=(
GEOMETRIC_REPRESENTATION_CONTEXT(3)
GLOBAL_UNCERTAINTY_ASSIGNED_CONTEXT((#4572))
GLOBAL_UNIT_ASSIGNED_CONTEXT((#4906,#4908,#4909))
REPRESENTATION_CONTEXT('','3D')
);
#4742=(
GEOMETRIC_REPRESENTATION_CONTEXT(3)
GLOBAL_UNCERTAINTY_ASSIGNED_CONTEXT((#4573))
GLOBAL_UNIT_ASSIGNED_CONTEXT((#4906,#4908,#4909))
REPRESENTATION_CONTEXT('','3D')
);
#4743=(
GEOMETRIC_REPRESENTATION_CONTEXT(3)
GLOBAL_UNCERTAINTY_ASSIGNED_CONTEXT((#4574))
GLOBAL_UNIT_ASSIGNED_CONTEXT((#4906,#4908,#4909))
REPRESENTATION_CONTEXT('','3D')
);
#4744=(
GEOMETRIC_REPRESENTATION_CONTEXT(3)
GLOBAL_UNCERTAINTY_ASSIGNED_CONTEXT((#4575))
GLOBAL_UNIT_ASSIGNED_CONTEXT((#4906,#4908,#4909))
REPRESENTATION_CONTEXT('','3D')
);
#4745=(
GEOMETRIC_REPRESENTATION_CONTEXT(3)
GLOBAL_UNCERTAINTY_ASSIGNED_CONTEXT((#4576))
GLOBAL_UNIT_ASSIGNED_CONTEXT((#4906,#4908,#4909))
REPRESENTATION_CONTEXT('','3D')
);
#4746=(
GEOMETRIC_REPRESENTATION_CONTEXT(3)
GLOBAL_UNCERTAINTY_ASSIGNED_CONTEXT((#4577))
GLOBAL_UNIT_ASSIGNED_CONTEXT((#4906,#4908,#4909))
REPRESENTATION_CONTEXT('','3D')
);
#4747=(
GEOMETRIC_REPRESENTATION_CONTEXT(3)
GLOBAL_UNCERTAINTY_ASSIGNED_CONTEXT((#4578))
GLOBAL_UNIT_ASSIGNED_CONTEXT((#4906,#4908,#4909))
REPRESENTATION_CONTEXT('','3D')
);
#4748=(
GEOMETRIC_REPRESENTATION_CONTEXT(3)
GLOBAL_UNCERTAINTY_ASSIGNED_CONTEXT((#4579))
GLOBAL_UNIT_ASSIGNED_CONTEXT((#4906,#4908,#4909))
REPRESENTATION_CONTEXT('','3D')
);
#4749=(
GEOMETRIC_REPRESENTATION_CONTEXT(3)
GLOBAL_UNCERTAINTY_ASSIGNED_CONTEXT((#4580))
GLOBAL_UNIT_ASSIGNED_CONTEXT((#4906,#4908,#4909))
REPRESENTATION_CONTEXT('','3D')
);
#4750=(
GEOMETRIC_REPRESENTATION_CONTEXT(3)
GLOBAL_UNCERTAINTY_ASSIGNED_CONTEXT((#4581))
GLOBAL_UNIT_ASSIGNED_CONTEXT((#4906,#4908,#4909))
REPRESENTATION_CONTEXT('','3D')
);
#4751=(
GEOMETRIC_REPRESENTATION_CONTEXT(3)
GLOBAL_UNCERTAINTY_ASSIGNED_CONTEXT((#4582))
GLOBAL_UNIT_ASSIGNED_CONTEXT((#4906,#4908,#4909))
REPRESENTATION_CONTEXT('','3D')
);
#4752=(
GEOMETRIC_REPRESENTATION_CONTEXT(3)
GLOBAL_UNCERTAINTY_ASSIGNED_CONTEXT((#4583))
GLOBAL_UNIT_ASSIGNED_CONTEXT((#4906,#4908,#4909))
REPRESENTATION_CONTEXT('','3D')
);
#4753=(
GEOMETRIC_REPRESENTATION_CONTEXT(3)
GLOBAL_UNCERTAINTY_ASSIGNED_CONTEXT((#4584))
GLOBAL_UNIT_ASSIGNED_CONTEXT((#4906,#4908,#4909))
REPRESENTATION_CONTEXT('','3D')
);
#4754=(
GEOMETRIC_REPRESENTATION_CONTEXT(3)
GLOBAL_UNCERTAINTY_ASSIGNED_CONTEXT((#4585))
GLOBAL_UNIT_ASSIGNED_CONTEXT((#4906,#4908,#4909))
REPRESENTATION_CONTEXT('','3D')
);
#4755=(
GEOMETRIC_REPRESENTATION_CONTEXT(3)
GLOBAL_UNCERTAINTY_ASSIGNED_CONTEXT((#4586))
GLOBAL_UNIT_ASSIGNED_CONTEXT((#4906,#4908,#4909))
REPRESENTATION_CONTEXT('','3D')
);
#4756=(
GEOMETRIC_REPRESENTATION_CONTEXT(3)
GLOBAL_UNCERTAINTY_ASSIGNED_CONTEXT((#4587))
GLOBAL_UNIT_ASSIGNED_CONTEXT((#4906,#4908,#4909))
REPRESENTATION_CONTEXT('','3D')
);
#4757=(
GEOMETRIC_REPRESENTATION_CONTEXT(3)
GLOBAL_UNCERTAINTY_ASSIGNED_CONTEXT((#4588))
GLOBAL_UNIT_ASSIGNED_CONTEXT((#4906,#4908,#4909))
REPRESENTATION_CONTEXT('','3D')
);
#4758=(
GEOMETRIC_REPRESENTATION_CONTEXT(3)
GLOBAL_UNCERTAINTY_ASSIGNED_CONTEXT((#4589))
GLOBAL_UNIT_ASSIGNED_CONTEXT((#4906,#4908,#4909))
REPRESENTATION_CONTEXT('','3D')
);
#4759=(
GEOMETRIC_REPRESENTATION_CONTEXT(3)
GLOBAL_UNCERTAINTY_ASSIGNED_CONTEXT((#4590))
GLOBAL_UNIT_ASSIGNED_CONTEXT((#4906,#4908,#4909))
REPRESENTATION_CONTEXT('','3D')
);
#4760=(
GEOMETRIC_REPRESENTATION_CONTEXT(3)
GLOBAL_UNCERTAINTY_ASSIGNED_CONTEXT((#4591))
GLOBAL_UNIT_ASSIGNED_CONTEXT((#4906,#4908,#4909))
REPRESENTATION_CONTEXT('','3D')
);
#4761=(
GEOMETRIC_REPRESENTATION_CONTEXT(3)
GLOBAL_UNCERTAINTY_ASSIGNED_CONTEXT((#4592))
GLOBAL_UNIT_ASSIGNED_CONTEXT((#4906,#4908,#4909))
REPRESENTATION_CONTEXT('','3D')
);
#4762=(
GEOMETRIC_REPRESENTATION_CONTEXT(3)
GLOBAL_UNCERTAINTY_ASSIGNED_CONTEXT((#4593))
GLOBAL_UNIT_ASSIGNED_CONTEXT((#4906,#4908,#4909))
REPRESENTATION_CONTEXT('','3D')
);
#4763=(
GEOMETRIC_REPRESENTATION_CONTEXT(3)
GLOBAL_UNCERTAINTY_ASSIGNED_CONTEXT((#4594))
GLOBAL_UNIT_ASSIGNED_CONTEXT((#4906,#4908,#4909))
REPRESENTATION_CONTEXT('','3D')
);
#4764=(
GEOMETRIC_REPRESENTATION_CONTEXT(3)
GLOBAL_UNCERTAINTY_ASSIGNED_CONTEXT((#4595))
GLOBAL_UNIT_ASSIGNED_CONTEXT((#4906,#4908,#4909))
REPRESENTATION_CONTEXT('','3D')
);
#4765=(
GEOMETRIC_REPRESENTATION_CONTEXT(3)
GLOBAL_UNCERTAINTY_ASSIGNED_CONTEXT((#4596))
GLOBAL_UNIT_ASSIGNED_CONTEXT((#4906,#4908,#4909))
REPRESENTATION_CONTEXT('','3D')
);
#4766=(
GEOMETRIC_REPRESENTATION_CONTEXT(3)
GLOBAL_UNCERTAINTY_ASSIGNED_CONTEXT((#4597))
GLOBAL_UNIT_ASSIGNED_CONTEXT((#4906,#4908,#4909))
REPRESENTATION_CONTEXT('','3D')
);
#4767=(
GEOMETRIC_REPRESENTATION_CONTEXT(3)
GLOBAL_UNCERTAINTY_ASSIGNED_CONTEXT((#4598))
GLOBAL_UNIT_ASSIGNED_CONTEXT((#4906,#4908,#4909))
REPRESENTATION_CONTEXT('','3D')
);
#4768=(
GEOMETRIC_REPRESENTATION_CONTEXT(3)
GLOBAL_UNCERTAINTY_ASSIGNED_CONTEXT((#4599))
GLOBAL_UNIT_ASSIGNED_CONTEXT((#4906,#4908,#4909))
REPRESENTATION_CONTEXT('','3D')
);
#4769=(
GEOMETRIC_REPRESENTATION_CONTEXT(3)
GLOBAL_UNCERTAINTY_ASSIGNED_CONTEXT((#4600))
GLOBAL_UNIT_ASSIGNED_CONTEXT((#4906,#4908,#4909))
REPRESENTATION_CONTEXT('','3D')
);
#4770=(
GEOMETRIC_REPRESENTATION_CONTEXT(3)
GLOBAL_UNCERTAINTY_ASSIGNED_CONTEXT((#4601))
GLOBAL_UNIT_ASSIGNED_CONTEXT((#4906,#4908,#4909))
REPRESENTATION_CONTEXT('','3D')
);
#4771=(
GEOMETRIC_REPRESENTATION_CONTEXT(3)
GLOBAL_UNCERTAINTY_ASSIGNED_CONTEXT((#4602))
GLOBAL_UNIT_ASSIGNED_CONTEXT((#4906,#4908,#4909))
REPRESENTATION_CONTEXT('','3D')
);
#4772=(
GEOMETRIC_REPRESENTATION_CONTEXT(3)
GLOBAL_UNCERTAINTY_ASSIGNED_CONTEXT((#4603))
GLOBAL_UNIT_ASSIGNED_CONTEXT((#4906,#4908,#4909))
REPRESENTATION_CONTEXT('','3D')
);
#4773=(
GEOMETRIC_REPRESENTATION_CONTEXT(3)
GLOBAL_UNCERTAINTY_ASSIGNED_CONTEXT((#4604))
GLOBAL_UNIT_ASSIGNED_CONTEXT((#4906,#4908,#4909))
REPRESENTATION_CONTEXT('','3D')
);
#4774=(
GEOMETRIC_REPRESENTATION_CONTEXT(3)
GLOBAL_UNCERTAINTY_ASSIGNED_CONTEXT((#4605))
GLOBAL_UNIT_ASSIGNED_CONTEXT((#4906,#4908,#4909))
REPRESENTATION_CONTEXT('','3D')
);
#4775=(
GEOMETRIC_REPRESENTATION_CONTEXT(3)
GLOBAL_UNCERTAINTY_ASSIGNED_CONTEXT((#4606))
GLOBAL_UNIT_ASSIGNED_CONTEXT((#4906,#4908,#4909))
REPRESENTATION_CONTEXT('','3D')
);
#4776=(
GEOMETRIC_REPRESENTATION_CONTEXT(3)
GLOBAL_UNCERTAINTY_ASSIGNED_CONTEXT((#4607))
GLOBAL_UNIT_ASSIGNED_CONTEXT((#4906,#4908,#4909))
REPRESENTATION_CONTEXT('','3D')
);
#4777=(
GEOMETRIC_REPRESENTATION_CONTEXT(3)
GLOBAL_UNCERTAINTY_ASSIGNED_CONTEXT((#4608))
GLOBAL_UNIT_ASSIGNED_CONTEXT((#4906,#4908,#4909))
REPRESENTATION_CONTEXT('','3D')
);
#4778=(
GEOMETRIC_REPRESENTATION_CONTEXT(3)
GLOBAL_UNCERTAINTY_ASSIGNED_CONTEXT((#4609))
GLOBAL_UNIT_ASSIGNED_CONTEXT((#4906,#4908,#4909))
REPRESENTATION_CONTEXT('','3D')
);
#4779=(
GEOMETRIC_REPRESENTATION_CONTEXT(3)
GLOBAL_UNCERTAINTY_ASSIGNED_CONTEXT((#4610))
GLOBAL_UNIT_ASSIGNED_CONTEXT((#4906,#4908,#4909))
REPRESENTATION_CONTEXT('','3D')
);
#4780=(
GEOMETRIC_REPRESENTATION_CONTEXT(3)
GLOBAL_UNCERTAINTY_ASSIGNED_CONTEXT((#4611))
GLOBAL_UNIT_ASSIGNED_CONTEXT((#4906,#4908,#4909))
REPRESENTATION_CONTEXT('','3D')
);
#4781=(
GEOMETRIC_REPRESENTATION_CONTEXT(3)
GLOBAL_UNCERTAINTY_ASSIGNED_CONTEXT((#4612))
GLOBAL_UNIT_ASSIGNED_CONTEXT((#4906,#4908,#4909))
REPRESENTATION_CONTEXT('','3D')
);
#4782=(
GEOMETRIC_REPRESENTATION_CONTEXT(3)
GLOBAL_UNCERTAINTY_ASSIGNED_CONTEXT((#4613))
GLOBAL_UNIT_ASSIGNED_CONTEXT((#4906,#4908,#4909))
REPRESENTATION_CONTEXT('','3D')
);
#4783=(
GEOMETRIC_REPRESENTATION_CONTEXT(3)
GLOBAL_UNCERTAINTY_ASSIGNED_CONTEXT((#4614))
GLOBAL_UNIT_ASSIGNED_CONTEXT((#4906,#4908,#4909))
REPRESENTATION_CONTEXT('','3D')
);
#4784=(
GEOMETRIC_REPRESENTATION_CONTEXT(3)
GLOBAL_UNCERTAINTY_ASSIGNED_CONTEXT((#4615))
GLOBAL_UNIT_ASSIGNED_CONTEXT((#4906,#4908,#4909))
REPRESENTATION_CONTEXT('','3D')
);
#4785=(
GEOMETRIC_REPRESENTATION_CONTEXT(3)
GLOBAL_UNCERTAINTY_ASSIGNED_CONTEXT((#4616))
GLOBAL_UNIT_ASSIGNED_CONTEXT((#4906,#4908,#4909))
REPRESENTATION_CONTEXT('','3D')
);
#4786=(
GEOMETRIC_REPRESENTATION_CONTEXT(3)
GLOBAL_UNCERTAINTY_ASSIGNED_CONTEXT((#4617))
GLOBAL_UNIT_ASSIGNED_CONTEXT((#4906,#4908,#4909))
REPRESENTATION_CONTEXT('','3D')
);
#4787=(
GEOMETRIC_REPRESENTATION_CONTEXT(3)
GLOBAL_UNCERTAINTY_ASSIGNED_CONTEXT((#4618))
GLOBAL_UNIT_ASSIGNED_CONTEXT((#4906,#4908,#4909))
REPRESENTATION_CONTEXT('','3D')
);
#4788=(
GEOMETRIC_REPRESENTATION_CONTEXT(3)
GLOBAL_UNCERTAINTY_ASSIGNED_CONTEXT((#4619))
GLOBAL_UNIT_ASSIGNED_CONTEXT((#4906,#4908,#4909))
REPRESENTATION_CONTEXT('','3D')
);
#4789=(
GEOMETRIC_REPRESENTATION_CONTEXT(3)
GLOBAL_UNCERTAINTY_ASSIGNED_CONTEXT((#4620))
GLOBAL_UNIT_ASSIGNED_CONTEXT((#4906,#4908,#4909))
REPRESENTATION_CONTEXT('','3D')
);
#4790=(
GEOMETRIC_REPRESENTATION_CONTEXT(3)
GLOBAL_UNCERTAINTY_ASSIGNED_CONTEXT((#4621))
GLOBAL_UNIT_ASSIGNED_CONTEXT((#4906,#4908,#4909))
REPRESENTATION_CONTEXT('','3D')
);
#4791=(
GEOMETRIC_REPRESENTATION_CONTEXT(3)
GLOBAL_UNCERTAINTY_ASSIGNED_CONTEXT((#4622))
GLOBAL_UNIT_ASSIGNED_CONTEXT((#4906,#4908,#4909))
REPRESENTATION_CONTEXT('','3D')
);
#4792=(
GEOMETRIC_REPRESENTATION_CONTEXT(3)
GLOBAL_UNCERTAINTY_ASSIGNED_CONTEXT((#4623))
GLOBAL_UNIT_ASSIGNED_CONTEXT((#4906,#4908,#4909))
REPRESENTATION_CONTEXT('','3D')
);
#4793=(
GEOMETRIC_REPRESENTATION_CONTEXT(3)
GLOBAL_UNCERTAINTY_ASSIGNED_CONTEXT((#4624))
GLOBAL_UNIT_ASSIGNED_CONTEXT((#4906,#4908,#4909))
REPRESENTATION_CONTEXT('','3D')
);
#4794=(
GEOMETRIC_REPRESENTATION_CONTEXT(3)
GLOBAL_UNCERTAINTY_ASSIGNED_CONTEXT((#4625))
GLOBAL_UNIT_ASSIGNED_CONTEXT((#4906,#4908,#4909))
REPRESENTATION_CONTEXT('','3D')
);
#4795=(
GEOMETRIC_REPRESENTATION_CONTEXT(3)
GLOBAL_UNCERTAINTY_ASSIGNED_CONTEXT((#4626))
GLOBAL_UNIT_ASSIGNED_CONTEXT((#4906,#4908,#4909))
REPRESENTATION_CONTEXT('','3D')
);
#4796=(
GEOMETRIC_REPRESENTATION_CONTEXT(3)
GLOBAL_UNCERTAINTY_ASSIGNED_CONTEXT((#4627))
GLOBAL_UNIT_ASSIGNED_CONTEXT((#4906,#4908,#4909))
REPRESENTATION_CONTEXT('','3D')
);
#4797=(
GEOMETRIC_REPRESENTATION_CONTEXT(3)
GLOBAL_UNCERTAINTY_ASSIGNED_CONTEXT((#4628))
GLOBAL_UNIT_ASSIGNED_CONTEXT((#4906,#4908,#4909))
REPRESENTATION_CONTEXT('','3D')
);
#4798=(
GEOMETRIC_REPRESENTATION_CONTEXT(3)
GLOBAL_UNCERTAINTY_ASSIGNED_CONTEXT((#4629))
GLOBAL_UNIT_ASSIGNED_CONTEXT((#4906,#4908,#4909))
REPRESENTATION_CONTEXT('','3D')
);
#4799=(
GEOMETRIC_REPRESENTATION_CONTEXT(3)
GLOBAL_UNCERTAINTY_ASSIGNED_CONTEXT((#4630))
GLOBAL_UNIT_ASSIGNED_CONTEXT((#4906,#4908,#4909))
REPRESENTATION_CONTEXT('','3D')
);
#4800=(
GEOMETRIC_REPRESENTATION_CONTEXT(3)
GLOBAL_UNCERTAINTY_ASSIGNED_CONTEXT((#4631))
GLOBAL_UNIT_ASSIGNED_CONTEXT((#4906,#4908,#4909))
REPRESENTATION_CONTEXT('','3D')
);
#4801=(
GEOMETRIC_REPRESENTATION_CONTEXT(3)
GLOBAL_UNCERTAINTY_ASSIGNED_CONTEXT((#4632))
GLOBAL_UNIT_ASSIGNED_CONTEXT((#4906,#4908,#4909))
REPRESENTATION_CONTEXT('','3D')
);
#4802=(
GEOMETRIC_REPRESENTATION_CONTEXT(3)
GLOBAL_UNCERTAINTY_ASSIGNED_CONTEXT((#4633))
GLOBAL_UNIT_ASSIGNED_CONTEXT((#4906,#4908,#4909))
REPRESENTATION_CONTEXT('','3D')
);
#4803=(
GEOMETRIC_REPRESENTATION_CONTEXT(3)
GLOBAL_UNCERTAINTY_ASSIGNED_CONTEXT((#4634))
GLOBAL_UNIT_ASSIGNED_CONTEXT((#4906,#4908,#4909))
REPRESENTATION_CONTEXT('','3D')
);
#4804=(
GEOMETRIC_REPRESENTATION_CONTEXT(3)
GLOBAL_UNCERTAINTY_ASSIGNED_CONTEXT((#4635))
GLOBAL_UNIT_ASSIGNED_CONTEXT((#4906,#4908,#4909))
REPRESENTATION_CONTEXT('','3D')
);
#4805=(
GEOMETRIC_REPRESENTATION_CONTEXT(3)
GLOBAL_UNCERTAINTY_ASSIGNED_CONTEXT((#4636))
GLOBAL_UNIT_ASSIGNED_CONTEXT((#4906,#4908,#4909))
REPRESENTATION_CONTEXT('','3D')
);
#4806=(
GEOMETRIC_REPRESENTATION_CONTEXT(3)
GLOBAL_UNCERTAINTY_ASSIGNED_CONTEXT((#4637))
GLOBAL_UNIT_ASSIGNED_CONTEXT((#4906,#4908,#4909))
REPRESENTATION_CONTEXT('','3D')
);
#4807=(
GEOMETRIC_REPRESENTATION_CONTEXT(3)
GLOBAL_UNCERTAINTY_ASSIGNED_CONTEXT((#4638))
GLOBAL_UNIT_ASSIGNED_CONTEXT((#4906,#4908,#4909))
REPRESENTATION_CONTEXT('','3D')
);
#4808=(
GEOMETRIC_REPRESENTATION_CONTEXT(3)
GLOBAL_UNCERTAINTY_ASSIGNED_CONTEXT((#4639))
GLOBAL_UNIT_ASSIGNED_CONTEXT((#4906,#4908,#4909))
REPRESENTATION_CONTEXT('','3D')
);
#4809=(
GEOMETRIC_REPRESENTATION_CONTEXT(3)
GLOBAL_UNCERTAINTY_ASSIGNED_CONTEXT((#4640))
GLOBAL_UNIT_ASSIGNED_CONTEXT((#4906,#4908,#4909))
REPRESENTATION_CONTEXT('','3D')
);
#4810=(
GEOMETRIC_REPRESENTATION_CONTEXT(3)
GLOBAL_UNCERTAINTY_ASSIGNED_CONTEXT((#4641))
GLOBAL_UNIT_ASSIGNED_CONTEXT((#4906,#4908,#4909))
REPRESENTATION_CONTEXT('','3D')
);
#4811=(
GEOMETRIC_REPRESENTATION_CONTEXT(3)
GLOBAL_UNCERTAINTY_ASSIGNED_CONTEXT((#4642))
GLOBAL_UNIT_ASSIGNED_CONTEXT((#4906,#4908,#4909))
REPRESENTATION_CONTEXT('','3D')
);
#4812=(
GEOMETRIC_REPRESENTATION_CONTEXT(3)
GLOBAL_UNCERTAINTY_ASSIGNED_CONTEXT((#4643))
GLOBAL_UNIT_ASSIGNED_CONTEXT((#4906,#4908,#4909))
REPRESENTATION_CONTEXT('','3D')
);
#4813=(
GEOMETRIC_REPRESENTATION_CONTEXT(3)
GLOBAL_UNCERTAINTY_ASSIGNED_CONTEXT((#4644))
GLOBAL_UNIT_ASSIGNED_CONTEXT((#4906,#4908,#4909))
REPRESENTATION_CONTEXT('','3D')
);
#4814=(
GEOMETRIC_REPRESENTATION_CONTEXT(3)
GLOBAL_UNCERTAINTY_ASSIGNED_CONTEXT((#4645))
GLOBAL_UNIT_ASSIGNED_CONTEXT((#4906,#4908,#4909))
REPRESENTATION_CONTEXT('','3D')
);
#4815=(
GEOMETRIC_REPRESENTATION_CONTEXT(3)
GLOBAL_UNCERTAINTY_ASSIGNED_CONTEXT((#4646))
GLOBAL_UNIT_ASSIGNED_CONTEXT((#4906,#4908,#4909))
REPRESENTATION_CONTEXT('','3D')
);
#4816=(
GEOMETRIC_REPRESENTATION_CONTEXT(3)
GLOBAL_UNCERTAINTY_ASSIGNED_CONTEXT((#4647))
GLOBAL_UNIT_ASSIGNED_CONTEXT((#4906,#4908,#4909))
REPRESENTATION_CONTEXT('','3D')
);
#4817=(
GEOMETRIC_REPRESENTATION_CONTEXT(3)
GLOBAL_UNCERTAINTY_ASSIGNED_CONTEXT((#4648))
GLOBAL_UNIT_ASSIGNED_CONTEXT((#4906,#4908,#4909))
REPRESENTATION_CONTEXT('','3D')
);
#4818=(
GEOMETRIC_REPRESENTATION_CONTEXT(3)
GLOBAL_UNCERTAINTY_ASSIGNED_CONTEXT((#4649))
GLOBAL_UNIT_ASSIGNED_CONTEXT((#4906,#4908,#4909))
REPRESENTATION_CONTEXT('','3D')
);
#4819=(
GEOMETRIC_REPRESENTATION_CONTEXT(3)
GLOBAL_UNCERTAINTY_ASSIGNED_CONTEXT((#4650))
GLOBAL_UNIT_ASSIGNED_CONTEXT((#4906,#4908,#4909))
REPRESENTATION_CONTEXT('','3D')
);
#4820=(
GEOMETRIC_REPRESENTATION_CONTEXT(3)
GLOBAL_UNCERTAINTY_ASSIGNED_CONTEXT((#4651))
GLOBAL_UNIT_ASSIGNED_CONTEXT((#4906,#4908,#4909))
REPRESENTATION_CONTEXT('','3D')
);
#4821=(
GEOMETRIC_REPRESENTATION_CONTEXT(3)
GLOBAL_UNCERTAINTY_ASSIGNED_CONTEXT((#4652))
GLOBAL_UNIT_ASSIGNED_CONTEXT((#4906,#4908,#4909))
REPRESENTATION_CONTEXT('','3D')
);
#4822=(
GEOMETRIC_REPRESENTATION_CONTEXT(3)
GLOBAL_UNCERTAINTY_ASSIGNED_CONTEXT((#4653))
GLOBAL_UNIT_ASSIGNED_CONTEXT((#4906,#4908,#4909))
REPRESENTATION_CONTEXT('','3D')
);
#4823=(
GEOMETRIC_REPRESENTATION_CONTEXT(3)
GLOBAL_UNCERTAINTY_ASSIGNED_CONTEXT((#4654))
GLOBAL_UNIT_ASSIGNED_CONTEXT((#4906,#4908,#4909))
REPRESENTATION_CONTEXT('','3D')
);
#4824=(
GEOMETRIC_REPRESENTATION_CONTEXT(3)
GLOBAL_UNCERTAINTY_ASSIGNED_CONTEXT((#4655))
GLOBAL_UNIT_ASSIGNED_CONTEXT((#4906,#4908,#4909))
REPRESENTATION_CONTEXT('','3D')
);
#4825=(
GEOMETRIC_REPRESENTATION_CONTEXT(3)
GLOBAL_UNCERTAINTY_ASSIGNED_CONTEXT((#4656))
GLOBAL_UNIT_ASSIGNED_CONTEXT((#4906,#4908,#4909))
REPRESENTATION_CONTEXT('','3D')
);
#4826=(
GEOMETRIC_REPRESENTATION_CONTEXT(3)
GLOBAL_UNCERTAINTY_ASSIGNED_CONTEXT((#4657))
GLOBAL_UNIT_ASSIGNED_CONTEXT((#4906,#4908,#4909))
REPRESENTATION_CONTEXT('','3D')
);
#4827=(
GEOMETRIC_REPRESENTATION_CONTEXT(3)
GLOBAL_UNCERTAINTY_ASSIGNED_CONTEXT((#4658))
GLOBAL_UNIT_ASSIGNED_CONTEXT((#4906,#4908,#4909))
REPRESENTATION_CONTEXT('','3D')
);
#4828=(
GEOMETRIC_REPRESENTATION_CONTEXT(3)
GLOBAL_UNCERTAINTY_ASSIGNED_CONTEXT((#4659))
GLOBAL_UNIT_ASSIGNED_CONTEXT((#4906,#4908,#4909))
REPRESENTATION_CONTEXT('','3D')
);
#4829=(
GEOMETRIC_REPRESENTATION_CONTEXT(3)
GLOBAL_UNCERTAINTY_ASSIGNED_CONTEXT((#4660))
GLOBAL_UNIT_ASSIGNED_CONTEXT((#4906,#4908,#4909))
REPRESENTATION_CONTEXT('','3D')
);
#4830=(
GEOMETRIC_REPRESENTATION_CONTEXT(3)
GLOBAL_UNCERTAINTY_ASSIGNED_CONTEXT((#4661))
GLOBAL_UNIT_ASSIGNED_CONTEXT((#4906,#4908,#4909))
REPRESENTATION_CONTEXT('','3D')
);
#4831=(
GEOMETRIC_REPRESENTATION_CONTEXT(3)
GLOBAL_UNCERTAINTY_ASSIGNED_CONTEXT((#4662))
GLOBAL_UNIT_ASSIGNED_CONTEXT((#4906,#4908,#4909))
REPRESENTATION_CONTEXT('','3D')
);
#4832=(
GEOMETRIC_REPRESENTATION_CONTEXT(3)
GLOBAL_UNCERTAINTY_ASSIGNED_CONTEXT((#4663))
GLOBAL_UNIT_ASSIGNED_CONTEXT((#4906,#4908,#4909))
REPRESENTATION_CONTEXT('','3D')
);
#4833=(
GEOMETRIC_REPRESENTATION_CONTEXT(3)
GLOBAL_UNCERTAINTY_ASSIGNED_CONTEXT((#4664))
GLOBAL_UNIT_ASSIGNED_CONTEXT((#4906,#4908,#4909))
REPRESENTATION_CONTEXT('','3D')
);
#4834=(
GEOMETRIC_REPRESENTATION_CONTEXT(3)
GLOBAL_UNCERTAINTY_ASSIGNED_CONTEXT((#4665))
GLOBAL_UNIT_ASSIGNED_CONTEXT((#4906,#4908,#4909))
REPRESENTATION_CONTEXT('','3D')
);
#4835=(
GEOMETRIC_REPRESENTATION_CONTEXT(3)
GLOBAL_UNCERTAINTY_ASSIGNED_CONTEXT((#4666))
GLOBAL_UNIT_ASSIGNED_CONTEXT((#4906,#4908,#4909))
REPRESENTATION_CONTEXT('','3D')
);
#4836=(
GEOMETRIC_REPRESENTATION_CONTEXT(3)
GLOBAL_UNCERTAINTY_ASSIGNED_CONTEXT((#4667))
GLOBAL_UNIT_ASSIGNED_CONTEXT((#4906,#4908,#4909))
REPRESENTATION_CONTEXT('','3D')
);
#4837=(
GEOMETRIC_REPRESENTATION_CONTEXT(3)
GLOBAL_UNCERTAINTY_ASSIGNED_CONTEXT((#4668))
GLOBAL_UNIT_ASSIGNED_CONTEXT((#4906,#4908,#4909))
REPRESENTATION_CONTEXT('','3D')
);
#4838=(
GEOMETRIC_REPRESENTATION_CONTEXT(3)
GLOBAL_UNCERTAINTY_ASSIGNED_CONTEXT((#4669))
GLOBAL_UNIT_ASSIGNED_CONTEXT((#4906,#4908,#4909))
REPRESENTATION_CONTEXT('','3D')
);
#4839=(
GEOMETRIC_REPRESENTATION_CONTEXT(3)
GLOBAL_UNCERTAINTY_ASSIGNED_CONTEXT((#4670))
GLOBAL_UNIT_ASSIGNED_CONTEXT((#4906,#4908,#4909))
REPRESENTATION_CONTEXT('','3D')
);
#4840=(
GEOMETRIC_REPRESENTATION_CONTEXT(3)
GLOBAL_UNCERTAINTY_ASSIGNED_CONTEXT((#4671))
GLOBAL_UNIT_ASSIGNED_CONTEXT((#4906,#4908,#4909))
REPRESENTATION_CONTEXT('','3D')
);
#4841=(
GEOMETRIC_REPRESENTATION_CONTEXT(3)
GLOBAL_UNCERTAINTY_ASSIGNED_CONTEXT((#4672))
GLOBAL_UNIT_ASSIGNED_CONTEXT((#4906,#4908,#4909))
REPRESENTATION_CONTEXT('','3D')
);
#4842=(
GEOMETRIC_REPRESENTATION_CONTEXT(3)
GLOBAL_UNCERTAINTY_ASSIGNED_CONTEXT((#4673))
GLOBAL_UNIT_ASSIGNED_CONTEXT((#4906,#4908,#4909))
REPRESENTATION_CONTEXT('','3D')
);
#4843=(
GEOMETRIC_REPRESENTATION_CONTEXT(3)
GLOBAL_UNCERTAINTY_ASSIGNED_CONTEXT((#4674))
GLOBAL_UNIT_ASSIGNED_CONTEXT((#4906,#4908,#4909))
REPRESENTATION_CONTEXT('','3D')
);
#4844=(
GEOMETRIC_REPRESENTATION_CONTEXT(3)
GLOBAL_UNCERTAINTY_ASSIGNED_CONTEXT((#4675))
GLOBAL_UNIT_ASSIGNED_CONTEXT((#4906,#4908,#4909))
REPRESENTATION_CONTEXT('','3D')
);
#4845=(
GEOMETRIC_REPRESENTATION_CONTEXT(3)
GLOBAL_UNCERTAINTY_ASSIGNED_CONTEXT((#4676))
GLOBAL_UNIT_ASSIGNED_CONTEXT((#4906,#4908,#4909))
REPRESENTATION_CONTEXT('','3D')
);
#4846=(
GEOMETRIC_REPRESENTATION_CONTEXT(3)
GLOBAL_UNCERTAINTY_ASSIGNED_CONTEXT((#4677))
GLOBAL_UNIT_ASSIGNED_CONTEXT((#4906,#4908,#4909))
REPRESENTATION_CONTEXT('','3D')
);
#4847=(
GEOMETRIC_REPRESENTATION_CONTEXT(3)
GLOBAL_UNCERTAINTY_ASSIGNED_CONTEXT((#4678))
GLOBAL_UNIT_ASSIGNED_CONTEXT((#4906,#4908,#4909))
REPRESENTATION_CONTEXT('','3D')
);
#4848=(
GEOMETRIC_REPRESENTATION_CONTEXT(3)
GLOBAL_UNCERTAINTY_ASSIGNED_CONTEXT((#4679))
GLOBAL_UNIT_ASSIGNED_CONTEXT((#4906,#4908,#4909))
REPRESENTATION_CONTEXT('','3D')
);
#4849=(
GEOMETRIC_REPRESENTATION_CONTEXT(3)
GLOBAL_UNCERTAINTY_ASSIGNED_CONTEXT((#4680))
GLOBAL_UNIT_ASSIGNED_CONTEXT((#4906,#4908,#4909))
REPRESENTATION_CONTEXT('','3D')
);
#4850=(
GEOMETRIC_REPRESENTATION_CONTEXT(3)
GLOBAL_UNCERTAINTY_ASSIGNED_CONTEXT((#4681))
GLOBAL_UNIT_ASSIGNED_CONTEXT((#4906,#4908,#4909))
REPRESENTATION_CONTEXT('','3D')
);
#4851=(
GEOMETRIC_REPRESENTATION_CONTEXT(3)
GLOBAL_UNCERTAINTY_ASSIGNED_CONTEXT((#4682))
GLOBAL_UNIT_ASSIGNED_CONTEXT((#4906,#4908,#4909))
REPRESENTATION_CONTEXT('','3D')
);
#4852=(
GEOMETRIC_REPRESENTATION_CONTEXT(3)
GLOBAL_UNCERTAINTY_ASSIGNED_CONTEXT((#4683))
GLOBAL_UNIT_ASSIGNED_CONTEXT((#4906,#4908,#4909))
REPRESENTATION_CONTEXT('','3D')
);
#4853=(
GEOMETRIC_REPRESENTATION_CONTEXT(3)
GLOBAL_UNCERTAINTY_ASSIGNED_CONTEXT((#4684))
GLOBAL_UNIT_ASSIGNED_CONTEXT((#4906,#4908,#4909))
REPRESENTATION_CONTEXT('','3D')
);
#4854=(
GEOMETRIC_REPRESENTATION_CONTEXT(3)
GLOBAL_UNCERTAINTY_ASSIGNED_CONTEXT((#4685))
GLOBAL_UNIT_ASSIGNED_CONTEXT((#4906,#4908,#4909))
REPRESENTATION_CONTEXT('','3D')
);
#4855=(
GEOMETRIC_REPRESENTATION_CONTEXT(3)
GLOBAL_UNCERTAINTY_ASSIGNED_CONTEXT((#4686))
GLOBAL_UNIT_ASSIGNED_CONTEXT((#4906,#4908,#4909))
REPRESENTATION_CONTEXT('','3D')
);
#4856=(
GEOMETRIC_REPRESENTATION_CONTEXT(3)
GLOBAL_UNCERTAINTY_ASSIGNED_CONTEXT((#4687))
GLOBAL_UNIT_ASSIGNED_CONTEXT((#4906,#4908,#4909))
REPRESENTATION_CONTEXT('','3D')
);
#4857=(
GEOMETRIC_REPRESENTATION_CONTEXT(3)
GLOBAL_UNCERTAINTY_ASSIGNED_CONTEXT((#4688))
GLOBAL_UNIT_ASSIGNED_CONTEXT((#4906,#4908,#4909))
REPRESENTATION_CONTEXT('','3D')
);
#4858=(
GEOMETRIC_REPRESENTATION_CONTEXT(3)
GLOBAL_UNCERTAINTY_ASSIGNED_CONTEXT((#4689))
GLOBAL_UNIT_ASSIGNED_CONTEXT((#4906,#4908,#4909))
REPRESENTATION_CONTEXT('','3D')
);
#4859=(
GEOMETRIC_REPRESENTATION_CONTEXT(3)
GLOBAL_UNCERTAINTY_ASSIGNED_CONTEXT((#4690))
GLOBAL_UNIT_ASSIGNED_CONTEXT((#4906,#4908,#4909))
REPRESENTATION_CONTEXT('','3D')
);
#4860=(
GEOMETRIC_REPRESENTATION_CONTEXT(3)
GLOBAL_UNCERTAINTY_ASSIGNED_CONTEXT((#4691))
GLOBAL_UNIT_ASSIGNED_CONTEXT((#4906,#4908,#4909))
REPRESENTATION_CONTEXT('','3D')
);
#4861=(
GEOMETRIC_REPRESENTATION_CONTEXT(3)
GLOBAL_UNCERTAINTY_ASSIGNED_CONTEXT((#4692))
GLOBAL_UNIT_ASSIGNED_CONTEXT((#4906,#4908,#4909))
REPRESENTATION_CONTEXT('','3D')
);
#4862=(
GEOMETRIC_REPRESENTATION_CONTEXT(3)
GLOBAL_UNCERTAINTY_ASSIGNED_CONTEXT((#4693))
GLOBAL_UNIT_ASSIGNED_CONTEXT((#4906,#4908,#4909))
REPRESENTATION_CONTEXT('','3D')
);
#4863=(
GEOMETRIC_REPRESENTATION_CONTEXT(3)
GLOBAL_UNCERTAINTY_ASSIGNED_CONTEXT((#4694))
GLOBAL_UNIT_ASSIGNED_CONTEXT((#4906,#4908,#4909))
REPRESENTATION_CONTEXT('','3D')
);
#4864=(
GEOMETRIC_REPRESENTATION_CONTEXT(3)
GLOBAL_UNCERTAINTY_ASSIGNED_CONTEXT((#4695))
GLOBAL_UNIT_ASSIGNED_CONTEXT((#4906,#4908,#4909))
REPRESENTATION_CONTEXT('','3D')
);
#4865=(
GEOMETRIC_REPRESENTATION_CONTEXT(3)
GLOBAL_UNCERTAINTY_ASSIGNED_CONTEXT((#4696))
GLOBAL_UNIT_ASSIGNED_CONTEXT((#4906,#4908,#4909))
REPRESENTATION_CONTEXT('','3D')
);
#4866=(
GEOMETRIC_REPRESENTATION_CONTEXT(3)
GLOBAL_UNCERTAINTY_ASSIGNED_CONTEXT((#4697))
GLOBAL_UNIT_ASSIGNED_CONTEXT((#4906,#4908,#4909))
REPRESENTATION_CONTEXT('','3D')
);
#4867=(
GEOMETRIC_REPRESENTATION_CONTEXT(3)
GLOBAL_UNCERTAINTY_ASSIGNED_CONTEXT((#4698))
GLOBAL_UNIT_ASSIGNED_CONTEXT((#4906,#4908,#4909))
REPRESENTATION_CONTEXT('','3D')
);
#4868=(
GEOMETRIC_REPRESENTATION_CONTEXT(3)
GLOBAL_UNCERTAINTY_ASSIGNED_CONTEXT((#4699))
GLOBAL_UNIT_ASSIGNED_CONTEXT((#4906,#4908,#4909))
REPRESENTATION_CONTEXT('','3D')
);
#4869=(
GEOMETRIC_REPRESENTATION_CONTEXT(3)
GLOBAL_UNCERTAINTY_ASSIGNED_CONTEXT((#4700))
GLOBAL_UNIT_ASSIGNED_CONTEXT((#4906,#4908,#4909))
REPRESENTATION_CONTEXT('','3D')
);
#4870=(
GEOMETRIC_REPRESENTATION_CONTEXT(3)
GLOBAL_UNCERTAINTY_ASSIGNED_CONTEXT((#4701))
GLOBAL_UNIT_ASSIGNED_CONTEXT((#4906,#4908,#4909))
REPRESENTATION_CONTEXT('','3D')
);
#4871=(
GEOMETRIC_REPRESENTATION_CONTEXT(3)
GLOBAL_UNCERTAINTY_ASSIGNED_CONTEXT((#4702))
GLOBAL_UNIT_ASSIGNED_CONTEXT((#4906,#4908,#4909))
REPRESENTATION_CONTEXT('','3D')
);
#4872=(
GEOMETRIC_REPRESENTATION_CONTEXT(3)
GLOBAL_UNCERTAINTY_ASSIGNED_CONTEXT((#4703))
GLOBAL_UNIT_ASSIGNED_CONTEXT((#4906,#4908,#4909))
REPRESENTATION_CONTEXT('','3D')
);
#4873=(
GEOMETRIC_REPRESENTATION_CONTEXT(3)
GLOBAL_UNCERTAINTY_ASSIGNED_CONTEXT((#4704))
GLOBAL_UNIT_ASSIGNED_CONTEXT((#4906,#4908,#4909))
REPRESENTATION_CONTEXT('','3D')
);
#4874=(
GEOMETRIC_REPRESENTATION_CONTEXT(3)
GLOBAL_UNCERTAINTY_ASSIGNED_CONTEXT((#4705))
GLOBAL_UNIT_ASSIGNED_CONTEXT((#4906,#4908,#4909))
REPRESENTATION_CONTEXT('','3D')
);
#4875=(
GEOMETRIC_REPRESENTATION_CONTEXT(3)
GLOBAL_UNCERTAINTY_ASSIGNED_CONTEXT((#4706))
GLOBAL_UNIT_ASSIGNED_CONTEXT((#4906,#4908,#4909))
REPRESENTATION_CONTEXT('','3D')
);
#4876=(
GEOMETRIC_REPRESENTATION_CONTEXT(3)
GLOBAL_UNCERTAINTY_ASSIGNED_CONTEXT((#4707))
GLOBAL_UNIT_ASSIGNED_CONTEXT((#4906,#4908,#4909))
REPRESENTATION_CONTEXT('','3D')
);
#4877=(
GEOMETRIC_REPRESENTATION_CONTEXT(3)
GLOBAL_UNCERTAINTY_ASSIGNED_CONTEXT((#4708))
GLOBAL_UNIT_ASSIGNED_CONTEXT((#4906,#4908,#4909))
REPRESENTATION_CONTEXT('','3D')
);
#4878=(
GEOMETRIC_REPRESENTATION_CONTEXT(3)
GLOBAL_UNCERTAINTY_ASSIGNED_CONTEXT((#4709))
GLOBAL_UNIT_ASSIGNED_CONTEXT((#4906,#4908,#4909))
REPRESENTATION_CONTEXT('','3D')
);
#4879=(
GEOMETRIC_REPRESENTATION_CONTEXT(3)
GLOBAL_UNCERTAINTY_ASSIGNED_CONTEXT((#4710))
GLOBAL_UNIT_ASSIGNED_CONTEXT((#4906,#4908,#4909))
REPRESENTATION_CONTEXT('','3D')
);
#4880=(
GEOMETRIC_REPRESENTATION_CONTEXT(3)
GLOBAL_UNCERTAINTY_ASSIGNED_CONTEXT((#4711))
GLOBAL_UNIT_ASSIGNED_CONTEXT((#4906,#4908,#4909))
REPRESENTATION_CONTEXT('','3D')
);
#4881=(
GEOMETRIC_REPRESENTATION_CONTEXT(3)
GLOBAL_UNCERTAINTY_ASSIGNED_CONTEXT((#4712))
GLOBAL_UNIT_ASSIGNED_CONTEXT((#4906,#4908,#4909))
REPRESENTATION_CONTEXT('','3D')
);
#4882=(
GEOMETRIC_REPRESENTATION_CONTEXT(3)
GLOBAL_UNCERTAINTY_ASSIGNED_CONTEXT((#4713))
GLOBAL_UNIT_ASSIGNED_CONTEXT((#4906,#4908,#4909))
REPRESENTATION_CONTEXT('','3D')
);
#4883=(
GEOMETRIC_REPRESENTATION_CONTEXT(3)
GLOBAL_UNCERTAINTY_ASSIGNED_CONTEXT((#4714))
GLOBAL_UNIT_ASSIGNED_CONTEXT((#4906,#4908,#4909))
REPRESENTATION_CONTEXT('','3D')
);
#4884=(
GEOMETRIC_REPRESENTATION_CONTEXT(3)
GLOBAL_UNCERTAINTY_ASSIGNED_CONTEXT((#4715))
GLOBAL_UNIT_ASSIGNED_CONTEXT((#4906,#4908,#4909))
REPRESENTATION_CONTEXT('','3D')
);
#4885=(
GEOMETRIC_REPRESENTATION_CONTEXT(3)
GLOBAL_UNCERTAINTY_ASSIGNED_CONTEXT((#4716))
GLOBAL_UNIT_ASSIGNED_CONTEXT((#4906,#4908,#4909))
REPRESENTATION_CONTEXT('','3D')
);
#4886=(
GEOMETRIC_REPRESENTATION_CONTEXT(3)
GLOBAL_UNCERTAINTY_ASSIGNED_CONTEXT((#4717))
GLOBAL_UNIT_ASSIGNED_CONTEXT((#4906,#4908,#4909))
REPRESENTATION_CONTEXT('','3D')
);
#4887=(
GEOMETRIC_REPRESENTATION_CONTEXT(3)
GLOBAL_UNCERTAINTY_ASSIGNED_CONTEXT((#4718))
GLOBAL_UNIT_ASSIGNED_CONTEXT((#4906,#4908,#4909))
REPRESENTATION_CONTEXT('','3D')
);
#4888=(
GEOMETRIC_REPRESENTATION_CONTEXT(3)
GLOBAL_UNCERTAINTY_ASSIGNED_CONTEXT((#4719))
GLOBAL_UNIT_ASSIGNED_CONTEXT((#4906,#4908,#4909))
REPRESENTATION_CONTEXT('','3D')
);
#4889=(
GEOMETRIC_REPRESENTATION_CONTEXT(3)
GLOBAL_UNCERTAINTY_ASSIGNED_CONTEXT((#4720))
GLOBAL_UNIT_ASSIGNED_CONTEXT((#4906,#4908,#4909))
REPRESENTATION_CONTEXT('','3D')
);
#4890=(
GEOMETRIC_REPRESENTATION_CONTEXT(3)
GLOBAL_UNCERTAINTY_ASSIGNED_CONTEXT((#4721))
GLOBAL_UNIT_ASSIGNED_CONTEXT((#4906,#4908,#4909))
REPRESENTATION_CONTEXT('','3D')
);
#4891=(
GEOMETRIC_REPRESENTATION_CONTEXT(3)
GLOBAL_UNCERTAINTY_ASSIGNED_CONTEXT((#4722))
GLOBAL_UNIT_ASSIGNED_CONTEXT((#4906,#4908,#4909))
REPRESENTATION_CONTEXT('','3D')
);
#4892=(
GEOMETRIC_REPRESENTATION_CONTEXT(3)
GLOBAL_UNCERTAINTY_ASSIGNED_CONTEXT((#4723))
GLOBAL_UNIT_ASSIGNED_CONTEXT((#4906,#4908,#4909))
REPRESENTATION_CONTEXT('','3D')
);
#4893=(
GEOMETRIC_REPRESENTATION_CONTEXT(3)
GLOBAL_UNCERTAINTY_ASSIGNED_CONTEXT((#4724))
GLOBAL_UNIT_ASSIGNED_CONTEXT((#4906,#4908,#4909))
REPRESENTATION_CONTEXT('','3D')
);
#4894=(
GEOMETRIC_REPRESENTATION_CONTEXT(3)
GLOBAL_UNCERTAINTY_ASSIGNED_CONTEXT((#4725))
GLOBAL_UNIT_ASSIGNED_CONTEXT((#4906,#4908,#4909))
REPRESENTATION_CONTEXT('','3D')
);
#4895=(
GEOMETRIC_REPRESENTATION_CONTEXT(3)
GLOBAL_UNCERTAINTY_ASSIGNED_CONTEXT((#4726))
GLOBAL_UNIT_ASSIGNED_CONTEXT((#4906,#4908,#4909))
REPRESENTATION_CONTEXT('','3D')
);
#4896=(
GEOMETRIC_REPRESENTATION_CONTEXT(3)
GLOBAL_UNCERTAINTY_ASSIGNED_CONTEXT((#4727))
GLOBAL_UNIT_ASSIGNED_CONTEXT((#4906,#4908,#4909))
REPRESENTATION_CONTEXT('','3D')
);
#4897=(
GEOMETRIC_REPRESENTATION_CONTEXT(3)
GLOBAL_UNCERTAINTY_ASSIGNED_CONTEXT((#4728))
GLOBAL_UNIT_ASSIGNED_CONTEXT((#4906,#4908,#4909))
REPRESENTATION_CONTEXT('','3D')
);
#4898=(
GEOMETRIC_REPRESENTATION_CONTEXT(3)
GLOBAL_UNCERTAINTY_ASSIGNED_CONTEXT((#4729))
GLOBAL_UNIT_ASSIGNED_CONTEXT((#4906,#4908,#4909))
REPRESENTATION_CONTEXT('','3D')
);
#4899=(
GEOMETRIC_REPRESENTATION_CONTEXT(3)
GLOBAL_UNCERTAINTY_ASSIGNED_CONTEXT((#4730))
GLOBAL_UNIT_ASSIGNED_CONTEXT((#4906,#4908,#4909))
REPRESENTATION_CONTEXT('','3D')
);
#4900=(
GEOMETRIC_REPRESENTATION_CONTEXT(3)
GLOBAL_UNCERTAINTY_ASSIGNED_CONTEXT((#4731))
GLOBAL_UNIT_ASSIGNED_CONTEXT((#4906,#4908,#4909))
REPRESENTATION_CONTEXT('','3D')
);
#4901=(
GEOMETRIC_REPRESENTATION_CONTEXT(3)
GLOBAL_UNCERTAINTY_ASSIGNED_CONTEXT((#4732))
GLOBAL_UNIT_ASSIGNED_CONTEXT((#4906,#4908,#4909))
REPRESENTATION_CONTEXT('','3D')
);
#4902=(
GEOMETRIC_REPRESENTATION_CONTEXT(3)
GLOBAL_UNCERTAINTY_ASSIGNED_CONTEXT((#4733))
GLOBAL_UNIT_ASSIGNED_CONTEXT((#4906,#4908,#4909))
REPRESENTATION_CONTEXT('','3D')
);
#4903=(
GEOMETRIC_REPRESENTATION_CONTEXT(3)
GLOBAL_UNCERTAINTY_ASSIGNED_CONTEXT((#4734))
GLOBAL_UNIT_ASSIGNED_CONTEXT((#4906,#4908,#4909))
REPRESENTATION_CONTEXT('','3D')
);
#4904=(
GEOMETRIC_REPRESENTATION_CONTEXT(3)
GLOBAL_UNCERTAINTY_ASSIGNED_CONTEXT((#4735))
GLOBAL_UNIT_ASSIGNED_CONTEXT((#4906,#4908,#4909))
REPRESENTATION_CONTEXT('','3D')
);
#4905=(
GEOMETRIC_REPRESENTATION_CONTEXT(3)
GLOBAL_UNCERTAINTY_ASSIGNED_CONTEXT((#4736))
GLOBAL_UNIT_ASSIGNED_CONTEXT((#4906,#4908,#4909))
REPRESENTATION_CONTEXT('','3D')
);
#4906=(
LENGTH_UNIT()
NAMED_UNIT(*)
SI_UNIT(.MILLI.,.METRE.)
);
#4907=(
LENGTH_UNIT()
NAMED_UNIT(*)
SI_UNIT($,.METRE.)
);
#4908=(
NAMED_UNIT(*)
PLANE_ANGLE_UNIT()
SI_UNIT($,.RADIAN.)
);
#4909=(
NAMED_UNIT(*)
SI_UNIT($,.STERADIAN.)
SOLID_ANGLE_UNIT()
);
#4910=SHAPE_DEFINITION_REPRESENTATION(#5078,#5540);
#4911=SHAPE_DEFINITION_REPRESENTATION(#5079,#5541);
#4912=SHAPE_DEFINITION_REPRESENTATION(#5080,#5542);
#4913=SHAPE_DEFINITION_REPRESENTATION(#5082,#5543);
#4914=SHAPE_DEFINITION_REPRESENTATION(#5083,#5544);
#4915=SHAPE_DEFINITION_REPRESENTATION(#5084,#5545);
#4916=SHAPE_DEFINITION_REPRESENTATION(#5085,#5546);
#4917=SHAPE_DEFINITION_REPRESENTATION(#5086,#5547);
#4918=SHAPE_DEFINITION_REPRESENTATION(#5087,#5548);
#4919=SHAPE_DEFINITION_REPRESENTATION(#5088,#5549);
#4920=SHAPE_DEFINITION_REPRESENTATION(#5091,#5550);
#4921=SHAPE_DEFINITION_REPRESENTATION(#5092,#5551);
#4922=SHAPE_DEFINITION_REPRESENTATION(#5093,#5552);
#4923=SHAPE_DEFINITION_REPRESENTATION(#5094,#5553);
#4924=SHAPE_DEFINITION_REPRESENTATION(#5095,#5554);
#4925=SHAPE_DEFINITION_REPRESENTATION(#5097,#5555);
#4926=SHAPE_DEFINITION_REPRESENTATION(#5098,#5556);
#4927=SHAPE_DEFINITION_REPRESENTATION(#5099,#5557);
#4928=SHAPE_DEFINITION_REPRESENTATION(#5100,#5558);
#4929=SHAPE_DEFINITION_REPRESENTATION(#5101,#5559);
#4930=SHAPE_DEFINITION_REPRESENTATION(#5103,#5560);
#4931=SHAPE_DEFINITION_REPRESENTATION(#5104,#5561);
#4932=SHAPE_DEFINITION_REPRESENTATION(#5109,#5562);
#4933=SHAPE_DEFINITION_REPRESENTATION(#5110,#5563);
#4934=SHAPE_DEFINITION_REPRESENTATION(#5111,#5564);
#4935=SHAPE_DEFINITION_REPRESENTATION(#5112,#5565);
#4936=SHAPE_DEFINITION_REPRESENTATION(#5113,#5566);
#4937=SHAPE_DEFINITION_REPRESENTATION(#5118,#5567);
#4938=SHAPE_DEFINITION_REPRESENTATION(#5119,#5568);
#4939=SHAPE_DEFINITION_REPRESENTATION(#5120,#5569);
#4940=SHAPE_DEFINITION_REPRESENTATION(#5121,#5570);
#4941=SHAPE_DEFINITION_REPRESENTATION(#5123,#5571);
#4942=SHAPE_DEFINITION_REPRESENTATION(#5124,#5572);
#4943=SHAPE_DEFINITION_REPRESENTATION(#5125,#5573);
#4944=SHAPE_DEFINITION_REPRESENTATION(#5130,#5574);
#4945=SHAPE_DEFINITION_REPRESENTATION(#5131,#5575);
#4946=SHAPE_DEFINITION_REPRESENTATION(#5139,#5576);
#4947=SHAPE_DEFINITION_REPRESENTATION(#5140,#5577);
#4948=SHAPE_DEFINITION_REPRESENTATION(#5141,#5578);
#4949=SHAPE_DEFINITION_REPRESENTATION(#5142,#5579);
#4950=SHAPE_DEFINITION_REPRESENTATION(#5143,#5580);
#4951=SHAPE_DEFINITION_REPRESENTATION(#5144,#5581);
#4952=SHAPE_DEFINITION_REPRESENTATION(#5145,#5582);
#4953=SHAPE_DEFINITION_REPRESENTATION(#5146,#5583);
#4954=SHAPE_DEFINITION_REPRESENTATION(#5147,#5584);
#4955=SHAPE_DEFINITION_REPRESENTATION(#5148,#5585);
#4956=SHAPE_DEFINITION_REPRESENTATION(#5149,#5586);
#4957=SHAPE_DEFINITION_REPRESENTATION(#5151,#5587);
#4958=SHAPE_DEFINITION_REPRESENTATION(#5152,#5588);
#4959=SHAPE_DEFINITION_REPRESENTATION(#5153,#5589);
#4960=SHAPE_DEFINITION_REPRESENTATION(#5154,#5590);
#4961=SHAPE_DEFINITION_REPRESENTATION(#5155,#5591);
#4962=SHAPE_DEFINITION_REPRESENTATION(#5156,#5592);
#4963=SHAPE_DEFINITION_REPRESENTATION(#5157,#5593);
#4964=SHAPE_DEFINITION_REPRESENTATION(#5158,#5594);
#4965=SHAPE_DEFINITION_REPRESENTATION(#5159,#5595);
#4966=SHAPE_DEFINITION_REPRESENTATION(#5160,#5596);
#4967=SHAPE_DEFINITION_REPRESENTATION(#5168,#5597);
#4968=SHAPE_DEFINITION_REPRESENTATION(#5171,#5598);
#4969=SHAPE_DEFINITION_REPRESENTATION(#5172,#5599);
#4970=SHAPE_DEFINITION_REPRESENTATION(#5173,#5600);
#4971=SHAPE_DEFINITION_REPRESENTATION(#5176,#5601);
#4972=SHAPE_DEFINITION_REPRESENTATION(#5177,#5602);
#4973=SHAPE_DEFINITION_REPRESENTATION(#5178,#5603);
#4974=SHAPE_DEFINITION_REPRESENTATION(#5179,#5604);
#4975=SHAPE_DEFINITION_REPRESENTATION(#5181,#5605);
#4976=SHAPE_DEFINITION_REPRESENTATION(#5182,#5606);
#4977=SHAPE_DEFINITION_REPRESENTATION(#5183,#5607);
#4978=SHAPE_DEFINITION_REPRESENTATION(#5184,#5608);
#4979=SHAPE_DEFINITION_REPRESENTATION(#5185,#5609);
#4980=SHAPE_DEFINITION_REPRESENTATION(#5186,#5610);
#4981=SHAPE_DEFINITION_REPRESENTATION(#5187,#5611);
#4982=SHAPE_DEFINITION_REPRESENTATION(#5188,#5612);
#4983=SHAPE_DEFINITION_REPRESENTATION(#5189,#5613);
#4984=SHAPE_DEFINITION_REPRESENTATION(#5190,#5614);
#4985=SHAPE_DEFINITION_REPRESENTATION(#5191,#5615);
#4986=SHAPE_DEFINITION_REPRESENTATION(#5193,#5616);
#4987=SHAPE_DEFINITION_REPRESENTATION(#5194,#5617);
#4988=SHAPE_DEFINITION_REPRESENTATION(#5202,#5618);
#4989=SHAPE_DEFINITION_REPRESENTATION(#5203,#5619);
#4990=SHAPE_DEFINITION_REPRESENTATION(#5204,#5620);
#4991=SHAPE_DEFINITION_REPRESENTATION(#5209,#5621);
#4992=SHAPE_DEFINITION_REPRESENTATION(#5210,#5622);
#4993=SHAPE_DEFINITION_REPRESENTATION(#5211,#5623);
#4994=SHAPE_DEFINITION_REPRESENTATION(#5225,#5624);
#4995=SHAPE_DEFINITION_REPRESENTATION(#5226,#5625);
#4996=SHAPE_DEFINITION_REPRESENTATION(#5316,#5626);
#4997=SHAPE_DEFINITION_REPRESENTATION(#5317,#5627);
#4998=SHAPE_DEFINITION_REPRESENTATION(#5318,#5628);
#4999=SHAPE_DEFINITION_REPRESENTATION(#5321,#5629);
#5000=SHAPE_DEFINITION_REPRESENTATION(#5322,#5630);
#5001=SHAPE_DEFINITION_REPRESENTATION(#5323,#5631);
#5002=SHAPE_DEFINITION_REPRESENTATION(#5324,#5632);
#5003=SHAPE_DEFINITION_REPRESENTATION(#5325,#5633);
#5004=SHAPE_DEFINITION_REPRESENTATION(#5327,#5634);
#5005=SHAPE_DEFINITION_REPRESENTATION(#5328,#5635);
#5006=SHAPE_DEFINITION_REPRESENTATION(#5329,#5636);
#5007=SHAPE_DEFINITION_REPRESENTATION(#5330,#5637);
#5008=SHAPE_DEFINITION_REPRESENTATION(#5345,#5638);
#5009=SHAPE_DEFINITION_REPRESENTATION(#5346,#5639);
#5010=SHAPE_DEFINITION_REPRESENTATION(#5347,#5640);
#5011=SHAPE_DEFINITION_REPRESENTATION(#5348,#5641);
#5012=SHAPE_DEFINITION_REPRESENTATION(#5349,#5642);
#5013=SHAPE_DEFINITION_REPRESENTATION(#5350,#5643);
#5014=SHAPE_DEFINITION_REPRESENTATION(#5351,#5644);
#5015=SHAPE_DEFINITION_REPRESENTATION(#5352,#5645);
#5016=SHAPE_DEFINITION_REPRESENTATION(#5353,#5646);
#5017=SHAPE_DEFINITION_REPRESENTATION(#5354,#5647);
#5018=SHAPE_DEFINITION_REPRESENTATION(#5355,#5648);
#5019=SHAPE_DEFINITION_REPRESENTATION(#5356,#5649);
#5020=SHAPE_DEFINITION_REPRESENTATION(#5357,#5650);
#5021=SHAPE_DEFINITION_REPRESENTATION(#5358,#5651);
#5022=SHAPE_DEFINITION_REPRESENTATION(#5359,#5652);
#5023=SHAPE_DEFINITION_REPRESENTATION(#5360,#5653);
#5024=SHAPE_DEFINITION_REPRESENTATION(#5362,#5654);
#5025=SHAPE_DEFINITION_REPRESENTATION(#5363,#5655);
#5026=SHAPE_DEFINITION_REPRESENTATION(#5364,#5656);
#5027=SHAPE_DEFINITION_REPRESENTATION(#5365,#5657);
#5028=SHAPE_DEFINITION_REPRESENTATION(#5366,#5658);
#5029=SHAPE_DEFINITION_REPRESENTATION(#5367,#5659);
#5030=SHAPE_DEFINITION_REPRESENTATION(#5368,#5660);
#5031=SHAPE_DEFINITION_REPRESENTATION(#5369,#5661);
#5032=SHAPE_DEFINITION_REPRESENTATION(#5370,#5662);
#5033=SHAPE_DEFINITION_REPRESENTATION(#5371,#5663);
#5034=SHAPE_DEFINITION_REPRESENTATION(#5372,#5664);
#5035=SHAPE_DEFINITION_REPRESENTATION(#5373,#5665);
#5036=SHAPE_DEFINITION_REPRESENTATION(#5374,#5666);
#5037=SHAPE_DEFINITION_REPRESENTATION(#5376,#5667);
#5038=SHAPE_DEFINITION_REPRESENTATION(#5377,#5668);
#5039=SHAPE_DEFINITION_REPRESENTATION(#5390,#5669);
#5040=SHAPE_DEFINITION_REPRESENTATION(#5391,#5670);
#5041=SHAPE_DEFINITION_REPRESENTATION(#5392,#5671);
#5042=SHAPE_DEFINITION_REPRESENTATION(#5395,#5672);
#5043=SHAPE_DEFINITION_REPRESENTATION(#5396,#5673);
#5044=SHAPE_DEFINITION_REPRESENTATION(#5401,#5674);
#5045=SHAPE_DEFINITION_REPRESENTATION(#5402,#5675);
#5046=SHAPE_DEFINITION_REPRESENTATION(#5403,#5676);
#5047=SHAPE_DEFINITION_REPRESENTATION(#5410,#5677);
#5048=SHAPE_DEFINITION_REPRESENTATION(#5411,#5678);
#5049=SHAPE_DEFINITION_REPRESENTATION(#5412,#5679);
#5050=SHAPE_DEFINITION_REPRESENTATION(#5413,#5680);
#5051=SHAPE_DEFINITION_REPRESENTATION(#5419,#5681);
#5052=SHAPE_DEFINITION_REPRESENTATION(#5420,#5682);
#5053=SHAPE_DEFINITION_REPRESENTATION(#5421,#5683);
#5054=SHAPE_DEFINITION_REPRESENTATION(#5422,#5684);
#5055=SHAPE_DEFINITION_REPRESENTATION(#5423,#5685);
#5056=SHAPE_DEFINITION_REPRESENTATION(#5424,#5686);
#5057=SHAPE_DEFINITION_REPRESENTATION(#5425,#5687);
#5058=SHAPE_DEFINITION_REPRESENTATION(#5427,#5688);
#5059=SHAPE_DEFINITION_REPRESENTATION(#5433,#5689);
#5060=SHAPE_DEFINITION_REPRESENTATION(#5434,#5690);
#5061=SHAPE_DEFINITION_REPRESENTATION(#5435,#5691);
#5062=SHAPE_DEFINITION_REPRESENTATION(#5457,#5692);
#5063=SHAPE_DEFINITION_REPRESENTATION(#5458,#5693);
#5064=SHAPE_DEFINITION_REPRESENTATION(#5460,#5694);
#5065=SHAPE_DEFINITION_REPRESENTATION(#5461,#5695);
#5066=SHAPE_DEFINITION_REPRESENTATION(#5464,#5696);
#5067=SHAPE_DEFINITION_REPRESENTATION(#5465,#5697);
#5068=SHAPE_DEFINITION_REPRESENTATION(#5466,#5698);
#5069=SHAPE_DEFINITION_REPRESENTATION(#5471,#5699);
#5070=SHAPE_DEFINITION_REPRESENTATION(#5472,#5700);
#5071=SHAPE_DEFINITION_REPRESENTATION(#5474,#5701);
#5072=SHAPE_DEFINITION_REPRESENTATION(#5475,#5702);
#5073=SHAPE_DEFINITION_REPRESENTATION(#5476,#5703);
#5074=SHAPE_DEFINITION_REPRESENTATION(#5479,#5704);
#5075=SHAPE_DEFINITION_REPRESENTATION(#5480,#5705);
#5076=SHAPE_DEFINITION_REPRESENTATION(#5482,#5706);
#5077=SHAPE_DEFINITION_REPRESENTATION(#5483,#5707);
#5078=PRODUCT_DEFINITION_SHAPE('',$,#5709);
#5079=PRODUCT_DEFINITION_SHAPE('',$,#5710);
#5080=PRODUCT_DEFINITION_SHAPE('',$,#5711);
#5081=PRODUCT_DEFINITION_SHAPE($,$,#1179);
#5082=PRODUCT_DEFINITION_SHAPE('',$,#5712);
#5083=PRODUCT_DEFINITION_SHAPE('',$,#5713);
#5084=PRODUCT_DEFINITION_SHAPE('',$,#5714);
#5085=PRODUCT_DEFINITION_SHAPE('',$,#5715);
#5086=PRODUCT_DEFINITION_SHAPE('',$,#5716);
#5087=PRODUCT_DEFINITION_SHAPE('',$,#5717);
#5088=PRODUCT_DEFINITION_SHAPE('',$,#5718);
#5089=PRODUCT_DEFINITION_SHAPE($,$,#1180);
#5090=PRODUCT_DEFINITION_SHAPE($,$,#1181);
#5091=PRODUCT_DEFINITION_SHAPE('',$,#5719);
#5092=PRODUCT_DEFINITION_SHAPE('',$,#5720);
#5093=PRODUCT_DEFINITION_SHAPE('',$,#5721);
#5094=PRODUCT_DEFINITION_SHAPE('',$,#5722);
#5095=PRODUCT_DEFINITION_SHAPE('',$,#5723);
#5096=PRODUCT_DEFINITION_SHAPE($,$,#1182);
#5097=PRODUCT_DEFINITION_SHAPE('',$,#5724);
#5098=PRODUCT_DEFINITION_SHAPE('',$,#5725);
#5099=PRODUCT_DEFINITION_SHAPE('',$,#5726);
#5100=PRODUCT_DEFINITION_SHAPE('',$,#5727);
#5101=PRODUCT_DEFINITION_SHAPE('',$,#5728);
#5102=PRODUCT_DEFINITION_SHAPE($,$,#1183);
#5103=PRODUCT_DEFINITION_SHAPE('',$,#5729);
#5104=PRODUCT_DEFINITION_SHAPE('',$,#5730);
#5105=PRODUCT_DEFINITION_SHAPE($,$,#1184);
#5106=PRODUCT_DEFINITION_SHAPE($,$,#1185);
#5107=PRODUCT_DEFINITION_SHAPE($,$,#1186);
#5108=PRODUCT_DEFINITION_SHAPE($,$,#1187);
#5109=PRODUCT_DEFINITION_SHAPE('',$,#5731);
#5110=PRODUCT_DEFINITION_SHAPE('',$,#5732);
#5111=PRODUCT_DEFINITION_SHAPE('',$,#5733);
#5112=PRODUCT_DEFINITION_SHAPE('',$,#5734);
#5113=PRODUCT_DEFINITION_SHAPE('',$,#5735);
#5114=PRODUCT_DEFINITION_SHAPE($,$,#1188);
#5115=PRODUCT_DEFINITION_SHAPE($,$,#1189);
#5116=PRODUCT_DEFINITION_SHAPE($,$,#1190);
#5117=PRODUCT_DEFINITION_SHAPE($,$,#1191);
#5118=PRODUCT_DEFINITION_SHAPE('',$,#5736);
#5119=PRODUCT_DEFINITION_SHAPE('',$,#5737);
#5120=PRODUCT_DEFINITION_SHAPE('',$,#5738);
#5121=PRODUCT_DEFINITION_SHAPE('',$,#5739);
#5122=PRODUCT_DEFINITION_SHAPE($,$,#1192);
#5123=PRODUCT_DEFINITION_SHAPE('',$,#5740);
#5124=PRODUCT_DEFINITION_SHAPE('',$,#5741);
#5125=PRODUCT_DEFINITION_SHAPE('',$,#5742);
#5126=PRODUCT_DEFINITION_SHAPE($,$,#1193);
#5127=PRODUCT_DEFINITION_SHAPE($,$,#1194);
#5128=PRODUCT_DEFINITION_SHAPE($,$,#1195);
#5129=PRODUCT_DEFINITION_SHAPE($,$,#1196);
#5130=PRODUCT_DEFINITION_SHAPE('',$,#5743);
#5131=PRODUCT_DEFINITION_SHAPE('',$,#5744);
#5132=PRODUCT_DEFINITION_SHAPE($,$,#1197);
#5133=PRODUCT_DEFINITION_SHAPE($,$,#1198);
#5134=PRODUCT_DEFINITION_SHAPE($,$,#1199);
#5135=PRODUCT_DEFINITION_SHAPE($,$,#1200);
#5136=PRODUCT_DEFINITION_SHAPE($,$,#1201);
#5137=PRODUCT_DEFINITION_SHAPE($,$,#1202);
#5138=PRODUCT_DEFINITION_SHAPE($,$,#1203);
#5139=PRODUCT_DEFINITION_SHAPE('',$,#5745);
#5140=PRODUCT_DEFINITION_SHAPE('',$,#5746);
#5141=PRODUCT_DEFINITION_SHAPE('',$,#5747);
#5142=PRODUCT_DEFINITION_SHAPE('',$,#5748);
#5143=PRODUCT_DEFINITION_SHAPE('',$,#5749);
#5144=PRODUCT_DEFINITION_SHAPE('',$,#5750);
#5145=PRODUCT_DEFINITION_SHAPE('',$,#5751);
#5146=PRODUCT_DEFINITION_SHAPE('',$,#5752);
#5147=PRODUCT_DEFINITION_SHAPE('',$,#5753);
#5148=PRODUCT_DEFINITION_SHAPE('',$,#5754);
#5149=PRODUCT_DEFINITION_SHAPE('',$,#5755);
#5150=PRODUCT_DEFINITION_SHAPE($,$,#1204);
#5151=PRODUCT_DEFINITION_SHAPE('',$,#5756);
#5152=PRODUCT_DEFINITION_SHAPE('',$,#5757);
#5153=PRODUCT_DEFINITION_SHAPE('',$,#5758);
#5154=PRODUCT_DEFINITION_SHAPE('',$,#5759);
#5155=PRODUCT_DEFINITION_SHAPE('',$,#5760);
#5156=PRODUCT_DEFINITION_SHAPE('',$,#5761);
#5157=PRODUCT_DEFINITION_SHAPE('',$,#5762);
#5158=PRODUCT_DEFINITION_SHAPE('',$,#5763);
#5159=PRODUCT_DEFINITION_SHAPE('',$,#5764);
#5160=PRODUCT_DEFINITION_SHAPE('',$,#5765);
#5161=PRODUCT_DEFINITION_SHAPE($,$,#1205);
#5162=PRODUCT_DEFINITION_SHAPE($,$,#1206);
#5163=PRODUCT_DEFINITION_SHAPE($,$,#1207);
#5164=PRODUCT_DEFINITION_SHAPE($,$,#1208);
#5165=PRODUCT_DEFINITION_SHAPE($,$,#1209);
#5166=PRODUCT_DEFINITION_SHAPE($,$,#1210);
#5167=PRODUCT_DEFINITION_SHAPE($,$,#1211);
#5168=PRODUCT_DEFINITION_SHAPE('',$,#5766);
#5169=PRODUCT_DEFINITION_SHAPE($,$,#1212);
#5170=PRODUCT_DEFINITION_SHAPE($,$,#1213);
#5171=PRODUCT_DEFINITION_SHAPE('',$,#5767);
#5172=PRODUCT_DEFINITION_SHAPE('',$,#5768);
#5173=PRODUCT_DEFINITION_SHAPE('',$,#5769);
#5174=PRODUCT_DEFINITION_SHAPE($,$,#1214);
#5175=PRODUCT_DEFINITION_SHAPE($,$,#1215);
#5176=PRODUCT_DEFINITION_SHAPE('',$,#5770);
#5177=PRODUCT_DEFINITION_SHAPE('',$,#5771);
#5178=PRODUCT_DEFINITION_SHAPE('',$,#5772);
#5179=PRODUCT_DEFINITION_SHAPE('',$,#5773);
#5180=PRODUCT_DEFINITION_SHAPE($,$,#1216);
#5181=PRODUCT_DEFINITION_SHAPE('',$,#5774);
#5182=PRODUCT_DEFINITION_SHAPE('',$,#5775);
#5183=PRODUCT_DEFINITION_SHAPE('',$,#5776);
#5184=PRODUCT_DEFINITION_SHAPE('',$,#5777);
#5185=PRODUCT_DEFINITION_SHAPE('',$,#5778);
#5186=PRODUCT_DEFINITION_SHAPE('',$,#5779);
#5187=PRODUCT_DEFINITION_SHAPE('',$,#5780);
#5188=PRODUCT_DEFINITION_SHAPE('',$,#5781);
#5189=PRODUCT_DEFINITION_SHAPE('',$,#5782);
#5190=PRODUCT_DEFINITION_SHAPE('',$,#5783);
#5191=PRODUCT_DEFINITION_SHAPE('',$,#5784);
#5192=PRODUCT_DEFINITION_SHAPE($,$,#1217);
#5193=PRODUCT_DEFINITION_SHAPE('',$,#5785);
#5194=PRODUCT_DEFINITION_SHAPE('',$,#5786);
#5195=PRODUCT_DEFINITION_SHAPE($,$,#1218);
#5196=PRODUCT_DEFINITION_SHAPE($,$,#1219);
#5197=PRODUCT_DEFINITION_SHAPE($,$,#1220);
#5198=PRODUCT_DEFINITION_SHAPE($,$,#1221);
#5199=PRODUCT_DEFINITION_SHAPE($,$,#1222);
#5200=PRODUCT_DEFINITION_SHAPE($,$,#1223);
#5201=PRODUCT_DEFINITION_SHAPE($,$,#1224);
#5202=PRODUCT_DEFINITION_SHAPE('',$,#5787);
#5203=PRODUCT_DEFINITION_SHAPE('',$,#5788);
#5204=PRODUCT_DEFINITION_SHAPE('',$,#5789);
#5205=PRODUCT_DEFINITION_SHAPE($,$,#1225);
#5206=PRODUCT_DEFINITION_SHAPE($,$,#1226);
#5207=PRODUCT_DEFINITION_SHAPE($,$,#1227);
#5208=PRODUCT_DEFINITION_SHAPE($,$,#1228);
#5209=PRODUCT_DEFINITION_SHAPE('',$,#5790);
#5210=PRODUCT_DEFINITION_SHAPE('',$,#5791);
#5211=PRODUCT_DEFINITION_SHAPE('',$,#5792);
#5212=PRODUCT_DEFINITION_SHAPE($,$,#1229);
#5213=PRODUCT_DEFINITION_SHAPE($,$,#1230);
#5214=PRODUCT_DEFINITION_SHAPE($,$,#1231);
#5215=PRODUCT_DEFINITION_SHAPE($,$,#1232);
#5216=PRODUCT_DEFINITION_SHAPE($,$,#1233);
#5217=PRODUCT_DEFINITION_SHAPE($,$,#1234);
#5218=PRODUCT_DEFINITION_SHAPE($,$,#1235);
#5219=PRODUCT_DEFINITION_SHAPE($,$,#1236);
#5220=PRODUCT_DEFINITION_SHAPE($,$,#1237);
#5221=PRODUCT_DEFINITION_SHAPE($,$,#1238);
#5222=PRODUCT_DEFINITION_SHAPE($,$,#1239);
#5223=PRODUCT_DEFINITION_SHAPE($,$,#1240);
#5224=PRODUCT_DEFINITION_SHAPE($,$,#1241);
#5225=PRODUCT_DEFINITION_SHAPE('',$,#5793);
#5226=PRODUCT_DEFINITION_SHAPE('',$,#5794);
#5227=PRODUCT_DEFINITION_SHAPE($,$,#1242);
#5228=PRODUCT_DEFINITION_SHAPE($,$,#1243);
#5229=PRODUCT_DEFINITION_SHAPE($,$,#1244);
#5230=PRODUCT_DEFINITION_SHAPE($,$,#1245);
#5231=PRODUCT_DEFINITION_SHAPE($,$,#1246);
#5232=PRODUCT_DEFINITION_SHAPE($,$,#1247);
#5233=PRODUCT_DEFINITION_SHAPE($,$,#1248);
#5234=PRODUCT_DEFINITION_SHAPE($,$,#1249);
#5235=PRODUCT_DEFINITION_SHAPE($,$,#1250);
#5236=PRODUCT_DEFINITION_SHAPE($,$,#1251);
#5237=PRODUCT_DEFINITION_SHAPE($,$,#1252);
#5238=PRODUCT_DEFINITION_SHAPE($,$,#1253);
#5239=PRODUCT_DEFINITION_SHAPE($,$,#1254);
#5240=PRODUCT_DEFINITION_SHAPE($,$,#1255);
#5241=PRODUCT_DEFINITION_SHAPE($,$,#1256);
#5242=PRODUCT_DEFINITION_SHAPE($,$,#1257);
#5243=PRODUCT_DEFINITION_SHAPE($,$,#1258);
#5244=PRODUCT_DEFINITION_SHAPE($,$,#1259);
#5245=PRODUCT_DEFINITION_SHAPE($,$,#1260);
#5246=PRODUCT_DEFINITION_SHAPE($,$,#1261);
#5247=PRODUCT_DEFINITION_SHAPE($,$,#1262);
#5248=PRODUCT_DEFINITION_SHAPE($,$,#1263);
#5249=PRODUCT_DEFINITION_SHAPE($,$,#1264);
#5250=PRODUCT_DEFINITION_SHAPE($,$,#1265);
#5251=PRODUCT_DEFINITION_SHAPE($,$,#1266);
#5252=PRODUCT_DEFINITION_SHAPE($,$,#1267);
#5253=PRODUCT_DEFINITION_SHAPE($,$,#1268);
#5254=PRODUCT_DEFINITION_SHAPE($,$,#1269);
#5255=PRODUCT_DEFINITION_SHAPE($,$,#1270);
#5256=PRODUCT_DEFINITION_SHAPE($,$,#1271);
#5257=PRODUCT_DEFINITION_SHAPE($,$,#1272);
#5258=PRODUCT_DEFINITION_SHAPE($,$,#1273);
#5259=PRODUCT_DEFINITION_SHAPE($,$,#1274);
#5260=PRODUCT_DEFINITION_SHAPE($,$,#1275);
#5261=PRODUCT_DEFINITION_SHAPE($,$,#1276);
#5262=PRODUCT_DEFINITION_SHAPE($,$,#1277);
#5263=PRODUCT_DEFINITION_SHAPE($,$,#1278);
#5264=PRODUCT_DEFINITION_SHAPE($,$,#1279);
#5265=PRODUCT_DEFINITION_SHAPE($,$,#1280);
#5266=PRODUCT_DEFINITION_SHAPE($,$,#1281);
#5267=PRODUCT_DEFINITION_SHAPE($,$,#1282);
#5268=PRODUCT_DEFINITION_SHAPE($,$,#1283);
#5269=PRODUCT_DEFINITION_SHAPE($,$,#1284);
#5270=PRODUCT_DEFINITION_SHAPE($,$,#1285);
#5271=PRODUCT_DEFINITION_SHAPE($,$,#1286);
#5272=PRODUCT_DEFINITION_SHAPE($,$,#1287);
#5273=PRODUCT_DEFINITION_SHAPE($,$,#1288);
#5274=PRODUCT_DEFINITION_SHAPE($,$,#1289);
#5275=PRODUCT_DEFINITION_SHAPE($,$,#1290);
#5276=PRODUCT_DEFINITION_SHAPE($,$,#1291);
#5277=PRODUCT_DEFINITION_SHAPE($,$,#1292);
#5278=PRODUCT_DEFINITION_SHAPE($,$,#1293);
#5279=PRODUCT_DEFINITION_SHAPE($,$,#1294);
#5280=PRODUCT_DEFINITION_SHAPE($,$,#1295);
#5281=PRODUCT_DEFINITION_SHAPE($,$,#1296);
#5282=PRODUCT_DEFINITION_SHAPE($,$,#1297);
#5283=PRODUCT_DEFINITION_SHAPE($,$,#1298);
#5284=PRODUCT_DEFINITION_SHAPE($,$,#1299);
#5285=PRODUCT_DEFINITION_SHAPE($,$,#1300);
#5286=PRODUCT_DEFINITION_SHAPE($,$,#1301);
#5287=PRODUCT_DEFINITION_SHAPE($,$,#1302);
#5288=PRODUCT_DEFINITION_SHAPE($,$,#1303);
#5289=PRODUCT_DEFINITION_SHAPE($,$,#1304);
#5290=PRODUCT_DEFINITION_SHAPE($,$,#1305);
#5291=PRODUCT_DEFINITION_SHAPE($,$,#1306);
#5292=PRODUCT_DEFINITION_SHAPE($,$,#1307);
#5293=PRODUCT_DEFINITION_SHAPE($,$,#1308);
#5294=PRODUCT_DEFINITION_SHAPE($,$,#1309);
#5295=PRODUCT_DEFINITION_SHAPE($,$,#1310);
#5296=PRODUCT_DEFINITION_SHAPE($,$,#1311);
#5297=PRODUCT_DEFINITION_SHAPE($,$,#1312);
#5298=PRODUCT_DEFINITION_SHAPE($,$,#1313);
#5299=PRODUCT_DEFINITION_SHAPE($,$,#1314);
#5300=PRODUCT_DEFINITION_SHAPE($,$,#1315);
#5301=PRODUCT_DEFINITION_SHAPE($,$,#1316);
#5302=PRODUCT_DEFINITION_SHAPE($,$,#1317);
#5303=PRODUCT_DEFINITION_SHAPE($,$,#1318);
#5304=PRODUCT_DEFINITION_SHAPE($,$,#1319);
#5305=PRODUCT_DEFINITION_SHAPE($,$,#1320);
#5306=PRODUCT_DEFINITION_SHAPE($,$,#1321);
#5307=PRODUCT_DEFINITION_SHAPE($,$,#1322);
#5308=PRODUCT_DEFINITION_SHAPE($,$,#1323);
#5309=PRODUCT_DEFINITION_SHAPE($,$,#1324);
#5310=PRODUCT_DEFINITION_SHAPE($,$,#1325);
#5311=PRODUCT_DEFINITION_SHAPE($,$,#1326);
#5312=PRODUCT_DEFINITION_SHAPE($,$,#1327);
#5313=PRODUCT_DEFINITION_SHAPE($,$,#1328);
#5314=PRODUCT_DEFINITION_SHAPE($,$,#1329);
#5315=PRODUCT_DEFINITION_SHAPE($,$,#1330);
#5316=PRODUCT_DEFINITION_SHAPE('',$,#5795);
#5317=PRODUCT_DEFINITION_SHAPE('',$,#5796);
#5318=PRODUCT_DEFINITION_SHAPE('',$,#5797);
#5319=PRODUCT_DEFINITION_SHAPE($,$,#1331);
#5320=PRODUCT_DEFINITION_SHAPE($,$,#1332);
#5321=PRODUCT_DEFINITION_SHAPE('',$,#5798);
#5322=PRODUCT_DEFINITION_SHAPE('',$,#5799);
#5323=PRODUCT_DEFINITION_SHAPE('',$,#5800);
#5324=PRODUCT_DEFINITION_SHAPE('',$,#5801);
#5325=PRODUCT_DEFINITION_SHAPE('',$,#5802);
#5326=PRODUCT_DEFINITION_SHAPE($,$,#1333);
#5327=PRODUCT_DEFINITION_SHAPE('',$,#5803);
#5328=PRODUCT_DEFINITION_SHAPE('',$,#5804);
#5329=PRODUCT_DEFINITION_SHAPE('',$,#5805);
#5330=PRODUCT_DEFINITION_SHAPE('',$,#5806);
#5331=PRODUCT_DEFINITION_SHAPE($,$,#1334);
#5332=PRODUCT_DEFINITION_SHAPE($,$,#1335);
#5333=PRODUCT_DEFINITION_SHAPE($,$,#1336);
#5334=PRODUCT_DEFINITION_SHAPE($,$,#1337);
#5335=PRODUCT_DEFINITION_SHAPE($,$,#1338);
#5336=PRODUCT_DEFINITION_SHAPE($,$,#1339);
#5337=PRODUCT_DEFINITION_SHAPE($,$,#1340);
#5338=PRODUCT_DEFINITION_SHAPE($,$,#1341);
#5339=PRODUCT_DEFINITION_SHAPE($,$,#1342);
#5340=PRODUCT_DEFINITION_SHAPE($,$,#1343);
#5341=PRODUCT_DEFINITION_SHAPE($,$,#1344);
#5342=PRODUCT_DEFINITION_SHAPE($,$,#1345);
#5343=PRODUCT_DEFINITION_SHAPE($,$,#1346);
#5344=PRODUCT_DEFINITION_SHAPE($,$,#1347);
#5345=PRODUCT_DEFINITION_SHAPE('',$,#5807);
#5346=PRODUCT_DEFINITION_SHAPE('',$,#5808);
#5347=PRODUCT_DEFINITION_SHAPE('',$,#5809);
#5348=PRODUCT_DEFINITION_SHAPE('',$,#5810);
#5349=PRODUCT_DEFINITION_SHAPE('',$,#5811);
#5350=PRODUCT_DEFINITION_SHAPE('',$,#5812);
#5351=PRODUCT_DEFINITION_SHAPE('',$,#5813);
#5352=PRODUCT_DEFINITION_SHAPE('',$,#5814);
#5353=PRODUCT_DEFINITION_SHAPE('',$,#5815);
#5354=PRODUCT_DEFINITION_SHAPE('',$,#5816);
#5355=PRODUCT_DEFINITION_SHAPE('',$,#5817);
#5356=PRODUCT_DEFINITION_SHAPE('',$,#5818);
#5357=PRODUCT_DEFINITION_SHAPE('',$,#5819);
#5358=PRODUCT_DEFINITION_SHAPE('',$,#5820);
#5359=PRODUCT_DEFINITION_SHAPE('',$,#5821);
#5360=PRODUCT_DEFINITION_SHAPE('',$,#5822);
#5361=PRODUCT_DEFINITION_SHAPE($,$,#1348);
#5362=PRODUCT_DEFINITION_SHAPE('',$,#5823);
#5363=PRODUCT_DEFINITION_SHAPE('',$,#5824);
#5364=PRODUCT_DEFINITION_SHAPE('',$,#5825);
#5365=PRODUCT_DEFINITION_SHAPE('',$,#5826);
#5366=PRODUCT_DEFINITION_SHAPE('',$,#5827);
#5367=PRODUCT_DEFINITION_SHAPE('',$,#5828);
#5368=PRODUCT_DEFINITION_SHAPE('',$,#5829);
#5369=PRODUCT_DEFINITION_SHAPE('',$,#5830);
#5370=PRODUCT_DEFINITION_SHAPE('',$,#5831);
#5371=PRODUCT_DEFINITION_SHAPE('',$,#5832);
#5372=PRODUCT_DEFINITION_SHAPE('',$,#5833);
#5373=PRODUCT_DEFINITION_SHAPE('',$,#5834);
#5374=PRODUCT_DEFINITION_SHAPE('',$,#5835);
#5375=PRODUCT_DEFINITION_SHAPE($,$,#1349);
#5376=PRODUCT_DEFINITION_SHAPE('',$,#5836);
#5377=PRODUCT_DEFINITION_SHAPE('',$,#5837);
#5378=PRODUCT_DEFINITION_SHAPE($,$,#1350);
#5379=PRODUCT_DEFINITION_SHAPE($,$,#1351);
#5380=PRODUCT_DEFINITION_SHAPE($,$,#1352);
#5381=PRODUCT_DEFINITION_SHAPE($,$,#1353);
#5382=PRODUCT_DEFINITION_SHAPE($,$,#1354);
#5383=PRODUCT_DEFINITION_SHAPE($,$,#1355);
#5384=PRODUCT_DEFINITION_SHAPE($,$,#1356);
#5385=PRODUCT_DEFINITION_SHAPE($,$,#1357);
#5386=PRODUCT_DEFINITION_SHAPE($,$,#1358);
#5387=PRODUCT_DEFINITION_SHAPE($,$,#1359);
#5388=PRODUCT_DEFINITION_SHAPE($,$,#1360);
#5389=PRODUCT_DEFINITION_SHAPE($,$,#1361);
#5390=PRODUCT_DEFINITION_SHAPE('',$,#5838);
#5391=PRODUCT_DEFINITION_SHAPE('',$,#5839);
#5392=PRODUCT_DEFINITION_SHAPE('',$,#5840);
#5393=PRODUCT_DEFINITION_SHAPE($,$,#1362);
#5394=PRODUCT_DEFINITION_SHAPE($,$,#1363);
#5395=PRODUCT_DEFINITION_SHAPE('',$,#5841);
#5396=PRODUCT_DEFINITION_SHAPE('',$,#5842);
#5397=PRODUCT_DEFINITION_SHAPE($,$,#1364);
#5398=PRODUCT_DEFINITION_SHAPE($,$,#1365);
#5399=PRODUCT_DEFINITION_SHAPE($,$,#1366);
#5400=PRODUCT_DEFINITION_SHAPE($,$,#1367);
#5401=PRODUCT_DEFINITION_SHAPE('',$,#5843);
#5402=PRODUCT_DEFINITION_SHAPE('',$,#5844);
#5403=PRODUCT_DEFINITION_SHAPE('',$,#5845);
#5404=PRODUCT_DEFINITION_SHAPE($,$,#1368);
#5405=PRODUCT_DEFINITION_SHAPE($,$,#1369);
#5406=PRODUCT_DEFINITION_SHAPE($,$,#1370);
#5407=PRODUCT_DEFINITION_SHAPE($,$,#1371);
#5408=PRODUCT_DEFINITION_SHAPE($,$,#1372);
#5409=PRODUCT_DEFINITION_SHAPE($,$,#1373);
#5410=PRODUCT_DEFINITION_SHAPE('',$,#5846);
#5411=PRODUCT_DEFINITION_SHAPE('',$,#5847);
#5412=PRODUCT_DEFINITION_SHAPE('',$,#5848);
#5413=PRODUCT_DEFINITION_SHAPE('',$,#5849);
#5414=PRODUCT_DEFINITION_SHAPE($,$,#1374);
#5415=PRODUCT_DEFINITION_SHAPE($,$,#1375);
#5416=PRODUCT_DEFINITION_SHAPE($,$,#1376);
#5417=PRODUCT_DEFINITION_SHAPE($,$,#1377);
#5418=PRODUCT_DEFINITION_SHAPE($,$,#1378);
#5419=PRODUCT_DEFINITION_SHAPE('',$,#5850);
#5420=PRODUCT_DEFINITION_SHAPE('',$,#5851);
#5421=PRODUCT_DEFINITION_SHAPE('',$,#5852);
#5422=PRODUCT_DEFINITION_SHAPE('',$,#5853);
#5423=PRODUCT_DEFINITION_SHAPE('',$,#5854);
#5424=PRODUCT_DEFINITION_SHAPE('',$,#5855);
#5425=PRODUCT_DEFINITION_SHAPE('',$,#5856);
#5426=PRODUCT_DEFINITION_SHAPE($,$,#1379);
#5427=PRODUCT_DEFINITION_SHAPE('',$,#5857);
#5428=PRODUCT_DEFINITION_SHAPE($,$,#1380);
#5429=PRODUCT_DEFINITION_SHAPE($,$,#1381);
#5430=PRODUCT_DEFINITION_SHAPE($,$,#1382);
#5431=PRODUCT_DEFINITION_SHAPE($,$,#1383);
#5432=PRODUCT_DEFINITION_SHAPE($,$,#1384);
#5433=PRODUCT_DEFINITION_SHAPE('',$,#5858);
#5434=PRODUCT_DEFINITION_SHAPE('',$,#5859);
#5435=PRODUCT_DEFINITION_SHAPE('',$,#5860);
#5436=PRODUCT_DEFINITION_SHAPE($,$,#1385);
#5437=PRODUCT_DEFINITION_SHAPE($,$,#1386);
#5438=PRODUCT_DEFINITION_SHAPE($,$,#1387);
#5439=PRODUCT_DEFINITION_SHAPE($,$,#1388);
#5440=PRODUCT_DEFINITION_SHAPE($,$,#1389);
#5441=PRODUCT_DEFINITION_SHAPE($,$,#1390);
#5442=PRODUCT_DEFINITION_SHAPE($,$,#1391);
#5443=PRODUCT_DEFINITION_SHAPE($,$,#1392);
#5444=PRODUCT_DEFINITION_SHAPE($,$,#1393);
#5445=PRODUCT_DEFINITION_SHAPE($,$,#1394);
#5446=PRODUCT_DEFINITION_SHAPE($,$,#1395);
#5447=PRODUCT_DEFINITION_SHAPE($,$,#1396);
#5448=PRODUCT_DEFINITION_SHAPE($,$,#1397);
#5449=PRODUCT_DEFINITION_SHAPE($,$,#1398);
#5450=PRODUCT_DEFINITION_SHAPE($,$,#1399);
#5451=PRODUCT_DEFINITION_SHAPE($,$,#1400);
#5452=PRODUCT_DEFINITION_SHAPE($,$,#1401);
#5453=PRODUCT_DEFINITION_SHAPE($,$,#1402);
#5454=PRODUCT_DEFINITION_SHAPE($,$,#1403);
#5455=PRODUCT_DEFINITION_SHAPE($,$,#1404);
#5456=PRODUCT_DEFINITION_SHAPE($,$,#1405);
#5457=PRODUCT_DEFINITION_SHAPE('',$,#5861);
#5458=PRODUCT_DEFINITION_SHAPE('',$,#5862);
#5459=PRODUCT_DEFINITION_SHAPE($,$,#1406);
#5460=PRODUCT_DEFINITION_SHAPE('',$,#5863);
#5461=PRODUCT_DEFINITION_SHAPE('',$,#5864);
#5462=PRODUCT_DEFINITION_SHAPE($,$,#1407);
#5463=PRODUCT_DEFINITION_SHAPE($,$,#1408);
#5464=PRODUCT_DEFINITION_SHAPE('',$,#5865);
#5465=PRODUCT_DEFINITION_SHAPE('',$,#5866);
#5466=PRODUCT_DEFINITION_SHAPE('',$,#5867);
#5467=PRODUCT_DEFINITION_SHAPE($,$,#1409);
#5468=PRODUCT_DEFINITION_SHAPE($,$,#1410);
#5469=PRODUCT_DEFINITION_SHAPE($,$,#1411);
#5470=PRODUCT_DEFINITION_SHAPE($,$,#1412);
#5471=PRODUCT_DEFINITION_SHAPE('',$,#5868);
#5472=PRODUCT_DEFINITION_SHAPE('',$,#5869);
#5473=PRODUCT_DEFINITION_SHAPE($,$,#1413);
#5474=PRODUCT_DEFINITION_SHAPE('',$,#5870);
#5475=PRODUCT_DEFINITION_SHAPE('',$,#5871);
#5476=PRODUCT_DEFINITION_SHAPE('',$,#5872);
#5477=PRODUCT_DEFINITION_SHAPE($,$,#1414);
#5478=PRODUCT_DEFINITION_SHAPE($,$,#1415);
#5479=PRODUCT_DEFINITION_SHAPE('',$,#5873);
#5480=PRODUCT_DEFINITION_SHAPE('',$,#5874);
#5481=PRODUCT_DEFINITION_SHAPE($,$,#1416);
#5482=PRODUCT_DEFINITION_SHAPE('',$,#5875);
#5483=PRODUCT_DEFINITION_SHAPE('',$,#5876);
#5484=PRODUCT_DEFINITION_SHAPE($,$,#1417);
#5485=PRODUCT_DEFINITION_SHAPE($,$,#1418);
#5486=PRODUCT_DEFINITION_SHAPE($,$,#1419);
#5487=PRODUCT_DEFINITION_SHAPE($,$,#1420);
#5488=PRODUCT_DEFINITION_SHAPE($,$,#1421);
#5489=PRODUCT_DEFINITION_SHAPE($,$,#1422);
#5490=PRODUCT_DEFINITION_SHAPE($,$,#1423);
#5491=PRODUCT_DEFINITION_SHAPE($,$,#1424);
#5492=PRODUCT_DEFINITION_SHAPE($,$,#1425);
#5493=PRODUCT_DEFINITION_SHAPE($,$,#1426);
#5494=PRODUCT_DEFINITION_SHAPE($,$,#1427);
#5495=PRODUCT_DEFINITION_SHAPE($,$,#1428);
#5496=PRODUCT_DEFINITION_SHAPE($,$,#1429);
#5497=PRODUCT_DEFINITION_SHAPE($,$,#1430);
#5498=PRODUCT_DEFINITION_SHAPE($,$,#1431);
#5499=PRODUCT_DEFINITION_SHAPE($,$,#1432);
#5500=PRODUCT_DEFINITION_SHAPE($,$,#1433);
#5501=PRODUCT_DEFINITION_SHAPE($,$,#1434);
#5502=PRODUCT_DEFINITION_SHAPE($,$,#1435);
#5503=PRODUCT_DEFINITION_SHAPE($,$,#1436);
#5504=PRODUCT_DEFINITION_SHAPE($,$,#1437);
#5505=PRODUCT_DEFINITION_SHAPE($,$,#1438);
#5506=PRODUCT_DEFINITION_SHAPE($,$,#1439);
#5507=PRODUCT_DEFINITION_SHAPE($,$,#1440);
#5508=PRODUCT_DEFINITION_SHAPE($,$,#1441);
#5509=PRODUCT_DEFINITION_SHAPE($,$,#1442);
#5510=PRODUCT_DEFINITION_SHAPE($,$,#1443);
#5511=PRODUCT_DEFINITION_SHAPE($,$,#1444);
#5512=PRODUCT_DEFINITION_SHAPE($,$,#1445);
#5513=PRODUCT_DEFINITION_SHAPE($,$,#1446);
#5514=PRODUCT_DEFINITION_SHAPE($,$,#1447);
#5515=PRODUCT_DEFINITION_SHAPE($,$,#1448);
#5516=PRODUCT_DEFINITION_SHAPE($,$,#1449);
#5517=PRODUCT_DEFINITION_SHAPE($,$,#1450);
#5518=PRODUCT_DEFINITION_SHAPE($,$,#1451);
#5519=PRODUCT_DEFINITION_SHAPE($,$,#1452);
#5520=PRODUCT_DEFINITION_SHAPE($,$,#1453);
#5521=PRODUCT_DEFINITION_SHAPE($,$,#1454);
#5522=PRODUCT_DEFINITION_SHAPE($,$,#1455);
#5523=PRODUCT_DEFINITION_SHAPE($,$,#1456);
#5524=PRODUCT_DEFINITION_SHAPE($,$,#1457);
#5525=PRODUCT_DEFINITION_SHAPE($,$,#1458);
#5526=PRODUCT_DEFINITION_SHAPE($,$,#1459);
#5527=PRODUCT_DEFINITION_SHAPE($,$,#1460);
#5528=PRODUCT_DEFINITION_SHAPE($,$,#1461);
#5529=PRODUCT_DEFINITION_SHAPE($,$,#1462);
#5530=PRODUCT_DEFINITION_SHAPE($,$,#1463);
#5531=PRODUCT_DEFINITION_SHAPE($,$,#1464);
#5532=PRODUCT_DEFINITION_SHAPE($,$,#1465);
#5533=PRODUCT_DEFINITION_SHAPE($,$,#1466);
#5534=PRODUCT_DEFINITION_SHAPE($,$,#1467);
#5535=PRODUCT_DEFINITION_SHAPE($,$,#1468);
#5536=PRODUCT_DEFINITION_SHAPE($,$,#1469);
#5537=PRODUCT_DEFINITION_SHAPE($,$,#1470);
#5538=PRODUCT_DEFINITION_SHAPE($,$,#1471);
#5539=PRODUCT_DEFINITION_SHAPE($,$,#1472);
#5540=SHAPE_REPRESENTATION('',(#2024,#2445,#2446,#2447,#2448,#2449,#2450,
#2451,#2452,#2453,#2454,#2455,#2456,#2457,#2458,#2459,#2460,#2461,#2462,
#2463,#2464,#2465,#2466,#2467,#2468,#2469,#2470,#2471,#2472,#2473,#2474,
#2475,#2476,#2477,#2478,#2479,#2480,#2481,#2482,#2483,#2484,#2485,#2486,
#2487,#2488,#2489,#2490,#2491,#2492,#2493,#2494,#2495,#2496,#2497,#2498,
#2499),#4737);
#5541=SHAPE_REPRESENTATION('',(#2025,#2027),#4738);
#5542=SHAPE_REPRESENTATION('',(#2026),#4739);
#5543=SHAPE_REPRESENTATION('',(#2028,#2382),#4740);
#5544=SHAPE_REPRESENTATION('',(#2029,#2383),#4741);
#5545=SHAPE_REPRESENTATION('',(#2030,#2384),#4742);
#5546=SHAPE_REPRESENTATION('',(#2031,#2350),#4743);
#5547=SHAPE_REPRESENTATION('',(#2032,#2036),#4744);
#5548=SHAPE_REPRESENTATION('',(#2033,#2035),#4745);
#5549=SHAPE_REPRESENTATION('',(#2034),#4746);
#5550=SHAPE_REPRESENTATION('',(#2037,#2343),#4747);
#5551=SHAPE_REPRESENTATION('',(#2038,#2261),#4748);
#5552=SHAPE_REPRESENTATION('',(#2039,#2228,#2229,#2230,#2231,#2232,#2233,
#2234,#2235,#2236,#2237,#2238,#2239,#2240,#2241,#2242,#2243,#2244,#2245,
#2246,#2247,#2248,#2249,#2250,#2251,#2252,#2253,#2254,#2255,#2256,#2257,
#2258,#2259,#2260),#4749);
#5553=SHAPE_REPRESENTATION('',(#2040,#2042),#4750);
#5554=SHAPE_REPRESENTATION('',(#2041),#4751);
#5555=SHAPE_REPRESENTATION('',(#2043,#2174,#2175,#2176),#4752);
#5556=SHAPE_REPRESENTATION('',(#2044,#2177,#2178,#2179),#4753);
#5557=SHAPE_REPRESENTATION('',(#2045,#2052,#2053,#2054),#4754);
#5558=SHAPE_REPRESENTATION('',(#2046,#2048),#4755);
#5559=SHAPE_REPRESENTATION('',(#2047),#4756);
#5560=SHAPE_REPRESENTATION('',(#2049,#2051),#4757);
#5561=SHAPE_REPRESENTATION('',(#2050),#4758);
#5562=SHAPE_REPRESENTATION('',(#2055,#2063),#4759);
#5563=SHAPE_REPRESENTATION('',(#2056,#2060,#2061,#2062),#4760);
#5564=SHAPE_REPRESENTATION('',(#2057),#4761);
#5565=SHAPE_REPRESENTATION('',(#2058),#4762);
#5566=SHAPE_REPRESENTATION('',(#2059),#4763);
#5567=SHAPE_REPRESENTATION('',(#2064,#2079,#2080,#2081),#4764);
#5568=SHAPE_REPRESENTATION('',(#2065,#2073,#2074,#2075),#4765);
#5569=SHAPE_REPRESENTATION('',(#2066,#2068),#4766);
#5570=SHAPE_REPRESENTATION('',(#2067),#4767);
#5571=SHAPE_REPRESENTATION('',(#2069,#2082,#2083,#2084),#4768);
#5572=SHAPE_REPRESENTATION('',(#2070,#2072),#4769);
#5573=SHAPE_REPRESENTATION('',(#2071),#4770);
#5574=SHAPE_REPRESENTATION('',(#2076,#2078),#4771);
#5575=SHAPE_REPRESENTATION('',(#2077),#4772);
#5576=SHAPE_REPRESENTATION('',(#2085,#2180,#2181,#2182),#4773);
#5577=SHAPE_REPRESENTATION('',(#2086,#2183,#2184,#2185),#4774);
#5578=SHAPE_REPRESENTATION('',(#2087,#2186,#2187,#2188),#4775);
#5579=SHAPE_REPRESENTATION('',(#2088,#2159,#2160,#2161),#4776);
#5580=SHAPE_REPRESENTATION('',(#2089,#2189,#2190,#2191),#4777);
#5581=SHAPE_REPRESENTATION('',(#2090,#2192,#2193,#2194),#4778);
#5582=SHAPE_REPRESENTATION('',(#2091,#2195,#2196,#2197),#4779);
#5583=SHAPE_REPRESENTATION('',(#2092,#2198,#2199,#2200),#4780);
#5584=SHAPE_REPRESENTATION('',(#2093,#2201,#2202,#2203),#4781);
#5585=SHAPE_REPRESENTATION('',(#2094,#2096),#4782);
#5586=SHAPE_REPRESENTATION('',(#2095),#4783);
#5587=SHAPE_REPRESENTATION('',(#2097,#2204,#2205,#2206),#4784);
#5588=SHAPE_REPRESENTATION('',(#2098,#2115,#2116),#4785);
#5589=SHAPE_REPRESENTATION('',(#2099,#2112,#2113),#4786);
#5590=SHAPE_REPRESENTATION('',(#2100),#4787);
#5591=SHAPE_REPRESENTATION('',(#2101,#2107,#2108,#2109,#2110,#2111),#4788);
#5592=SHAPE_REPRESENTATION('',(#2102),#4789);
#5593=SHAPE_REPRESENTATION('',(#2103),#4790);
#5594=SHAPE_REPRESENTATION('',(#2104),#4791);
#5595=SHAPE_REPRESENTATION('',(#2105),#4792);
#5596=SHAPE_REPRESENTATION('',(#2106),#4793);
#5597=SHAPE_REPRESENTATION('',(#2114),#4794);
#5598=SHAPE_REPRESENTATION('',(#2117,#2121),#4795);
#5599=SHAPE_REPRESENTATION('',(#2118,#2120),#4796);
#5600=SHAPE_REPRESENTATION('',(#2119),#4797);
#5601=SHAPE_REPRESENTATION('',(#2122,#2207,#2208,#2209),#4798);
#5602=SHAPE_REPRESENTATION('',(#2123,#2152,#2153,#2154),#4799);
#5603=SHAPE_REPRESENTATION('',(#2124,#2126),#4800);
#5604=SHAPE_REPRESENTATION('',(#2125),#4801);
#5605=SHAPE_REPRESENTATION('',(#2127,#2162,#2163,#2164),#4802);
#5606=SHAPE_REPRESENTATION('',(#2128,#2210,#2211,#2212),#4803);
#5607=SHAPE_REPRESENTATION('',(#2129,#2213,#2214,#2215),#4804);
#5608=SHAPE_REPRESENTATION('',(#2130,#2216,#2217,#2218),#4805);
#5609=SHAPE_REPRESENTATION('',(#2131,#2165,#2166,#2167),#4806);
#5610=SHAPE_REPRESENTATION('',(#2132,#2142,#2143,#2144),#4807);
#5611=SHAPE_REPRESENTATION('',(#2133,#2219,#2220,#2221),#4808);
#5612=SHAPE_REPRESENTATION('',(#2134,#2222,#2223,#2224),#4809);
#5613=SHAPE_REPRESENTATION('',(#2135,#2145,#2146,#2147),#4810);
#5614=SHAPE_REPRESENTATION('',(#2136,#2138),#4811);
#5615=SHAPE_REPRESENTATION('',(#2137),#4812);
#5616=SHAPE_REPRESENTATION('',(#2139,#2141),#4813);
#5617=SHAPE_REPRESENTATION('',(#2140),#4814);
#5618=SHAPE_REPRESENTATION('',(#2148,#2168,#2169,#2170),#4815);
#5619=SHAPE_REPRESENTATION('',(#2149,#2151),#4816);
#5620=SHAPE_REPRESENTATION('',(#2150),#4817);
#5621=SHAPE_REPRESENTATION('',(#2155,#2225,#2226,#2227),#4818);
#5622=SHAPE_REPRESENTATION('',(#2156,#2158),#4819);
#5623=SHAPE_REPRESENTATION('',(#2157),#4820);
#5624=SHAPE_REPRESENTATION('',(#2171,#2173),#4821);
#5625=SHAPE_REPRESENTATION('',(#2172),#4822);
#5626=SHAPE_REPRESENTATION('',(#2262,#2265),#4823);
#5627=SHAPE_REPRESENTATION('',(#2263,#2266),#4824);
#5628=SHAPE_REPRESENTATION('',(#2264),#4825);
#5629=SHAPE_REPRESENTATION('',(#2267,#2290),#4826);
#5630=SHAPE_REPRESENTATION('',(#2268,#2279,#2280,#2281,#2282,#2283,#2284,
#2285,#2286,#2287,#2288,#2289),#4827);
#5631=SHAPE_REPRESENTATION('',(#2269),#4828);
#5632=SHAPE_REPRESENTATION('',(#2270,#2272),#4829);
#5633=SHAPE_REPRESENTATION('',(#2271),#4830);
#5634=SHAPE_REPRESENTATION('',(#2273),#4831);
#5635=SHAPE_REPRESENTATION('',(#2274,#2277,#2278),#4832);
#5636=SHAPE_REPRESENTATION('',(#2275),#4833);
#5637=SHAPE_REPRESENTATION('',(#2276),#4834);
#5638=SHAPE_REPRESENTATION('',(#2291,#2385),#4835);
#5639=SHAPE_REPRESENTATION('',(#2292,#2386),#4836);
#5640=SHAPE_REPRESENTATION('',(#2293,#2387),#4837);
#5641=SHAPE_REPRESENTATION('',(#2294,#2388),#4838);
#5642=SHAPE_REPRESENTATION('',(#2295,#2389),#4839);
#5643=SHAPE_REPRESENTATION('',(#2296,#2390),#4840);
#5644=SHAPE_REPRESENTATION('',(#2297,#2391),#4841);
#5645=SHAPE_REPRESENTATION('',(#2298,#2392),#4842);
#5646=SHAPE_REPRESENTATION('',(#2299,#2393),#4843);
#5647=SHAPE_REPRESENTATION('',(#2300,#2394),#4844);
#5648=SHAPE_REPRESENTATION('',(#2301,#2395),#4845);
#5649=SHAPE_REPRESENTATION('',(#2302,#2396),#4846);
#5650=SHAPE_REPRESENTATION('',(#2303,#2397),#4847);
#5651=SHAPE_REPRESENTATION('',(#2304,#2398),#4848);
#5652=SHAPE_REPRESENTATION('',(#2305,#2307),#4849);
#5653=SHAPE_REPRESENTATION('',(#2306),#4850);
#5654=SHAPE_REPRESENTATION('',(#2308,#2408),#4851);
#5655=SHAPE_REPRESENTATION('',(#2309,#2351),#4852);
#5656=SHAPE_REPRESENTATION('',(#2310,#2344),#4853);
#5657=SHAPE_REPRESENTATION('',(#2311,#2345),#4854);
#5658=SHAPE_REPRESENTATION('',(#2312,#2360),#4855);
#5659=SHAPE_REPRESENTATION('',(#2313,#2352),#4856);
#5660=SHAPE_REPRESENTATION('',(#2314,#2353),#4857);
#5661=SHAPE_REPRESENTATION('',(#2315,#2361),#4858);
#5662=SHAPE_REPRESENTATION('',(#2316,#2335),#4859);
#5663=SHAPE_REPRESENTATION('',(#2317,#2325,#2326,#2327,#2328,#2329,#2330,
#2331,#2332,#2333,#2334),#4860);
#5664=SHAPE_REPRESENTATION('',(#2318),#4861);
#5665=SHAPE_REPRESENTATION('',(#2319,#2321),#4862);
#5666=SHAPE_REPRESENTATION('',(#2320),#4863);
#5667=SHAPE_REPRESENTATION('',(#2322,#2324),#4864);
#5668=SHAPE_REPRESENTATION('',(#2323),#4865);
#5669=SHAPE_REPRESENTATION('',(#2336,#2340),#4866);
#5670=SHAPE_REPRESENTATION('',(#2337,#2339),#4867);
#5671=SHAPE_REPRESENTATION('',(#2338),#4868);
#5672=SHAPE_REPRESENTATION('',(#2341,#2346),#4869);
#5673=SHAPE_REPRESENTATION('',(#2342),#4870);
#5674=SHAPE_REPRESENTATION('',(#2347,#2354),#4871);
#5675=SHAPE_REPRESENTATION('',(#2348,#2355),#4872);
#5676=SHAPE_REPRESENTATION('',(#2349),#4873);
#5677=SHAPE_REPRESENTATION('',(#2356,#2362),#4874);
#5678=SHAPE_REPRESENTATION('',(#2357,#2363),#4875);
#5679=SHAPE_REPRESENTATION('',(#2358,#2364),#4876);
#5680=SHAPE_REPRESENTATION('',(#2359),#4877);
#5681=SHAPE_REPRESENTATION('',(#2365,#2399),#4878);
#5682=SHAPE_REPRESENTATION('',(#2366,#2400),#4879);
#5683=SHAPE_REPRESENTATION('',(#2367,#2378),#4880);
#5684=SHAPE_REPRESENTATION('',(#2368,#2377),#4881);
#5685=SHAPE_REPRESENTATION('',(#2369,#2374,#2375,#2376),#4882);
#5686=SHAPE_REPRESENTATION('',(#2370,#2372),#4883);
#5687=SHAPE_REPRESENTATION('',(#2371),#4884);
#5688=SHAPE_REPRESENTATION('',(#2373),#4885);
#5689=SHAPE_REPRESENTATION('',(#2379,#2401),#4886);
#5690=SHAPE_REPRESENTATION('',(#2380,#2402),#4887);
#5691=SHAPE_REPRESENTATION('',(#2381),#4888);
#5692=SHAPE_REPRESENTATION('',(#2403,#2405),#4889);
#5693=SHAPE_REPRESENTATION('',(#2404),#4890);
#5694=SHAPE_REPRESENTATION('',(#2406,#2409),#4891);
#5695=SHAPE_REPRESENTATION('',(#2407),#4892);
#5696=SHAPE_REPRESENTATION('',(#2410,#2413,#2414),#4893);
#5697=SHAPE_REPRESENTATION('',(#2411,#2415,#2416),#4894);
#5698=SHAPE_REPRESENTATION('',(#2412),#4895);
#5699=SHAPE_REPRESENTATION('',(#2417,#2419),#4896);
#5700=SHAPE_REPRESENTATION('',(#2418),#4897);
#5701=SHAPE_REPRESENTATION('',(#2420,#2424),#4898);
#5702=SHAPE_REPRESENTATION('',(#2421,#2423),#4899);
#5703=SHAPE_REPRESENTATION('',(#2422),#4900);
#5704=SHAPE_REPRESENTATION('',(#2425,#2427),#4901);
#5705=SHAPE_REPRESENTATION('',(#2426),#4902);
#5706=SHAPE_REPRESENTATION('',(#2428,#2430),#4903);
#5707=SHAPE_REPRESENTATION('',(#2429),#4904);
#5708=PRODUCT_DEFINITION_CONTEXT('part definition',#6214,'design');
#5709=PRODUCT_DEFINITION('PCB','(Non enregistr\X\E9)',#5877,#5708);
#5710=PRODUCT_DEFINITION('Board','Board',#5878,#5708);
#5711=PRODUCT_DEFINITION('Open CASCADE STEP translator 7.5 1.1.1',
'Open CASCADE STEP translator 7.5 1.1.1',#5879,#5708);
#5712=PRODUCT_DEFINITION('R22','R22',#5880,#5708);
#5713=PRODUCT_DEFINITION('R2','R2',#5881,#5708);
#5714=PRODUCT_DEFINITION('R1','R1',#5882,#5708);
#5715=PRODUCT_DEFINITION('C2','C2',#5883,#5708);
#5716=PRODUCT_DEFINITION('Y1','Y1',#5884,#5708);
#5717=PRODUCT_DEFINITION('1361975687232','1361975687232',#5885,#5708);
#5718=PRODUCT_DEFINITION('Extruded','Extruded',#5886,#5708);
#5719=PRODUCT_DEFINITION('C1','C1',#5887,#5708);
#5720=PRODUCT_DEFINITION('M1','M1',#5888,#5708);
#5721=PRODUCT_DEFINITION('NORA-W106','NORA-W106',#5889,#5708);
#5722=PRODUCT_DEFINITION('Board_1','Board (1)',#5890,#5708);
#5723=PRODUCT_DEFINITION('Open CASCADE STEP translator 6.8 1.1.1',
'Open CASCADE STEP translator 6.8 1.1.1',#5891,#5708);
#5724=PRODUCT_DEFINITION('Z3','Z3',#5892,#5708);
#5725=PRODUCT_DEFINITION('Z10','Z10',#5893,#5708);
#5726=PRODUCT_DEFINITION('Z9','Z9',#5894,#5708);
#5727=PRODUCT_DEFINITION('2410859790640','2410859790640',#5895,#5708);
#5728=PRODUCT_DEFINITION('Extruded_1','Extruded (4)',#5896,#5708);
#5729=PRODUCT_DEFINITION('2410859790400','2410859790400',#5897,#5708);
#5730=PRODUCT_DEFINITION('Extruded_2','Extruded (5)',#5898,#5708);
#5731=PRODUCT_DEFINITION('U1','U1',#5899,#5708);
#5732=PRODUCT_DEFINITION('IC_Espressif_Systems_ESP32-S2_eec',
'IC_Espressif_Systems_ESP32-S2_eec',#5900,#5708);
#5733=PRODUCT_DEFINITION('body','body',#5901,#5708);
#5734=PRODUCT_DEFINITION('pins','pins',#5902,#5708);
#5735=PRODUCT_DEFINITION('logo','logo',#5903,#5708);
#5736=PRODUCT_DEFINITION('R3','R3 (1)',#5904,#5708);
#5737=PRODUCT_DEFINITION('R2_1','R2 (1)',#5905,#5708);
#5738=PRODUCT_DEFINITION('2410890683552','2410890683552',#5906,#5708);
#5739=PRODUCT_DEFINITION('Extruded_3','Extruded (8)',#5907,#5708);
#5740=PRODUCT_DEFINITION('R1_1','R1 (1)',#5908,#5708);
#5741=PRODUCT_DEFINITION('2410890683712','2410890683712',#5909,#5708);
#5742=PRODUCT_DEFINITION('Extruded_4','Extruded (7)',#5910,#5708);
#5743=PRODUCT_DEFINITION('2410890678992','2410890678992',#5911,#5708);
#5744=PRODUCT_DEFINITION('Extruded_5','Extruded (11)',#5912,#5708);
#5745=PRODUCT_DEFINITION('C10','C10',#5913,#5708);
#5746=PRODUCT_DEFINITION('C6','C6',#5914,#5708);
#5747=PRODUCT_DEFINITION('C15','C15',#5915,#5708);
#5748=PRODUCT_DEFINITION('Z8','Z8',#5916,#5708);
#5749=PRODUCT_DEFINITION('Z7','Z7',#5917,#5708);
#5750=PRODUCT_DEFINITION('Z6','Z6',#5918,#5708);
#5751=PRODUCT_DEFINITION('Z5','Z5',#5919,#5708);
#5752=PRODUCT_DEFINITION('Z4','Z4',#5920,#5708);
#5753=PRODUCT_DEFINITION('Z2','Z2',#5921,#5708);
#5754=PRODUCT_DEFINITION('2410859789440','2410859789440',#5922,#5708);
#5755=PRODUCT_DEFINITION('Extruded_6','Extruded (12)',#5923,#5708);
#5756=PRODUCT_DEFINITION('Z1','Z1',#5924,#5708);
#5757=PRODUCT_DEFINITION('E1','E1',#5925,#5708);
#5758=PRODUCT_DEFINITION('label_with_logo_8x8','label_with_logo_8x8',#5926,
#5708);
#5759=PRODUCT_DEFINITION('label_8x8','label_8x8',#5927,#5708);
#5760=PRODUCT_DEFINITION('logo_full_4mm','logo_full_4mm',#5928,#5708);
#5761=PRODUCT_DEFINITION('logo_x_4mm','logo_x_4mm',#5929,#5708);
#5762=PRODUCT_DEFINITION('logo_o_4mm','logo_o_4mm',#5930,#5708);
#5763=PRODUCT_DEFINITION('logo_l_4mm','logo_l_4mm',#5931,#5708);
#5764=PRODUCT_DEFINITION('logo_b_4mm','logo_b_4mm',#5932,#5708);
#5765=PRODUCT_DEFINITION('logo_u_4mm','logo_u_4mm',#5933,#5708);
#5766=PRODUCT_DEFINITION('MAYA_W1_Shield_UBXH04-0000683',
'MAYA_W1_Shield_UBXH04-0000683',#5934,#5708);
#5767=PRODUCT_DEFINITION('X1','X1',#5935,#5708);
#5768=PRODUCT_DEFINITION('2410890683872','2410890683872',#5936,#5708);
#5769=PRODUCT_DEFINITION('Extruded_7','Extruded (6)',#5937,#5708);
#5770=PRODUCT_DEFINITION('C16','C16',#5938,#5708);
#5771=PRODUCT_DEFINITION('L1','L1',#5939,#5708);
#5772=PRODUCT_DEFINITION('2410859790240','2410859790240',#5940,#5708);
#5773=PRODUCT_DEFINITION('Extruded_8','Extruded (3)',#5941,#5708);
#5774=PRODUCT_DEFINITION('C3','C3',#5942,#5708);
#5775=PRODUCT_DEFINITION('C5','C5',#5943,#5708);
#5776=PRODUCT_DEFINITION('C7','C7',#5944,#5708);
#5777=PRODUCT_DEFINITION('C9','C9',#5945,#5708);
#5778=PRODUCT_DEFINITION('C2_1','C2 (1)',#5946,#5708);
#5779=PRODUCT_DEFINITION('C13','C13',#5947,#5708);
#5780=PRODUCT_DEFINITION('C12','C12',#5948,#5708);
#5781=PRODUCT_DEFINITION('C11','C11',#5949,#5708);
#5782=PRODUCT_DEFINITION('C14','C14',#5950,#5708);
#5783=PRODUCT_DEFINITION('2410890683072','2410890683072',#5951,#5708);
#5784=PRODUCT_DEFINITION('Extruded_9','Extruded (13)',#5952,#5708);
#5785=PRODUCT_DEFINITION('2410890682912','2410890682912',#5953,#5708);
#5786=PRODUCT_DEFINITION('Extruded_10','Extruded (14)',#5954,#5708);
#5787=PRODUCT_DEFINITION('C1_1','C1 (1)',#5955,#5708);
#5788=PRODUCT_DEFINITION('2410859791280','2410859791280',#5956,#5708);
#5789=PRODUCT_DEFINITION('Extruded_11','Extruded (9)',#5957,#5708);
#5790=PRODUCT_DEFINITION('C4','C4',#5958,#5708);
#5791=PRODUCT_DEFINITION('2410859791040','2410859791040',#5959,#5708);
#5792=PRODUCT_DEFINITION('Extruded_12','Extruded (2)',#5960,#5708);
#5793=PRODUCT_DEFINITION('2410859790080','2410859790080',#5961,#5708);
#5794=PRODUCT_DEFINITION('Extruded_13','Extruded (1)',#5962,#5708);
#5795=PRODUCT_DEFINITION('R7','R7',#5963,#5708);
#5796=PRODUCT_DEFINITION('L2','L2',#5964,#5708);
#5797=PRODUCT_DEFINITION('RES-0402','RES-0402',#5965,#5708);
#5798=PRODUCT_DEFINITION('U3','U3',#5966,#5708);
#5799=PRODUCT_DEFINITION('1361943408560','1361943408560',#5967,#5708);
#5800=PRODUCT_DEFINITION('Open CASCADE STEP translator 6.8 13.1',
'Open CASCADE STEP translator 6.8 13.1',#5968,#5708);
#5801=PRODUCT_DEFINITION('Body_1','Body',#5969,#5708);
#5802=PRODUCT_DEFINITION('Open CASCADE STEP translator 6.8 13.2.1',
'Open CASCADE STEP translator 6.8 13.2.1',#5970,#5708);
#5803=PRODUCT_DEFINITION('Thermal_Shape','Thermal_Shape',#5971,#5708);
#5804=PRODUCT_DEFINITION('Pin_Shape','Pin_Shape',#5972,#5708);
#5805=PRODUCT_DEFINITION('Open CASCADE STEP translator 6.8 13.4.1',
'Open CASCADE STEP translator 6.8 13.4.1',#5973,#5708);
#5806=PRODUCT_DEFINITION('Open CASCADE STEP translator 6.8 13.4.2',
'Open CASCADE STEP translator 6.8 13.4.2',#5974,#5708);
#5807=PRODUCT_DEFINITION('R13','R13',#5975,#5708);
#5808=PRODUCT_DEFINITION('R9','R9',#5976,#5708);
#5809=PRODUCT_DEFINITION('R6','R6',#5977,#5708);
#5810=PRODUCT_DEFINITION('R5','R5',#5978,#5708);
#5811=PRODUCT_DEFINITION('R4','R4',#5979,#5708);
#5812=PRODUCT_DEFINITION('R20','R20',#5980,#5708);
#5813=PRODUCT_DEFINITION('R19','R19',#5981,#5708);
#5814=PRODUCT_DEFINITION('R17','R17',#5982,#5708);
#5815=PRODUCT_DEFINITION('R16','R16',#5983,#5708);
#5816=PRODUCT_DEFINITION('R15','R15',#5984,#5708);
#5817=PRODUCT_DEFINITION('R14','R14',#5985,#5708);
#5818=PRODUCT_DEFINITION('R12','R12',#5986,#5708);
#5819=PRODUCT_DEFINITION('R3_1','R3',#5987,#5708);
#5820=PRODUCT_DEFINITION('R8','R8',#5988,#5708);
#5821=PRODUCT_DEFINITION('Q1','Q1',#5989,#5708);
#5822=PRODUCT_DEFINITION('SOT-523','SOT-523',#5990,#5708);
#5823=PRODUCT_DEFINITION('DL2','DL2',#5991,#5708);
#5824=PRODUCT_DEFINITION('C12_1','C12 (1)',#5992,#5708);
#5825=PRODUCT_DEFINITION('C5_1','C5 (1)',#5993,#5708);
#5826=PRODUCT_DEFINITION('C4_1','C4 (1)',#5994,#5708);
#5827=PRODUCT_DEFINITION('C9_1','C9 (1)',#5995,#5708);
#5828=PRODUCT_DEFINITION('C21','C21',#5996,#5708);
#5829=PRODUCT_DEFINITION('C22','C22',#5997,#5708);
#5830=PRODUCT_DEFINITION('C23','C23',#5998,#5708);
#5831=PRODUCT_DEFINITION('U2','U2',#5999,#5708);
#5832=PRODUCT_DEFINITION('1361943407520','1361943407520',#6000,#5708);
#5833=PRODUCT_DEFINITION('Open CASCADE STEP translator 6.8 19.1',
'Open CASCADE STEP translator 6.8 19.1',#6001,#5708);
#5834=PRODUCT_DEFINITION('Body_2','Body (1)',#6002,#5708);
#5835=PRODUCT_DEFINITION('Open CASCADE STEP translator 6.8 19.2.1',
'Open CASCADE STEP translator 6.8 19.2.1',#6003,#5708);
#5836=PRODUCT_DEFINITION('Pin_Shape_1','Pin_Shape (1)',#6004,#5708);
#5837=PRODUCT_DEFINITION('Open CASCADE STEP translator 6.8 19.3.1',
'Open CASCADE STEP translator 6.8 19.3.1',#6005,#5708);
#5838=PRODUCT_DEFINITION('L3','L3',#6006,#5708);
#5839=PRODUCT_DEFINITION('1361975689312','1361975689312',#6007,#5708);
#5840=PRODUCT_DEFINITION('Extruded_14','Extruded (10)',#6008,#5708);
#5841=PRODUCT_DEFINITION('C28','C28',#6009,#5708);
#5842=PRODUCT_DEFINITION('CAP-0201','CAP-0201',#6010,#5708);
#5843=PRODUCT_DEFINITION('C25','C25',#6011,#5708);
#5844=PRODUCT_DEFINITION('C20','C20',#6012,#5708);
#5845=PRODUCT_DEFINITION('CAP-0402','CAP-0402',#6013,#5708);
#5846=PRODUCT_DEFINITION('C27','C27',#6014,#5708);
#5847=PRODUCT_DEFINITION('C26','C26',#6015,#5708);
#5848=PRODUCT_DEFINITION('C24','C24',#6016,#5708);
#5849=PRODUCT_DEFINITION('CAP-0603','CAP-0603',#6017,#5708);
#5850=PRODUCT_DEFINITION('R21','R21',#6018,#5708);
#5851=PRODUCT_DEFINITION('R18','R18',#6019,#5708);
#5852=PRODUCT_DEFINITION('D2','D2',#6020,#5708);
#5853=PRODUCT_DEFINITION('SOD123FL','SOD123FL',#6021,#5708);
#5854=PRODUCT_DEFINITION('8279795424','8279795424',#6022,#5708);
#5855=PRODUCT_DEFINITION('Body_3','Body (2)',#6023,#5708);
#5856=PRODUCT_DEFINITION('Open CASCADE STEP translator 7.5 15.1.1',
'Open CASCADE STEP translator 7.5 15.1.1',#6024,#5708);
#5857=PRODUCT_DEFINITION('lead','lead',#6025,#5708);
#5858=PRODUCT_DEFINITION('R11','R11',#6026,#5708);
#5859=PRODUCT_DEFINITION('R10','R10',#6027,#5708);
#5860=PRODUCT_DEFINITION('RES-0201','RES-0201',#6028,#5708);
#5861=PRODUCT_DEFINITION('DL1','DL1',#6029,#5708);
#5862=PRODUCT_DEFINITION('SMLP34RGB','SMLP34RGB',#6030,#5708);
#5863=PRODUCT_DEFINITION('DL3','DL3',#6031,#5708);
#5864=PRODUCT_DEFINITION('HSMx-190','HSMx-190',#6032,#5708);
#5865=PRODUCT_DEFINITION('JP1','JP1',#6033,#5708);
#5866=PRODUCT_DEFINITION('JP2','JP2',#6034,#5708);
#5867=PRODUCT_DEFINITION('Header _Fem_1X8','Header _Fem_1X8',#6035,#5708);
#5868=PRODUCT_DEFINITION('PB1','PB1',#6036,#5708);
#5869=PRODUCT_DEFINITION('PTS820J20KSMTRLFS','PTS820J20KSMTRLFS',#6037,
#5708);
#5870=PRODUCT_DEFINITION('J1','J1',#6038,#5708);
#5871=PRODUCT_DEFINITION(
'CX90B-16P_CL0480-0755-0-00_3DDrawing_STEP_CX90B-16P_3D_48007525000_3D
_STP',
'CX90B-16P_CL0480-0755-0-00_3DDrawing_STEP_CX90B-16P_3D_48007525000_3D
_STP',#6039,#5708);
#5872=PRODUCT_DEFINITION('CX90B-16P_3D','CX90B-16P_3D',#6040,#5708);
#5873=PRODUCT_DEFINITION('D1','D1',#6041,#5708);
#5874=PRODUCT_DEFINITION('PRTR5V0U2X','PRTR5V0U2X',#6042,#5708);
#5875=PRODUCT_DEFINITION('C16_1','C16 (1)',#6043,#5708);
#5876=PRODUCT_DEFINITION('CAP-0805','CAP-0805',#6044,#5708);
#5877=PRODUCT_DEFINITION_FORMATION('',$,#6216);
#5878=PRODUCT_DEFINITION_FORMATION('',$,#6217);
#5879=PRODUCT_DEFINITION_FORMATION('',$,#6218);
#5880=PRODUCT_DEFINITION_FORMATION('',$,#6219);
#5881=PRODUCT_DEFINITION_FORMATION('',$,#6220);
#5882=PRODUCT_DEFINITION_FORMATION('',$,#6221);
#5883=PRODUCT_DEFINITION_FORMATION('',$,#6222);
#5884=PRODUCT_DEFINITION_FORMATION('',$,#6223);
#5885=PRODUCT_DEFINITION_FORMATION('',$,#6224);
#5886=PRODUCT_DEFINITION_FORMATION('',$,#6225);
#5887=PRODUCT_DEFINITION_FORMATION('',$,#6226);
#5888=PRODUCT_DEFINITION_FORMATION('',$,#6227);
#5889=PRODUCT_DEFINITION_FORMATION('',$,#6228);
#5890=PRODUCT_DEFINITION_FORMATION('',$,#6229);
#5891=PRODUCT_DEFINITION_FORMATION('',$,#6230);
#5892=PRODUCT_DEFINITION_FORMATION('',$,#6231);
#5893=PRODUCT_DEFINITION_FORMATION('',$,#6232);
#5894=PRODUCT_DEFINITION_FORMATION('',$,#6233);
#5895=PRODUCT_DEFINITION_FORMATION('',$,#6234);
#5896=PRODUCT_DEFINITION_FORMATION('',$,#6235);
#5897=PRODUCT_DEFINITION_FORMATION('',$,#6236);
#5898=PRODUCT_DEFINITION_FORMATION('',$,#6237);
#5899=PRODUCT_DEFINITION_FORMATION('',$,#6238);
#5900=PRODUCT_DEFINITION_FORMATION('',$,#6239);
#5901=PRODUCT_DEFINITION_FORMATION('',$,#6240);
#5902=PRODUCT_DEFINITION_FORMATION('',$,#6241);
#5903=PRODUCT_DEFINITION_FORMATION('',$,#6242);
#5904=PRODUCT_DEFINITION_FORMATION('',$,#6243);
#5905=PRODUCT_DEFINITION_FORMATION('',$,#6244);
#5906=PRODUCT_DEFINITION_FORMATION('',$,#6245);
#5907=PRODUCT_DEFINITION_FORMATION('',$,#6246);
#5908=PRODUCT_DEFINITION_FORMATION('',$,#6247);
#5909=PRODUCT_DEFINITION_FORMATION('',$,#6248);
#5910=PRODUCT_DEFINITION_FORMATION('',$,#6249);
#5911=PRODUCT_DEFINITION_FORMATION('',$,#6250);
#5912=PRODUCT_DEFINITION_FORMATION('',$,#6251);
#5913=PRODUCT_DEFINITION_FORMATION('',$,#6252);
#5914=PRODUCT_DEFINITION_FORMATION('',$,#6253);
#5915=PRODUCT_DEFINITION_FORMATION('',$,#6254);
#5916=PRODUCT_DEFINITION_FORMATION('',$,#6255);
#5917=PRODUCT_DEFINITION_FORMATION('',$,#6256);
#5918=PRODUCT_DEFINITION_FORMATION('',$,#6257);
#5919=PRODUCT_DEFINITION_FORMATION('',$,#6258);
#5920=PRODUCT_DEFINITION_FORMATION('',$,#6259);
#5921=PRODUCT_DEFINITION_FORMATION('',$,#6260);
#5922=PRODUCT_DEFINITION_FORMATION('',$,#6261);
#5923=PRODUCT_DEFINITION_FORMATION('',$,#6262);
#5924=PRODUCT_DEFINITION_FORMATION('',$,#6263);
#5925=PRODUCT_DEFINITION_FORMATION('',$,#6264);
#5926=PRODUCT_DEFINITION_FORMATION('',$,#6265);
#5927=PRODUCT_DEFINITION_FORMATION('',$,#6266);
#5928=PRODUCT_DEFINITION_FORMATION('',$,#6267);
#5929=PRODUCT_DEFINITION_FORMATION('',$,#6268);
#5930=PRODUCT_DEFINITION_FORMATION('',$,#6269);
#5931=PRODUCT_DEFINITION_FORMATION('',$,#6270);
#5932=PRODUCT_DEFINITION_FORMATION('',$,#6271);
#5933=PRODUCT_DEFINITION_FORMATION('',$,#6272);
#5934=PRODUCT_DEFINITION_FORMATION('',$,#6273);
#5935=PRODUCT_DEFINITION_FORMATION('',$,#6274);
#5936=PRODUCT_DEFINITION_FORMATION('',$,#6275);
#5937=PRODUCT_DEFINITION_FORMATION('',$,#6276);
#5938=PRODUCT_DEFINITION_FORMATION('',$,#6277);
#5939=PRODUCT_DEFINITION_FORMATION('',$,#6278);
#5940=PRODUCT_DEFINITION_FORMATION('',$,#6279);
#5941=PRODUCT_DEFINITION_FORMATION('',$,#6280);
#5942=PRODUCT_DEFINITION_FORMATION('',$,#6281);
#5943=PRODUCT_DEFINITION_FORMATION('',$,#6282);
#5944=PRODUCT_DEFINITION_FORMATION('',$,#6283);
#5945=PRODUCT_DEFINITION_FORMATION('',$,#6284);
#5946=PRODUCT_DEFINITION_FORMATION('',$,#6285);
#5947=PRODUCT_DEFINITION_FORMATION('',$,#6286);
#5948=PRODUCT_DEFINITION_FORMATION('',$,#6287);
#5949=PRODUCT_DEFINITION_FORMATION('',$,#6288);
#5950=PRODUCT_DEFINITION_FORMATION('',$,#6289);
#5951=PRODUCT_DEFINITION_FORMATION('',$,#6290);
#5952=PRODUCT_DEFINITION_FORMATION('',$,#6291);
#5953=PRODUCT_DEFINITION_FORMATION('',$,#6292);
#5954=PRODUCT_DEFINITION_FORMATION('',$,#6293);
#5955=PRODUCT_DEFINITION_FORMATION('',$,#6294);
#5956=PRODUCT_DEFINITION_FORMATION('',$,#6295);
#5957=PRODUCT_DEFINITION_FORMATION('',$,#6296);
#5958=PRODUCT_DEFINITION_FORMATION('',$,#6297);
#5959=PRODUCT_DEFINITION_FORMATION('',$,#6298);
#5960=PRODUCT_DEFINITION_FORMATION('',$,#6299);
#5961=PRODUCT_DEFINITION_FORMATION('',$,#6300);
#5962=PRODUCT_DEFINITION_FORMATION('',$,#6301);
#5963=PRODUCT_DEFINITION_FORMATION('',$,#6302);
#5964=PRODUCT_DEFINITION_FORMATION('',$,#6303);
#5965=PRODUCT_DEFINITION_FORMATION('',$,#6304);
#5966=PRODUCT_DEFINITION_FORMATION('',$,#6305);
#5967=PRODUCT_DEFINITION_FORMATION('',$,#6306);
#5968=PRODUCT_DEFINITION_FORMATION('',$,#6307);
#5969=PRODUCT_DEFINITION_FORMATION('',$,#6308);
#5970=PRODUCT_DEFINITION_FORMATION('',$,#6309);
#5971=PRODUCT_DEFINITION_FORMATION('',$,#6310);
#5972=PRODUCT_DEFINITION_FORMATION('',$,#6311);
#5973=PRODUCT_DEFINITION_FORMATION('',$,#6312);
#5974=PRODUCT_DEFINITION_FORMATION('',$,#6313);
#5975=PRODUCT_DEFINITION_FORMATION('',$,#6314);
#5976=PRODUCT_DEFINITION_FORMATION('',$,#6315);
#5977=PRODUCT_DEFINITION_FORMATION('',$,#6316);
#5978=PRODUCT_DEFINITION_FORMATION('',$,#6317);
#5979=PRODUCT_DEFINITION_FORMATION('',$,#6318);
#5980=PRODUCT_DEFINITION_FORMATION('',$,#6319);
#5981=PRODUCT_DEFINITION_FORMATION('',$,#6320);
#5982=PRODUCT_DEFINITION_FORMATION('',$,#6321);
#5983=PRODUCT_DEFINITION_FORMATION('',$,#6322);
#5984=PRODUCT_DEFINITION_FORMATION('',$,#6323);
#5985=PRODUCT_DEFINITION_FORMATION('',$,#6324);
#5986=PRODUCT_DEFINITION_FORMATION('',$,#6325);
#5987=PRODUCT_DEFINITION_FORMATION('',$,#6326);
#5988=PRODUCT_DEFINITION_FORMATION('',$,#6327);
#5989=PRODUCT_DEFINITION_FORMATION('',$,#6328);
#5990=PRODUCT_DEFINITION_FORMATION('',$,#6329);
#5991=PRODUCT_DEFINITION_FORMATION('',$,#6330);
#5992=PRODUCT_DEFINITION_FORMATION('',$,#6331);
#5993=PRODUCT_DEFINITION_FORMATION('',$,#6332);
#5994=PRODUCT_DEFINITION_FORMATION('',$,#6333);
#5995=PRODUCT_DEFINITION_FORMATION('',$,#6334);
#5996=PRODUCT_DEFINITION_FORMATION('',$,#6335);
#5997=PRODUCT_DEFINITION_FORMATION('',$,#6336);
#5998=PRODUCT_DEFINITION_FORMATION('',$,#6337);
#5999=PRODUCT_DEFINITION_FORMATION('',$,#6338);
#6000=PRODUCT_DEFINITION_FORMATION('',$,#6339);
#6001=PRODUCT_DEFINITION_FORMATION('',$,#6340);
#6002=PRODUCT_DEFINITION_FORMATION('',$,#6341);
#6003=PRODUCT_DEFINITION_FORMATION('',$,#6342);
#6004=PRODUCT_DEFINITION_FORMATION('',$,#6343);
#6005=PRODUCT_DEFINITION_FORMATION('',$,#6344);
#6006=PRODUCT_DEFINITION_FORMATION('',$,#6345);
#6007=PRODUCT_DEFINITION_FORMATION('',$,#6346);
#6008=PRODUCT_DEFINITION_FORMATION('',$,#6347);
#6009=PRODUCT_DEFINITION_FORMATION('',$,#6348);
#6010=PRODUCT_DEFINITION_FORMATION('',$,#6349);
#6011=PRODUCT_DEFINITION_FORMATION('',$,#6350);
#6012=PRODUCT_DEFINITION_FORMATION('',$,#6351);
#6013=PRODUCT_DEFINITION_FORMATION('',$,#6352);
#6014=PRODUCT_DEFINITION_FORMATION('',$,#6353);
#6015=PRODUCT_DEFINITION_FORMATION('',$,#6354);
#6016=PRODUCT_DEFINITION_FORMATION('',$,#6355);
#6017=PRODUCT_DEFINITION_FORMATION('',$,#6356);
#6018=PRODUCT_DEFINITION_FORMATION('',$,#6357);
#6019=PRODUCT_DEFINITION_FORMATION('',$,#6358);
#6020=PRODUCT_DEFINITION_FORMATION('',$,#6359);
#6021=PRODUCT_DEFINITION_FORMATION('',$,#6360);
#6022=PRODUCT_DEFINITION_FORMATION('',$,#6361);
#6023=PRODUCT_DEFINITION_FORMATION('',$,#6362);
#6024=PRODUCT_DEFINITION_FORMATION('',$,#6363);
#6025=PRODUCT_DEFINITION_FORMATION('',$,#6364);
#6026=PRODUCT_DEFINITION_FORMATION('',$,#6365);
#6027=PRODUCT_DEFINITION_FORMATION('',$,#6366);
#6028=PRODUCT_DEFINITION_FORMATION('',$,#6367);
#6029=PRODUCT_DEFINITION_FORMATION('',$,#6368);
#6030=PRODUCT_DEFINITION_FORMATION('',$,#6369);
#6031=PRODUCT_DEFINITION_FORMATION('',$,#6370);
#6032=PRODUCT_DEFINITION_FORMATION('',$,#6371);
#6033=PRODUCT_DEFINITION_FORMATION('',$,#6372);
#6034=PRODUCT_DEFINITION_FORMATION('',$,#6373);
#6035=PRODUCT_DEFINITION_FORMATION('',$,#6374);
#6036=PRODUCT_DEFINITION_FORMATION('',$,#6375);
#6037=PRODUCT_DEFINITION_FORMATION('',$,#6376);
#6038=PRODUCT_DEFINITION_FORMATION('',$,#6377);
#6039=PRODUCT_DEFINITION_FORMATION('',$,#6378);
#6040=PRODUCT_DEFINITION_FORMATION('',$,#6379);
#6041=PRODUCT_DEFINITION_FORMATION('',$,#6380);
#6042=PRODUCT_DEFINITION_FORMATION('',$,#6381);
#6043=PRODUCT_DEFINITION_FORMATION('',$,#6382);
#6044=PRODUCT_DEFINITION_FORMATION('',$,#6383);
#6045=PRODUCT_RELATED_PRODUCT_CATEGORY('(Non enregistr\X\E9)',
'(Non enregistr\X\E9)',(#6216));
#6046=PRODUCT_RELATED_PRODUCT_CATEGORY('Board','Board',(#6217));
#6047=PRODUCT_RELATED_PRODUCT_CATEGORY(
'Open CASCADE STEP translator 7.5 1.1.1',
'Open CASCADE STEP translator 7.5 1.1.1',(#6218));
#6048=PRODUCT_RELATED_PRODUCT_CATEGORY('R22','R22',(#6219));
#6049=PRODUCT_RELATED_PRODUCT_CATEGORY('R2','R2',(#6220));
#6050=PRODUCT_RELATED_PRODUCT_CATEGORY('R1','R1',(#6221));
#6051=PRODUCT_RELATED_PRODUCT_CATEGORY('C2','C2',(#6222));
#6052=PRODUCT_RELATED_PRODUCT_CATEGORY('Y1','Y1',(#6223));
#6053=PRODUCT_RELATED_PRODUCT_CATEGORY('1361975687232','1361975687232',
(#6224));
#6054=PRODUCT_RELATED_PRODUCT_CATEGORY('Extruded','Extruded',(#6225));
#6055=PRODUCT_RELATED_PRODUCT_CATEGORY('C1','C1',(#6226));
#6056=PRODUCT_RELATED_PRODUCT_CATEGORY('M1','M1',(#6227));
#6057=PRODUCT_RELATED_PRODUCT_CATEGORY('NORA-W106','NORA-W106',(#6228));
#6058=PRODUCT_RELATED_PRODUCT_CATEGORY('Board (1)','Board (1)',(#6229));
#6059=PRODUCT_RELATED_PRODUCT_CATEGORY(
'Open CASCADE STEP translator 6.8 1.1.1',
'Open CASCADE STEP translator 6.8 1.1.1',(#6230));
#6060=PRODUCT_RELATED_PRODUCT_CATEGORY('Z3','Z3',(#6231));
#6061=PRODUCT_RELATED_PRODUCT_CATEGORY('Z10','Z10',(#6232));
#6062=PRODUCT_RELATED_PRODUCT_CATEGORY('Z9','Z9',(#6233));
#6063=PRODUCT_RELATED_PRODUCT_CATEGORY('2410859790640','2410859790640',
(#6234));
#6064=PRODUCT_RELATED_PRODUCT_CATEGORY('Extruded (4)','Extruded (4)',(#6235));
#6065=PRODUCT_RELATED_PRODUCT_CATEGORY('2410859790400','2410859790400',
(#6236));
#6066=PRODUCT_RELATED_PRODUCT_CATEGORY('Extruded (5)','Extruded (5)',(#6237));
#6067=PRODUCT_RELATED_PRODUCT_CATEGORY('U1','U1',(#6238));
#6068=PRODUCT_RELATED_PRODUCT_CATEGORY(
'IC_Espressif_Systems_ESP32-S2_eec','IC_Espressif_Systems_ESP32-S2_eec',
(#6239));
#6069=PRODUCT_RELATED_PRODUCT_CATEGORY('body','body',(#6240));
#6070=PRODUCT_RELATED_PRODUCT_CATEGORY('pins','pins',(#6241));
#6071=PRODUCT_RELATED_PRODUCT_CATEGORY('logo','logo',(#6242));
#6072=PRODUCT_RELATED_PRODUCT_CATEGORY('R3 (1)','R3 (1)',(#6243));
#6073=PRODUCT_RELATED_PRODUCT_CATEGORY('R2 (1)','R2 (1)',(#6244));
#6074=PRODUCT_RELATED_PRODUCT_CATEGORY('2410890683552','2410890683552',
(#6245));
#6075=PRODUCT_RELATED_PRODUCT_CATEGORY('Extruded (8)','Extruded (8)',(#6246));
#6076=PRODUCT_RELATED_PRODUCT_CATEGORY('R1 (1)','R1 (1)',(#6247));
#6077=PRODUCT_RELATED_PRODUCT_CATEGORY('2410890683712','2410890683712',
(#6248));
#6078=PRODUCT_RELATED_PRODUCT_CATEGORY('Extruded (7)','Extruded (7)',(#6249));
#6079=PRODUCT_RELATED_PRODUCT_CATEGORY('2410890678992','2410890678992',
(#6250));
#6080=PRODUCT_RELATED_PRODUCT_CATEGORY('Extruded (11)','Extruded (11)',
(#6251));
#6081=PRODUCT_RELATED_PRODUCT_CATEGORY('C10','C10',(#6252));
#6082=PRODUCT_RELATED_PRODUCT_CATEGORY('C6','C6',(#6253));
#6083=PRODUCT_RELATED_PRODUCT_CATEGORY('C15','C15',(#6254));
#6084=PRODUCT_RELATED_PRODUCT_CATEGORY('Z8','Z8',(#6255));
#6085=PRODUCT_RELATED_PRODUCT_CATEGORY('Z7','Z7',(#6256));
#6086=PRODUCT_RELATED_PRODUCT_CATEGORY('Z6','Z6',(#6257));
#6087=PRODUCT_RELATED_PRODUCT_CATEGORY('Z5','Z5',(#6258));
#6088=PRODUCT_RELATED_PRODUCT_CATEGORY('Z4','Z4',(#6259));
#6089=PRODUCT_RELATED_PRODUCT_CATEGORY('Z2','Z2',(#6260));
#6090=PRODUCT_RELATED_PRODUCT_CATEGORY('2410859789440','2410859789440',
(#6261));
#6091=PRODUCT_RELATED_PRODUCT_CATEGORY('Extruded (12)','Extruded (12)',
(#6262));
#6092=PRODUCT_RELATED_PRODUCT_CATEGORY('Z1','Z1',(#6263));
#6093=PRODUCT_RELATED_PRODUCT_CATEGORY('E1','E1',(#6264));
#6094=PRODUCT_RELATED_PRODUCT_CATEGORY('label_with_logo_8x8',
'label_with_logo_8x8',(#6265));
#6095=PRODUCT_RELATED_PRODUCT_CATEGORY('label_8x8','label_8x8',(#6266));
#6096=PRODUCT_RELATED_PRODUCT_CATEGORY('logo_full_4mm','logo_full_4mm',
(#6267));
#6097=PRODUCT_RELATED_PRODUCT_CATEGORY('logo_x_4mm','logo_x_4mm',(#6268));
#6098=PRODUCT_RELATED_PRODUCT_CATEGORY('logo_o_4mm','logo_o_4mm',(#6269));
#6099=PRODUCT_RELATED_PRODUCT_CATEGORY('logo_l_4mm','logo_l_4mm',(#6270));
#6100=PRODUCT_RELATED_PRODUCT_CATEGORY('logo_b_4mm','logo_b_4mm',(#6271));
#6101=PRODUCT_RELATED_PRODUCT_CATEGORY('logo_u_4mm','logo_u_4mm',(#6272));
#6102=PRODUCT_RELATED_PRODUCT_CATEGORY('MAYA_W1_Shield_UBXH04-0000683',
'MAYA_W1_Shield_UBXH04-0000683',(#6273));
#6103=PRODUCT_RELATED_PRODUCT_CATEGORY('X1','X1',(#6274));
#6104=PRODUCT_RELATED_PRODUCT_CATEGORY('2410890683872','2410890683872',
(#6275));
#6105=PRODUCT_RELATED_PRODUCT_CATEGORY('Extruded (6)','Extruded (6)',(#6276));
#6106=PRODUCT_RELATED_PRODUCT_CATEGORY('C16','C16',(#6277));
#6107=PRODUCT_RELATED_PRODUCT_CATEGORY('L1','L1',(#6278));
#6108=PRODUCT_RELATED_PRODUCT_CATEGORY('2410859790240','2410859790240',
(#6279));
#6109=PRODUCT_RELATED_PRODUCT_CATEGORY('Extruded (3)','Extruded (3)',(#6280));
#6110=PRODUCT_RELATED_PRODUCT_CATEGORY('C3','C3',(#6281));
#6111=PRODUCT_RELATED_PRODUCT_CATEGORY('C5','C5',(#6282));
#6112=PRODUCT_RELATED_PRODUCT_CATEGORY('C7','C7',(#6283));
#6113=PRODUCT_RELATED_PRODUCT_CATEGORY('C9','C9',(#6284));
#6114=PRODUCT_RELATED_PRODUCT_CATEGORY('C2 (1)','C2 (1)',(#6285));
#6115=PRODUCT_RELATED_PRODUCT_CATEGORY('C13','C13',(#6286));
#6116=PRODUCT_RELATED_PRODUCT_CATEGORY('C12','C12',(#6287));
#6117=PRODUCT_RELATED_PRODUCT_CATEGORY('C11','C11',(#6288));
#6118=PRODUCT_RELATED_PRODUCT_CATEGORY('C14','C14',(#6289));
#6119=PRODUCT_RELATED_PRODUCT_CATEGORY('2410890683072','2410890683072',
(#6290));
#6120=PRODUCT_RELATED_PRODUCT_CATEGORY('Extruded (13)','Extruded (13)',
(#6291));
#6121=PRODUCT_RELATED_PRODUCT_CATEGORY('2410890682912','2410890682912',
(#6292));
#6122=PRODUCT_RELATED_PRODUCT_CATEGORY('Extruded (14)','Extruded (14)',
(#6293));
#6123=PRODUCT_RELATED_PRODUCT_CATEGORY('C1 (1)','C1 (1)',(#6294));
#6124=PRODUCT_RELATED_PRODUCT_CATEGORY('2410859791280','2410859791280',
(#6295));
#6125=PRODUCT_RELATED_PRODUCT_CATEGORY('Extruded (9)','Extruded (9)',(#6296));
#6126=PRODUCT_RELATED_PRODUCT_CATEGORY('C4','C4',(#6297));
#6127=PRODUCT_RELATED_PRODUCT_CATEGORY('2410859791040','2410859791040',
(#6298));
#6128=PRODUCT_RELATED_PRODUCT_CATEGORY('Extruded (2)','Extruded (2)',(#6299));
#6129=PRODUCT_RELATED_PRODUCT_CATEGORY('2410859790080','2410859790080',
(#6300));
#6130=PRODUCT_RELATED_PRODUCT_CATEGORY('Extruded (1)','Extruded (1)',(#6301));
#6131=PRODUCT_RELATED_PRODUCT_CATEGORY('R7','R7',(#6302));
#6132=PRODUCT_RELATED_PRODUCT_CATEGORY('L2','L2',(#6303));
#6133=PRODUCT_RELATED_PRODUCT_CATEGORY('RES-0402','RES-0402',(#6304));
#6134=PRODUCT_RELATED_PRODUCT_CATEGORY('U3','U3',(#6305));
#6135=PRODUCT_RELATED_PRODUCT_CATEGORY('1361943408560','1361943408560',
(#6306));
#6136=PRODUCT_RELATED_PRODUCT_CATEGORY(
'Open CASCADE STEP translator 6.8 13.1',
'Open CASCADE STEP translator 6.8 13.1',(#6307));
#6137=PRODUCT_RELATED_PRODUCT_CATEGORY('Body','Body',(#6308));
#6138=PRODUCT_RELATED_PRODUCT_CATEGORY(
'Open CASCADE STEP translator 6.8 13.2.1',
'Open CASCADE STEP translator 6.8 13.2.1',(#6309));
#6139=PRODUCT_RELATED_PRODUCT_CATEGORY('Thermal_Shape','Thermal_Shape',
(#6310));
#6140=PRODUCT_RELATED_PRODUCT_CATEGORY('Pin_Shape','Pin_Shape',(#6311));
#6141=PRODUCT_RELATED_PRODUCT_CATEGORY(
'Open CASCADE STEP translator 6.8 13.4.1',
'Open CASCADE STEP translator 6.8 13.4.1',(#6312));
#6142=PRODUCT_RELATED_PRODUCT_CATEGORY(
'Open CASCADE STEP translator 6.8 13.4.2',
'Open CASCADE STEP translator 6.8 13.4.2',(#6313));
#6143=PRODUCT_RELATED_PRODUCT_CATEGORY('R13','R13',(#6314));
#6144=PRODUCT_RELATED_PRODUCT_CATEGORY('R9','R9',(#6315));
#6145=PRODUCT_RELATED_PRODUCT_CATEGORY('R6','R6',(#6316));
#6146=PRODUCT_RELATED_PRODUCT_CATEGORY('R5','R5',(#6317));
#6147=PRODUCT_RELATED_PRODUCT_CATEGORY('R4','R4',(#6318));
#6148=PRODUCT_RELATED_PRODUCT_CATEGORY('R20','R20',(#6319));
#6149=PRODUCT_RELATED_PRODUCT_CATEGORY('R19','R19',(#6320));
#6150=PRODUCT_RELATED_PRODUCT_CATEGORY('R17','R17',(#6321));
#6151=PRODUCT_RELATED_PRODUCT_CATEGORY('R16','R16',(#6322));
#6152=PRODUCT_RELATED_PRODUCT_CATEGORY('R15','R15',(#6323));
#6153=PRODUCT_RELATED_PRODUCT_CATEGORY('R14','R14',(#6324));
#6154=PRODUCT_RELATED_PRODUCT_CATEGORY('R12','R12',(#6325));
#6155=PRODUCT_RELATED_PRODUCT_CATEGORY('R3','R3',(#6326));
#6156=PRODUCT_RELATED_PRODUCT_CATEGORY('R8','R8',(#6327));
#6157=PRODUCT_RELATED_PRODUCT_CATEGORY('Q1','Q1',(#6328));
#6158=PRODUCT_RELATED_PRODUCT_CATEGORY('SOT-523','SOT-523',(#6329));
#6159=PRODUCT_RELATED_PRODUCT_CATEGORY('DL2','DL2',(#6330));
#6160=PRODUCT_RELATED_PRODUCT_CATEGORY('C12 (1)','C12 (1)',(#6331));
#6161=PRODUCT_RELATED_PRODUCT_CATEGORY('C5 (1)','C5 (1)',(#6332));
#6162=PRODUCT_RELATED_PRODUCT_CATEGORY('C4 (1)','C4 (1)',(#6333));
#6163=PRODUCT_RELATED_PRODUCT_CATEGORY('C9 (1)','C9 (1)',(#6334));
#6164=PRODUCT_RELATED_PRODUCT_CATEGORY('C21','C21',(#6335));
#6165=PRODUCT_RELATED_PRODUCT_CATEGORY('C22','C22',(#6336));
#6166=PRODUCT_RELATED_PRODUCT_CATEGORY('C23','C23',(#6337));
#6167=PRODUCT_RELATED_PRODUCT_CATEGORY('U2','U2',(#6338));
#6168=PRODUCT_RELATED_PRODUCT_CATEGORY('1361943407520','1361943407520',
(#6339));
#6169=PRODUCT_RELATED_PRODUCT_CATEGORY(
'Open CASCADE STEP translator 6.8 19.1',
'Open CASCADE STEP translator 6.8 19.1',(#6340));
#6170=PRODUCT_RELATED_PRODUCT_CATEGORY('Body (1)','Body (1)',(#6341));
#6171=PRODUCT_RELATED_PRODUCT_CATEGORY(
'Open CASCADE STEP translator 6.8 19.2.1',
'Open CASCADE STEP translator 6.8 19.2.1',(#6342));
#6172=PRODUCT_RELATED_PRODUCT_CATEGORY('Pin_Shape (1)','Pin_Shape (1)',
(#6343));
#6173=PRODUCT_RELATED_PRODUCT_CATEGORY(
'Open CASCADE STEP translator 6.8 19.3.1',
'Open CASCADE STEP translator 6.8 19.3.1',(#6344));
#6174=PRODUCT_RELATED_PRODUCT_CATEGORY('L3','L3',(#6345));
#6175=PRODUCT_RELATED_PRODUCT_CATEGORY('1361975689312','1361975689312',
(#6346));
#6176=PRODUCT_RELATED_PRODUCT_CATEGORY('Extruded (10)','Extruded (10)',
(#6347));
#6177=PRODUCT_RELATED_PRODUCT_CATEGORY('C28','C28',(#6348));
#6178=PRODUCT_RELATED_PRODUCT_CATEGORY('CAP-0201','CAP-0201',(#6349));
#6179=PRODUCT_RELATED_PRODUCT_CATEGORY('C25','C25',(#6350));
#6180=PRODUCT_RELATED_PRODUCT_CATEGORY('C20','C20',(#6351));
#6181=PRODUCT_RELATED_PRODUCT_CATEGORY('CAP-0402','CAP-0402',(#6352));
#6182=PRODUCT_RELATED_PRODUCT_CATEGORY('C27','C27',(#6353));
#6183=PRODUCT_RELATED_PRODUCT_CATEGORY('C26','C26',(#6354));
#6184=PRODUCT_RELATED_PRODUCT_CATEGORY('C24','C24',(#6355));
#6185=PRODUCT_RELATED_PRODUCT_CATEGORY('CAP-0603','CAP-0603',(#6356));
#6186=PRODUCT_RELATED_PRODUCT_CATEGORY('R21','R21',(#6357));
#6187=PRODUCT_RELATED_PRODUCT_CATEGORY('R18','R18',(#6358));
#6188=PRODUCT_RELATED_PRODUCT_CATEGORY('D2','D2',(#6359));
#6189=PRODUCT_RELATED_PRODUCT_CATEGORY('SOD123FL','SOD123FL',(#6360));
#6190=PRODUCT_RELATED_PRODUCT_CATEGORY('8279795424','8279795424',(#6361));
#6191=PRODUCT_RELATED_PRODUCT_CATEGORY('Body (2)','Body (2)',(#6362));
#6192=PRODUCT_RELATED_PRODUCT_CATEGORY(
'Open CASCADE STEP translator 7.5 15.1.1',
'Open CASCADE STEP translator 7.5 15.1.1',(#6363));
#6193=PRODUCT_RELATED_PRODUCT_CATEGORY('lead','lead',(#6364));
#6194=PRODUCT_RELATED_PRODUCT_CATEGORY('R11','R11',(#6365));
#6195=PRODUCT_RELATED_PRODUCT_CATEGORY('R10','R10',(#6366));
#6196=PRODUCT_RELATED_PRODUCT_CATEGORY('RES-0201','RES-0201',(#6367));
#6197=PRODUCT_RELATED_PRODUCT_CATEGORY('DL1','DL1',(#6368));
#6198=PRODUCT_RELATED_PRODUCT_CATEGORY('SMLP34RGB','SMLP34RGB',(#6369));
#6199=PRODUCT_RELATED_PRODUCT_CATEGORY('DL3','DL3',(#6370));
#6200=PRODUCT_RELATED_PRODUCT_CATEGORY('HSMx-190','HSMx-190',(#6371));
#6201=PRODUCT_RELATED_PRODUCT_CATEGORY('JP1','JP1',(#6372));
#6202=PRODUCT_RELATED_PRODUCT_CATEGORY('JP2','JP2',(#6373));
#6203=PRODUCT_RELATED_PRODUCT_CATEGORY('Header _Fem_1X8',
'Header _Fem_1X8',(#6374));
#6204=PRODUCT_RELATED_PRODUCT_CATEGORY('PB1','PB1',(#6375));
#6205=PRODUCT_RELATED_PRODUCT_CATEGORY('PTS820J20KSMTRLFS',
'PTS820J20KSMTRLFS',(#6376));
#6206=PRODUCT_RELATED_PRODUCT_CATEGORY('J1','J1',(#6377));
#6207=PRODUCT_RELATED_PRODUCT_CATEGORY(
'CX90B-16P_CL0480-0755-0-00_3DDrawing_STEP_CX90B-16P_3D_48007525000_3D
_STP',
'CX90B-16P_CL0480-0755-0-00_3DDrawing_STEP_CX90B-16P_3D_48007525000_3D
_STP',(#6378));
#6208=PRODUCT_RELATED_PRODUCT_CATEGORY('CX90B-16P_3D','CX90B-16P_3D',(#6379));
#6209=PRODUCT_RELATED_PRODUCT_CATEGORY('D1','D1',(#6380));
#6210=PRODUCT_RELATED_PRODUCT_CATEGORY('PRTR5V0U2X','PRTR5V0U2X',(#6381));
#6211=PRODUCT_RELATED_PRODUCT_CATEGORY('C16 (1)','C16 (1)',(#6382));
#6212=PRODUCT_RELATED_PRODUCT_CATEGORY('CAP-0805','CAP-0805',(#6383));
#6213=APPLICATION_PROTOCOL_DEFINITION('international standard',
'automotive_design',2009,#6214);
#6214=APPLICATION_CONTEXT(
'Core Data for Automotive Mechanical Design Process');
#6215=PRODUCT_CONTEXT('part definition',#6214,'mechanical');
#6216=PRODUCT('PCB','(Non enregistr\X\E9)','Open CASCADE Model',(#6215));
#6217=PRODUCT('Board','Board',$,(#6215));
#6218=PRODUCT('Open CASCADE STEP translator 7.5 1.1.1',
'Open CASCADE STEP translator 7.5 1.1.1',$,(#6215));
#6219=PRODUCT('R22','R22',$,(#6215));
#6220=PRODUCT('R2','R2',$,(#6215));
#6221=PRODUCT('R1','R1',$,(#6215));
#6222=PRODUCT('C2','C2',$,(#6215));
#6223=PRODUCT('Y1','Y1',$,(#6215));
#6224=PRODUCT('1361975687232','1361975687232',$,(#6215));
#6225=PRODUCT('Extruded','Extruded',$,(#6215));
#6226=PRODUCT('C1','C1',$,(#6215));
#6227=PRODUCT('M1','M1',$,(#6215));
#6228=PRODUCT('NORA-W106','NORA-W106',$,(#6215));
#6229=PRODUCT('Board_1','Board (1)',$,(#6215));
#6230=PRODUCT('Open CASCADE STEP translator 6.8 1.1.1',
'Open CASCADE STEP translator 6.8 1.1.1',$,(#6215));
#6231=PRODUCT('Z3','Z3',$,(#6215));
#6232=PRODUCT('Z10','Z10',$,(#6215));
#6233=PRODUCT('Z9','Z9',$,(#6215));
#6234=PRODUCT('2410859790640','2410859790640',$,(#6215));
#6235=PRODUCT('Extruded_1','Extruded (4)',$,(#6215));
#6236=PRODUCT('2410859790400','2410859790400',$,(#6215));
#6237=PRODUCT('Extruded_2','Extruded (5)',$,(#6215));
#6238=PRODUCT('U1','U1',$,(#6215));
#6239=PRODUCT('IC_Espressif_Systems_ESP32-S2_eec',
'IC_Espressif_Systems_ESP32-S2_eec',$,(#6215));
#6240=PRODUCT('body','body',$,(#6215));
#6241=PRODUCT('pins','pins',$,(#6215));
#6242=PRODUCT('logo','logo',$,(#6215));
#6243=PRODUCT('R3','R3 (1)',$,(#6215));
#6244=PRODUCT('R2_1','R2 (1)',$,(#6215));
#6245=PRODUCT('2410890683552','2410890683552',$,(#6215));
#6246=PRODUCT('Extruded_3','Extruded (8)',$,(#6215));
#6247=PRODUCT('R1_1','R1 (1)',$,(#6215));
#6248=PRODUCT('2410890683712','2410890683712',$,(#6215));
#6249=PRODUCT('Extruded_4','Extruded (7)',$,(#6215));
#6250=PRODUCT('2410890678992','2410890678992',$,(#6215));
#6251=PRODUCT('Extruded_5','Extruded (11)',$,(#6215));
#6252=PRODUCT('C10','C10',$,(#6215));
#6253=PRODUCT('C6','C6',$,(#6215));
#6254=PRODUCT('C15','C15',$,(#6215));
#6255=PRODUCT('Z8','Z8',$,(#6215));
#6256=PRODUCT('Z7','Z7',$,(#6215));
#6257=PRODUCT('Z6','Z6',$,(#6215));
#6258=PRODUCT('Z5','Z5',$,(#6215));
#6259=PRODUCT('Z4','Z4',$,(#6215));
#6260=PRODUCT('Z2','Z2',$,(#6215));
#6261=PRODUCT('2410859789440','2410859789440',$,(#6215));
#6262=PRODUCT('Extruded_6','Extruded (12)',$,(#6215));
#6263=PRODUCT('Z1','Z1',$,(#6215));
#6264=PRODUCT('E1','E1',$,(#6215));
#6265=PRODUCT('label_with_logo_8x8','label_with_logo_8x8',$,(#6215));
#6266=PRODUCT('label_8x8','label_8x8',$,(#6215));
#6267=PRODUCT('logo_full_4mm','logo_full_4mm',$,(#6215));
#6268=PRODUCT('logo_x_4mm','logo_x_4mm',$,(#6215));
#6269=PRODUCT('logo_o_4mm','logo_o_4mm',$,(#6215));
#6270=PRODUCT('logo_l_4mm','logo_l_4mm',$,(#6215));
#6271=PRODUCT('logo_b_4mm','logo_b_4mm',$,(#6215));
#6272=PRODUCT('logo_u_4mm','logo_u_4mm',$,(#6215));
#6273=PRODUCT('MAYA_W1_Shield_UBXH04-0000683',
'MAYA_W1_Shield_UBXH04-0000683',$,(#6215));
#6274=PRODUCT('X1','X1',$,(#6215));
#6275=PRODUCT('2410890683872','2410890683872',$,(#6215));
#6276=PRODUCT('Extruded_7','Extruded (6)',$,(#6215));
#6277=PRODUCT('C16','C16',$,(#6215));
#6278=PRODUCT('L1','L1',$,(#6215));
#6279=PRODUCT('2410859790240','2410859790240',$,(#6215));
#6280=PRODUCT('Extruded_8','Extruded (3)',$,(#6215));
#6281=PRODUCT('C3','C3',$,(#6215));
#6282=PRODUCT('C5','C5',$,(#6215));
#6283=PRODUCT('C7','C7',$,(#6215));
#6284=PRODUCT('C9','C9',$,(#6215));
#6285=PRODUCT('C2_1','C2 (1)',$,(#6215));
#6286=PRODUCT('C13','C13',$,(#6215));
#6287=PRODUCT('C12','C12',$,(#6215));
#6288=PRODUCT('C11','C11',$,(#6215));
#6289=PRODUCT('C14','C14',$,(#6215));
#6290=PRODUCT('2410890683072','2410890683072',$,(#6215));
#6291=PRODUCT('Extruded_9','Extruded (13)',$,(#6215));
#6292=PRODUCT('2410890682912','2410890682912',$,(#6215));
#6293=PRODUCT('Extruded_10','Extruded (14)',$,(#6215));
#6294=PRODUCT('C1_1','C1 (1)',$,(#6215));
#6295=PRODUCT('2410859791280','2410859791280',$,(#6215));
#6296=PRODUCT('Extruded_11','Extruded (9)',$,(#6215));
#6297=PRODUCT('C4','C4',$,(#6215));
#6298=PRODUCT('2410859791040','2410859791040',$,(#6215));
#6299=PRODUCT('Extruded_12','Extruded (2)',$,(#6215));
#6300=PRODUCT('2410859790080','2410859790080',$,(#6215));
#6301=PRODUCT('Extruded_13','Extruded (1)',$,(#6215));
#6302=PRODUCT('R7','R7',$,(#6215));
#6303=PRODUCT('L2','L2',$,(#6215));
#6304=PRODUCT('RES-0402','RES-0402',$,(#6215));
#6305=PRODUCT('U3','U3',$,(#6215));
#6306=PRODUCT('1361943408560','1361943408560',$,(#6215));
#6307=PRODUCT('Open CASCADE STEP translator 6.8 13.1',
'Open CASCADE STEP translator 6.8 13.1',$,(#6215));
#6308=PRODUCT('Body_1','Body',$,(#6215));
#6309=PRODUCT('Open CASCADE STEP translator 6.8 13.2.1',
'Open CASCADE STEP translator 6.8 13.2.1',$,(#6215));
#6310=PRODUCT('Thermal_Shape','Thermal_Shape',$,(#6215));
#6311=PRODUCT('Pin_Shape','Pin_Shape',$,(#6215));
#6312=PRODUCT('Open CASCADE STEP translator 6.8 13.4.1',
'Open CASCADE STEP translator 6.8 13.4.1',$,(#6215));
#6313=PRODUCT('Open CASCADE STEP translator 6.8 13.4.2',
'Open CASCADE STEP translator 6.8 13.4.2',$,(#6215));
#6314=PRODUCT('R13','R13',$,(#6215));
#6315=PRODUCT('R9','R9',$,(#6215));
#6316=PRODUCT('R6','R6',$,(#6215));
#6317=PRODUCT('R5','R5',$,(#6215));
#6318=PRODUCT('R4','R4',$,(#6215));
#6319=PRODUCT('R20','R20',$,(#6215));
#6320=PRODUCT('R19','R19',$,(#6215));
#6321=PRODUCT('R17','R17',$,(#6215));
#6322=PRODUCT('R16','R16',$,(#6215));
#6323=PRODUCT('R15','R15',$,(#6215));
#6324=PRODUCT('R14','R14',$,(#6215));
#6325=PRODUCT('R12','R12',$,(#6215));
#6326=PRODUCT('R3_1','R3',$,(#6215));
#6327=PRODUCT('R8','R8',$,(#6215));
#6328=PRODUCT('Q1','Q1',$,(#6215));
#6329=PRODUCT('SOT-523','SOT-523',$,(#6215));
#6330=PRODUCT('DL2','DL2',$,(#6215));
#6331=PRODUCT('C12_1','C12 (1)',$,(#6215));
#6332=PRODUCT('C5_1','C5 (1)',$,(#6215));
#6333=PRODUCT('C4_1','C4 (1)',$,(#6215));
#6334=PRODUCT('C9_1','C9 (1)',$,(#6215));
#6335=PRODUCT('C21','C21',$,(#6215));
#6336=PRODUCT('C22','C22',$,(#6215));
#6337=PRODUCT('C23','C23',$,(#6215));
#6338=PRODUCT('U2','U2',$,(#6215));
#6339=PRODUCT('1361943407520','1361943407520',$,(#6215));
#6340=PRODUCT('Open CASCADE STEP translator 6.8 19.1',
'Open CASCADE STEP translator 6.8 19.1',$,(#6215));
#6341=PRODUCT('Body_2','Body (1)',$,(#6215));
#6342=PRODUCT('Open CASCADE STEP translator 6.8 19.2.1',
'Open CASCADE STEP translator 6.8 19.2.1',$,(#6215));
#6343=PRODUCT('Pin_Shape_1','Pin_Shape (1)',$,(#6215));
#6344=PRODUCT('Open CASCADE STEP translator 6.8 19.3.1',
'Open CASCADE STEP translator 6.8 19.3.1',$,(#6215));
#6345=PRODUCT('L3','L3',$,(#6215));
#6346=PRODUCT('1361975689312','1361975689312',$,(#6215));
#6347=PRODUCT('Extruded_14','Extruded (10)',$,(#6215));
#6348=PRODUCT('C28','C28',$,(#6215));
#6349=PRODUCT('CAP-0201','CAP-0201',$,(#6215));
#6350=PRODUCT('C25','C25',$,(#6215));
#6351=PRODUCT('C20','C20',$,(#6215));
#6352=PRODUCT('CAP-0402','CAP-0402',$,(#6215));
#6353=PRODUCT('C27','C27',$,(#6215));
#6354=PRODUCT('C26','C26',$,(#6215));
#6355=PRODUCT('C24','C24',$,(#6215));
#6356=PRODUCT('CAP-0603','CAP-0603',$,(#6215));
#6357=PRODUCT('R21','R21',$,(#6215));
#6358=PRODUCT('R18','R18',$,(#6215));
#6359=PRODUCT('D2','D2',$,(#6215));
#6360=PRODUCT('SOD123FL','SOD123FL',$,(#6215));
#6361=PRODUCT('8279795424','8279795424',$,(#6215));
#6362=PRODUCT('Body_3','Body (2)',$,(#6215));
#6363=PRODUCT('Open CASCADE STEP translator 7.5 15.1.1',
'Open CASCADE STEP translator 7.5 15.1.1',$,(#6215));
#6364=PRODUCT('lead','lead',$,(#6215));
#6365=PRODUCT('R11','R11',$,(#6215));
#6366=PRODUCT('R10','R10',$,(#6215));
#6367=PRODUCT('RES-0201','RES-0201',$,(#6215));
#6368=PRODUCT('DL1','DL1',$,(#6215));
#6369=PRODUCT('SMLP34RGB','SMLP34RGB',$,(#6215));
#6370=PRODUCT('DL3','DL3',$,(#6215));
#6371=PRODUCT('HSMx-190','HSMx-190',$,(#6215));
#6372=PRODUCT('JP1','JP1',$,(#6215));
#6373=PRODUCT('JP2','JP2',$,(#6215));
#6374=PRODUCT('Header _Fem_1X8','Header _Fem_1X8',$,(#6215));
#6375=PRODUCT('PB1','PB1',$,(#6215));
#6376=PRODUCT('PTS820J20KSMTRLFS','PTS820J20KSMTRLFS',$,(#6215));
#6377=PRODUCT('J1','J1',$,(#6215));
#6378=PRODUCT(
'CX90B-16P_CL0480-0755-0-00_3DDrawing_STEP_CX90B-16P_3D_48007525000_3D
_STP',
'CX90B-16P_CL0480-0755-0-00_3DDrawing_STEP_CX90B-16P_3D_48007525000_3D
_STP',$,(#6215));
#6379=PRODUCT('CX90B-16P_3D','CX90B-16P_3D',$,(#6215));
#6380=PRODUCT('D1','D1',$,(#6215));
#6381=PRODUCT('PRTR5V0U2X','PRTR5V0U2X',$,(#6215));
#6382=PRODUCT('C16_1','C16 (1)',$,(#6215));
#6383=PRODUCT('CAP-0805','CAP-0805',$,(#6215));
#6384=PRESENTATION_STYLE_ASSIGNMENT((#6385));
#6385=SURFACE_STYLE_USAGE(.BOTH.,#6386);
#6386=SURFACE_SIDE_STYLE('',(#6387));
#6387=SURFACE_STYLE_FILL_AREA(#6388);
#6388=FILL_AREA_STYLE('Acier - Satin\X\E9',(#6389));
#6389=FILL_AREA_STYLE_COLOUR('Acier - Satin\X\E9',#6390);
#6390=COLOUR_RGB('Acier - Satin\X\E9',0.627450980392157,0.627450980392157,
0.627450980392157);
ENDSEC;
END-ISO-10303-21;
