ISO-10303-21;
HEADER;
/* Generated by software containing ST-Developer
 * from STEP Tools, Inc. (www.steptools.com) 
 */

FILE_DESCRIPTION(
/* description */ ('Open CASCADE Model'),
/* implementation_level */ '2;1');

FILE_NAME(
/* name */ 'BoitierRBdown.step',
/* time_stamp */ '2026-10-06T13:19:01+02:00',
/* author */ (''),
/* organization */ (''),
/* preprocessor_version */ 'ST-DEVELOPER v20.2',
/* originating_system */ 'Autodesk Translation Framework v15.15.0.0',
/* authorisation */ '');

FILE_SCHEMA (('AUTOMOTIVE_DESIGN { 1 0 10303 214 3 1 1 }'));
ENDSEC;

DATA;
#10=MECHANICAL_DESIGN_GEOMETRIC_PRESENTATION_REPRESENTATION('',(#13),#4918);
#11=SHAPE_REPRESENTATION_RELATIONSHIP('SRR','None',#5553,#12);
#12=ADVANCED_BREP_SHAPE_REPRESENTATION('',(#14),#4750);
#13=STYLED_ITEM('',(#6397),#14);
#14=MANIFOLD_SOLID_BREP('Corps1',#517);
#15=(
BOUNDED_SURFACE()
B_SPLINE_SURFACE(2,1,((#4438,#4439),(#4440,#4441),(#4442,#4443)),
 .UNSPECIFIED.,.F.,.F.,.F.)
B_SPLINE_SURFACE_WITH_KNOTS((3,3),(2,2),(-0.258940150114084,0.),(0.,3.),
 .UNSPECIFIED.)
GEOMETRIC_REPRESENTATION_ITEM()
RATIONAL_B_SPLINE_SURFACE(((1.,1.),(2.33333333333333,2.33333333333333),
(1.,1.)))
REPRESENTATION_ITEM('')
SURFACE()
);
#16=(
BOUNDED_SURFACE()
B_SPLINE_SURFACE(2,1,((#4449,#4450),(#4451,#4452),(#4453,#4454)),
 .UNSPECIFIED.,.F.,.F.,.F.)
B_SPLINE_SURFACE_WITH_KNOTS((3,3),(2,2),(0.,0.25894011331583),(0.,3.),
 .UNSPECIFIED.)
GEOMETRIC_REPRESENTATION_ITEM()
RATIONAL_B_SPLINE_SURFACE(((1.,1.),(2.33333333333333,2.33333333333333),
(1.,1.)))
REPRESENTATION_ITEM('')
SURFACE()
);
#17=(
BOUNDED_SURFACE()
B_SPLINE_SURFACE(2,1,((#4462,#4463),(#4464,#4465),(#4466,#4467)),
 .UNSPECIFIED.,.F.,.F.,.F.)
B_SPLINE_SURFACE_WITH_KNOTS((3,3),(2,2),(0.,0.258940150114085),(0.,3.),
 .UNSPECIFIED.)
GEOMETRIC_REPRESENTATION_ITEM()
RATIONAL_B_SPLINE_SURFACE(((1.,1.),(2.33333333333333,2.33333333333333),
(1.,1.)))
REPRESENTATION_ITEM('')
SURFACE()
);
#18=(
BOUNDED_SURFACE()
B_SPLINE_SURFACE(2,1,((#4473,#4474),(#4475,#4476),(#4477,#4478)),
 .UNSPECIFIED.,.F.,.F.,.F.)
B_SPLINE_SURFACE_WITH_KNOTS((3,3),(2,2),(-0.25894011331583,0.),(0.,3.),
 .UNSPECIFIED.)
GEOMETRIC_REPRESENTATION_ITEM()
RATIONAL_B_SPLINE_SURFACE(((1.,1.),(2.33333333333333,2.33333333333333),
(1.,1.)))
REPRESENTATION_ITEM('')
SURFACE()
);
#19=(
BOUNDED_SURFACE()
B_SPLINE_SURFACE(2,1,((#4492,#4493),(#4494,#4495),(#4496,#4497)),
 .UNSPECIFIED.,.F.,.F.,.F.)
B_SPLINE_SURFACE_WITH_KNOTS((3,3),(2,2),(-0.0936375971927936,0.),(-0.05,
0.1),.UNSPECIFIED.)
GEOMETRIC_REPRESENTATION_ITEM()
RATIONAL_B_SPLINE_SURFACE(((1.,1.),(2.33333333333333,2.33333333333333),
(1.,1.)))
REPRESENTATION_ITEM('')
SURFACE()
);
#20=(
BOUNDED_SURFACE()
B_SPLINE_SURFACE(2,1,((#4501,#4502),(#4503,#4504),(#4505,#4506)),
 .UNSPECIFIED.,.F.,.F.,.F.)
B_SPLINE_SURFACE_WITH_KNOTS((3,3),(2,2),(0.,0.0511181842462158),(-0.05,
0.1),.UNSPECIFIED.)
GEOMETRIC_REPRESENTATION_ITEM()
RATIONAL_B_SPLINE_SURFACE(((1.,1.),(2.33333333333333,2.33333333333333),
(1.,1.)))
REPRESENTATION_ITEM('')
SURFACE()
);
#21=(
BOUNDED_SURFACE()
B_SPLINE_SURFACE(2,1,((#4511,#4512),(#4513,#4514),(#4515,#4516)),
 .UNSPECIFIED.,.F.,.F.,.F.)
B_SPLINE_SURFACE_WITH_KNOTS((3,3),(2,2),(-0.0511181842462158,0.),(-0.05,
0.1),.UNSPECIFIED.)
GEOMETRIC_REPRESENTATION_ITEM()
RATIONAL_B_SPLINE_SURFACE(((1.,1.),(2.33333333333333,2.33333333333333),
(1.,1.)))
REPRESENTATION_ITEM('')
SURFACE()
);
#22=(
BOUNDED_SURFACE()
B_SPLINE_SURFACE(2,1,((#4517,#4518),(#4519,#4520),(#4521,#4522)),
 .UNSPECIFIED.,.F.,.F.,.F.)
B_SPLINE_SURFACE_WITH_KNOTS((3,3),(2,2),(-0.0936375971927936,0.),(-0.05,
0.1),.UNSPECIFIED.)
GEOMETRIC_REPRESENTATION_ITEM()
RATIONAL_B_SPLINE_SURFACE(((1.,1.),(2.33333333333333,2.33333333333333),
(1.,1.)))
REPRESENTATION_ITEM('')
SURFACE()
);
#23=(
BOUNDED_CURVE()
B_SPLINE_CURVE(2,(#4390,#4391,#4392),.UNSPECIFIED.,.F.,.F.)
B_SPLINE_CURVE_WITH_KNOTS((3,3),(-0.0936375971927936,0.),.UNSPECIFIED.)
CURVE()
GEOMETRIC_REPRESENTATION_ITEM()
RATIONAL_B_SPLINE_CURVE((1.,2.33333333333333,1.))
REPRESENTATION_ITEM('')
);
#24=(
BOUNDED_CURVE()
B_SPLINE_CURVE(2,(#4396,#4397,#4398),.UNSPECIFIED.,.F.,.F.)
B_SPLINE_CURVE_WITH_KNOTS((3,3),(-0.0936375971927936,0.),.UNSPECIFIED.)
CURVE()
GEOMETRIC_REPRESENTATION_ITEM()
RATIONAL_B_SPLINE_CURVE((1.,2.33333333333333,1.))
REPRESENTATION_ITEM('')
);
#25=(
BOUNDED_CURVE()
B_SPLINE_CURVE(2,(#4402,#4403,#4404),.UNSPECIFIED.,.F.,.F.)
B_SPLINE_CURVE_WITH_KNOTS((3,3),(0.,0.0511181842462158),.UNSPECIFIED.)
CURVE()
GEOMETRIC_REPRESENTATION_ITEM()
RATIONAL_B_SPLINE_CURVE((1.,2.33333333333333,1.))
REPRESENTATION_ITEM('')
);
#26=(
BOUNDED_CURVE()
B_SPLINE_CURVE(2,(#4407,#4408,#4409),.UNSPECIFIED.,.F.,.F.)
B_SPLINE_CURVE_WITH_KNOTS((3,3),(-0.0511181842462158,0.),.UNSPECIFIED.)
CURVE()
GEOMETRIC_REPRESENTATION_ITEM()
RATIONAL_B_SPLINE_CURVE((1.,2.33333333333333,1.))
REPRESENTATION_ITEM('')
);
#27=(
BOUNDED_CURVE()
B_SPLINE_CURVE(2,(#4421,#4422,#4423),.UNSPECIFIED.,.F.,.F.)
B_SPLINE_CURVE_WITH_KNOTS((3,3),(-0.0511181842462158,0.),.UNSPECIFIED.)
CURVE()
GEOMETRIC_REPRESENTATION_ITEM()
RATIONAL_B_SPLINE_CURVE((1.,2.33333333333333,1.))
REPRESENTATION_ITEM('')
);
#28=(
BOUNDED_CURVE()
B_SPLINE_CURVE(2,(#4427,#4428,#4429),.UNSPECIFIED.,.F.,.F.)
B_SPLINE_CURVE_WITH_KNOTS((3,3),(0.,0.0936375971927936),.UNSPECIFIED.)
CURVE()
GEOMETRIC_REPRESENTATION_ITEM()
RATIONAL_B_SPLINE_CURVE((1.,2.33333333333333,1.))
REPRESENTATION_ITEM('')
);
#29=(
BOUNDED_CURVE()
B_SPLINE_CURVE(2,(#4432,#4433,#4434),.UNSPECIFIED.,.F.,.F.)
B_SPLINE_CURVE_WITH_KNOTS((3,3),(0.,0.0936375971927936),.UNSPECIFIED.)
CURVE()
GEOMETRIC_REPRESENTATION_ITEM()
RATIONAL_B_SPLINE_CURVE((1.,2.33333333333333,1.))
REPRESENTATION_ITEM('')
);
#30=(
BOUNDED_CURVE()
B_SPLINE_CURVE(2,(#4435,#4436,#4437),.UNSPECIFIED.,.F.,.F.)
B_SPLINE_CURVE_WITH_KNOTS((3,3),(0.,0.0511181842462158),.UNSPECIFIED.)
CURVE()
GEOMETRIC_REPRESENTATION_ITEM()
RATIONAL_B_SPLINE_CURVE((1.,2.33333333333333,1.))
REPRESENTATION_ITEM('')
);
#31=(
BOUNDED_CURVE()
B_SPLINE_CURVE(2,(#4445,#4446,#4447),.UNSPECIFIED.,.F.,.F.)
B_SPLINE_CURVE_WITH_KNOTS((3,3),(0.,0.258940150114084),.UNSPECIFIED.)
CURVE()
GEOMETRIC_REPRESENTATION_ITEM()
RATIONAL_B_SPLINE_CURVE((1.,2.33333333333333,1.))
REPRESENTATION_ITEM('')
);
#32=(
BOUNDED_CURVE()
B_SPLINE_CURVE(2,(#4458,#4459,#4460),.UNSPECIFIED.,.F.,.F.)
B_SPLINE_CURVE_WITH_KNOTS((3,3),(0.,0.25894011331583),.UNSPECIFIED.)
CURVE()
GEOMETRIC_REPRESENTATION_ITEM()
RATIONAL_B_SPLINE_CURVE((1.,2.33333333333333,1.))
REPRESENTATION_ITEM('')
);
#33=(
BOUNDED_CURVE()
B_SPLINE_CURVE(2,(#4470,#4471,#4472),.UNSPECIFIED.,.F.,.F.)
B_SPLINE_CURVE_WITH_KNOTS((3,3),(0.,0.258940150114085),.UNSPECIFIED.)
CURVE()
GEOMETRIC_REPRESENTATION_ITEM()
RATIONAL_B_SPLINE_CURVE((1.,2.33333333333333,1.))
REPRESENTATION_ITEM('')
);
#34=(
BOUNDED_CURVE()
B_SPLINE_CURVE(2,(#4482,#4483,#4484),.UNSPECIFIED.,.F.,.F.)
B_SPLINE_CURVE_WITH_KNOTS((3,3),(0.,0.25894011331583),.UNSPECIFIED.)
CURVE()
GEOMETRIC_REPRESENTATION_ITEM()
RATIONAL_B_SPLINE_CURVE((1.,2.33333333333333,1.))
REPRESENTATION_ITEM('')
);
#35=FACE_BOUND('',#85,.T.);
#36=FACE_BOUND('',#91,.T.);
#37=FACE_BOUND('',#94,.T.);
#38=PLANE('',#2652);
#39=PLANE('',#2653);
#40=PLANE('',#2654);
#41=PLANE('',#2655);
#42=PLANE('',#2656);
#43=PLANE('',#2657);
#44=PLANE('',#2658);
#45=PLANE('',#2659);
#46=PLANE('',#2660);
#47=PLANE('',#2661);
#48=PLANE('',#2662);
#49=PLANE('',#2663);
#50=PLANE('',#2664);
#51=PLANE('',#2665);
#52=PLANE('',#2666);
#53=FACE_OUTER_BOUND('',#80,.T.);
#54=FACE_OUTER_BOUND('',#81,.T.);
#55=FACE_OUTER_BOUND('',#82,.T.);
#56=FACE_OUTER_BOUND('',#83,.T.);
#57=FACE_OUTER_BOUND('',#84,.T.);
#58=FACE_OUTER_BOUND('',#86,.T.);
#59=FACE_OUTER_BOUND('',#87,.T.);
#60=FACE_OUTER_BOUND('',#88,.T.);
#61=FACE_OUTER_BOUND('',#89,.T.);
#62=FACE_OUTER_BOUND('',#90,.T.);
#63=FACE_OUTER_BOUND('',#92,.T.);
#64=FACE_OUTER_BOUND('',#93,.T.);
#65=FACE_OUTER_BOUND('',#95,.T.);
#66=FACE_OUTER_BOUND('',#96,.T.);
#67=FACE_OUTER_BOUND('',#97,.T.);
#68=FACE_OUTER_BOUND('',#98,.T.);
#69=FACE_OUTER_BOUND('',#99,.T.);
#70=FACE_OUTER_BOUND('',#100,.T.);
#71=FACE_OUTER_BOUND('',#101,.T.);
#72=FACE_OUTER_BOUND('',#102,.T.);
#73=FACE_OUTER_BOUND('',#103,.T.);
#74=FACE_OUTER_BOUND('',#104,.T.);
#75=FACE_OUTER_BOUND('',#105,.T.);
#76=FACE_OUTER_BOUND('',#106,.T.);
#77=FACE_OUTER_BOUND('',#107,.T.);
#78=FACE_OUTER_BOUND('',#108,.T.);
#79=FACE_OUTER_BOUND('',#109,.T.);
#80=EDGE_LOOP('',(#342,#343,#344,#345));
#81=EDGE_LOOP('',(#346,#347,#348,#349));
#82=EDGE_LOOP('',(#350,#351,#352,#353));
#83=EDGE_LOOP('',(#354,#355,#356,#357));
#84=EDGE_LOOP('',(#358,#359,#360,#361,#362,#363,#364,#365));
#85=EDGE_LOOP('',(#366,#367,#368,#369));
#86=EDGE_LOOP('',(#370,#371,#372,#373));
#87=EDGE_LOOP('',(#374,#375,#376,#377));
#88=EDGE_LOOP('',(#378,#379,#380,#381));
#89=EDGE_LOOP('',(#382,#383,#384,#385));
#90=EDGE_LOOP('',(#386,#387,#388,#389));
#91=EDGE_LOOP('',(#390,#391,#392,#393,#394,#395,#396,#397));
#92=EDGE_LOOP('',(#398,#399,#400,#401));
#93=EDGE_LOOP('',(#402,#403,#404,#405,#406,#407));
#94=EDGE_LOOP('',(#408,#409,#410,#411,#412,#413,#414,#415));
#95=EDGE_LOOP('',(#416,#417,#418,#419));
#96=EDGE_LOOP('',(#420,#421,#422,#423));
#97=EDGE_LOOP('',(#424,#425,#426,#427));
#98=EDGE_LOOP('',(#428,#429,#430,#431));
#99=EDGE_LOOP('',(#432,#433,#434,#435,#436,#437));
#100=EDGE_LOOP('',(#438,#439,#440,#441,#442,#443));
#101=EDGE_LOOP('',(#444,#445,#446,#447,#448,#449));
#102=EDGE_LOOP('',(#450,#451,#452,#453));
#103=EDGE_LOOP('',(#454,#455,#456,#457));
#104=EDGE_LOOP('',(#458,#459,#460,#461));
#105=EDGE_LOOP('',(#462,#463,#464,#465));
#106=EDGE_LOOP('',(#466,#467,#468,#469));
#107=EDGE_LOOP('',(#470,#471,#472,#473));
#108=EDGE_LOOP('',(#474,#475,#476,#477,#478,#479,#480,#481));
#109=EDGE_LOOP('',(#482,#483,#484,#485));
#110=LINE('',#4174,#162);
#111=LINE('',#4188,#163);
#112=LINE('',#4228,#164);
#113=LINE('',#4242,#165);
#114=LINE('',#4282,#166);
#115=LINE('',#4296,#167);
#116=LINE('',#4336,#168);
#117=LINE('',#4350,#169);
#118=LINE('',#4352,#170);
#119=LINE('',#4353,#171);
#120=LINE('',#4354,#172);
#121=LINE('',#4355,#173);
#122=LINE('',#4358,#174);
#123=LINE('',#4360,#175);
#124=LINE('',#4362,#176);
#125=LINE('',#4363,#177);
#126=LINE('',#4367,#178);
#127=LINE('',#4368,#179);
#128=LINE('',#4369,#180);
#129=LINE('',#4372,#181);
#130=LINE('',#4373,#182);
#131=LINE('',#4376,#183);
#132=LINE('',#4377,#184);
#133=LINE('',#4381,#185);
#134=LINE('',#4383,#186);
#135=LINE('',#4385,#187);
#136=LINE('',#4386,#188);
#137=LINE('',#4388,#189);
#138=LINE('',#4394,#190);
#139=LINE('',#4400,#191);
#140=LINE('',#4406,#192);
#141=LINE('',#4413,#193);
#142=LINE('',#4415,#194);
#143=LINE('',#4416,#195);
#144=LINE('',#4419,#196);
#145=LINE('',#4425,#197);
#146=LINE('',#4431,#198);
#147=LINE('',#4448,#199);
#148=LINE('',#4456,#200);
#149=LINE('',#4461,#201);
#150=LINE('',#4469,#202);
#151=LINE('',#4480,#203);
#152=LINE('',#4485,#204);
#153=LINE('',#4487,#205);
#154=LINE('',#4489,#206);
#155=LINE('',#4491,#207);
#156=LINE('',#4498,#208);
#157=LINE('',#4500,#209);
#158=LINE('',#4507,#210);
#159=LINE('',#4508,#211);
#160=LINE('',#4510,#212);
#161=LINE('',#4523,#213);
#162=VECTOR('',#3536,10.);
#163=VECTOR('',#3537,10.);
#164=VECTOR('',#3538,10.);
#165=VECTOR('',#3539,10.);
#166=VECTOR('',#3540,10.);
#167=VECTOR('',#3541,10.);
#168=VECTOR('',#3542,10.);
#169=VECTOR('',#3543,10.);
#170=VECTOR('',#3546,10.);
#171=VECTOR('',#3547,10.);
#172=VECTOR('',#3548,10.);
#173=VECTOR('',#3549,10.);
#174=VECTOR('',#3550,10.);
#175=VECTOR('',#3551,10.);
#176=VECTOR('',#3552,10.);
#177=VECTOR('',#3553,10.);
#178=VECTOR('',#3556,10.);
#179=VECTOR('',#3557,10.);
#180=VECTOR('',#3558,10.);
#181=VECTOR('',#3561,10.);
#182=VECTOR('',#3562,10.);
#183=VECTOR('',#3565,10.);
#184=VECTOR('',#3566,10.);
#185=VECTOR('',#3569,10.);
#186=VECTOR('',#3570,10.);
#187=VECTOR('',#3571,10.);
#188=VECTOR('',#3572,10.);
#189=VECTOR('',#3575,10.);
#190=VECTOR('',#3576,10.);
#191=VECTOR('',#3577,10.);
#192=VECTOR('',#3578,10.);
#193=VECTOR('',#3583,10.);
#194=VECTOR('',#3584,10.);
#195=VECTOR('',#3585,10.);
#196=VECTOR('',#3586,10.);
#197=VECTOR('',#3587,10.);
#198=VECTOR('',#3588,10.);
#199=VECTOR('',#3589,10.);
#200=VECTOR('',#3590,10.);
#201=VECTOR('',#3591,10.);
#202=VECTOR('',#3592,10.);
#203=VECTOR('',#3593,10.);
#204=VECTOR('',#3594,10.);
#205=VECTOR('',#3597,10.);
#206=VECTOR('',#3600,10.);
#207=VECTOR('',#3603,10.);
#208=VECTOR('',#3604,10.);
#209=VECTOR('',#3607,10.);
#210=VECTOR('',#3608,10.);
#211=VECTOR('',#3609,10.);
#212=VECTOR('',#3612,10.);
#213=VECTOR('',#3613,10.);
#214=B_SPLINE_CURVE_WITH_KNOTS('',3,(#4161,#4162,#4163,#4164,#4165,#4166,
#4167,#4168,#4169,#4170,#4171,#4172),.UNSPECIFIED.,.F.,.F.,(4,2,2,2,2,4),
(0.,0.137702282085078,0.21356110748084,0.274533442093571,0.338473577638865,
0.489103838364131),.UNSPECIFIED.);
#215=B_SPLINE_CURVE_WITH_KNOTS('',3,(#4176,#4177,#4178,#4179,#4180,#4181,
#4182,#4183,#4184,#4185,#4186,#4187),.UNSPECIFIED.,.F.,.F.,(4,2,2,2,2,4),
(0.,0.137702282085078,0.21356110748084,0.274533442093571,0.338473577638865,
0.489103838364131),.UNSPECIFIED.);
#216=B_SPLINE_CURVE_WITH_KNOTS('',3,(#4215,#4216,#4217,#4218,#4219,#4220,
#4221,#4222,#4223,#4224,#4225,#4226),.UNSPECIFIED.,.F.,.F.,(4,2,2,2,2,4),
(0.,0.137702345838096,0.213561191819147,0.274533518903298,0.338473613850906,
0.489103982456569),.UNSPECIFIED.);
#217=B_SPLINE_CURVE_WITH_KNOTS('',3,(#4230,#4231,#4232,#4233,#4234,#4235,
#4236,#4237,#4238,#4239,#4240,#4241),.UNSPECIFIED.,.F.,.F.,(4,2,2,2,2,4),
(0.,0.137702345838096,0.213561191819147,0.274533518903298,0.338473613850906,
0.489103982456569),.UNSPECIFIED.);
#218=B_SPLINE_CURVE_WITH_KNOTS('',3,(#4269,#4270,#4271,#4272,#4273,#4274,
#4275,#4276,#4277,#4278,#4279,#4280),.UNSPECIFIED.,.F.,.F.,(4,2,2,2,2,4),
(0.,0.137702341648745,0.213561186518542,0.274533512717714,0.338473606778035,
0.489103975376948),.UNSPECIFIED.);
#219=B_SPLINE_CURVE_WITH_KNOTS('',3,(#4284,#4285,#4286,#4287,#4288,#4289,
#4290,#4291,#4292,#4293,#4294,#4295),.UNSPECIFIED.,.F.,.F.,(4,2,2,2,2,4),
(0.,0.137702341648745,0.213561186518542,0.274533512717714,0.338473606778035,
0.489103975376948),.UNSPECIFIED.);
#220=B_SPLINE_CURVE_WITH_KNOTS('',3,(#4323,#4324,#4325,#4326,#4327,#4328,
#4329,#4330,#4331,#4332,#4333,#4334),.UNSPECIFIED.,.F.,.F.,(4,2,2,2,2,4),
(0.,0.137702407763478,0.213561266480783,0.274533627618312,0.338473789781653,
0.489104050767807),.UNSPECIFIED.);
#221=B_SPLINE_CURVE_WITH_KNOTS('',3,(#4338,#4339,#4340,#4341,#4342,#4343,
#4344,#4345,#4346,#4347,#4348,#4349),.UNSPECIFIED.,.F.,.F.,(4,2,2,2,2,4),
(0.,0.137702407763478,0.213561266480783,0.274533627618312,0.338473789781653,
0.489104050767807),.UNSPECIFIED.);
#222=VERTEX_POINT('',#4159);
#223=VERTEX_POINT('',#4160);
#224=VERTEX_POINT('',#4173);
#225=VERTEX_POINT('',#4175);
#226=VERTEX_POINT('',#4213);
#227=VERTEX_POINT('',#4214);
#228=VERTEX_POINT('',#4227);
#229=VERTEX_POINT('',#4229);
#230=VERTEX_POINT('',#4267);
#231=VERTEX_POINT('',#4268);
#232=VERTEX_POINT('',#4281);
#233=VERTEX_POINT('',#4283);
#234=VERTEX_POINT('',#4321);
#235=VERTEX_POINT('',#4322);
#236=VERTEX_POINT('',#4335);
#237=VERTEX_POINT('',#4337);
#238=VERTEX_POINT('',#4356);
#239=VERTEX_POINT('',#4357);
#240=VERTEX_POINT('',#4359);
#241=VERTEX_POINT('',#4361);
#242=VERTEX_POINT('',#4365);
#243=VERTEX_POINT('',#4366);
#244=VERTEX_POINT('',#4371);
#245=VERTEX_POINT('',#4375);
#246=VERTEX_POINT('',#4379);
#247=VERTEX_POINT('',#4380);
#248=VERTEX_POINT('',#4382);
#249=VERTEX_POINT('',#4384);
#250=VERTEX_POINT('',#4389);
#251=VERTEX_POINT('',#4393);
#252=VERTEX_POINT('',#4395);
#253=VERTEX_POINT('',#4399);
#254=VERTEX_POINT('',#4401);
#255=VERTEX_POINT('',#4405);
#256=VERTEX_POINT('',#4412);
#257=VERTEX_POINT('',#4414);
#258=VERTEX_POINT('',#4417);
#259=VERTEX_POINT('',#4418);
#260=VERTEX_POINT('',#4420);
#261=VERTEX_POINT('',#4424);
#262=VERTEX_POINT('',#4426);
#263=VERTEX_POINT('',#4430);
#264=VERTEX_POINT('',#4444);
#265=VERTEX_POINT('',#4455);
#266=VERTEX_POINT('',#4457);
#267=VERTEX_POINT('',#4468);
#268=VERTEX_POINT('',#4479);
#269=VERTEX_POINT('',#4481);
#270=EDGE_CURVE('',#222,#223,#214,.T.);
#271=EDGE_CURVE('',#223,#224,#110,.T.);
#272=EDGE_CURVE('',#225,#224,#215,.T.);
#273=EDGE_CURVE('',#222,#225,#111,.T.);
#274=EDGE_CURVE('',#226,#227,#216,.T.);
#275=EDGE_CURVE('',#227,#228,#112,.T.);
#276=EDGE_CURVE('',#229,#228,#217,.T.);
#277=EDGE_CURVE('',#226,#229,#113,.T.);
#278=EDGE_CURVE('',#230,#231,#218,.T.);
#279=EDGE_CURVE('',#231,#232,#114,.T.);
#280=EDGE_CURVE('',#233,#232,#219,.T.);
#281=EDGE_CURVE('',#230,#233,#115,.T.);
#282=EDGE_CURVE('',#234,#235,#220,.T.);
#283=EDGE_CURVE('',#235,#236,#116,.T.);
#284=EDGE_CURVE('',#237,#236,#221,.T.);
#285=EDGE_CURVE('',#234,#237,#117,.T.);
#286=EDGE_CURVE('',#224,#237,#118,.T.);
#287=EDGE_CURVE('',#236,#233,#119,.T.);
#288=EDGE_CURVE('',#232,#229,#120,.T.);
#289=EDGE_CURVE('',#228,#225,#121,.T.);
#290=EDGE_CURVE('',#238,#239,#122,.T.);
#291=EDGE_CURVE('',#239,#240,#123,.T.);
#292=EDGE_CURVE('',#240,#241,#124,.T.);
#293=EDGE_CURVE('',#241,#238,#125,.T.);
#294=EDGE_CURVE('',#242,#243,#126,.T.);
#295=EDGE_CURVE('',#240,#242,#127,.T.);
#296=EDGE_CURVE('',#243,#239,#128,.T.);
#297=EDGE_CURVE('',#244,#242,#129,.T.);
#298=EDGE_CURVE('',#241,#244,#130,.T.);
#299=EDGE_CURVE('',#243,#245,#131,.T.);
#300=EDGE_CURVE('',#245,#238,#132,.T.);
#301=EDGE_CURVE('',#246,#247,#133,.T.);
#302=EDGE_CURVE('',#247,#248,#134,.T.);
#303=EDGE_CURVE('',#249,#248,#135,.T.);
#304=EDGE_CURVE('',#249,#246,#136,.T.);
#305=EDGE_CURVE('',#244,#245,#137,.T.);
#306=EDGE_CURVE('',#246,#250,#23,.T.);
#307=EDGE_CURVE('',#250,#251,#138,.T.);
#308=EDGE_CURVE('',#251,#252,#24,.T.);
#309=EDGE_CURVE('',#252,#253,#139,.T.);
#310=EDGE_CURVE('',#253,#254,#25,.T.);
#311=EDGE_CURVE('',#254,#255,#140,.T.);
#312=EDGE_CURVE('',#255,#247,#26,.T.);
#313=EDGE_CURVE('',#256,#226,#141,.T.);
#314=EDGE_CURVE('',#257,#231,#142,.T.);
#315=EDGE_CURVE('',#256,#257,#143,.T.);
#316=EDGE_CURVE('',#258,#259,#144,.T.);
#317=EDGE_CURVE('',#259,#260,#27,.T.);
#318=EDGE_CURVE('',#260,#261,#145,.T.);
#319=EDGE_CURVE('',#261,#262,#28,.T.);
#320=EDGE_CURVE('',#262,#263,#146,.T.);
#321=EDGE_CURVE('',#263,#249,#29,.T.);
#322=EDGE_CURVE('',#248,#258,#30,.T.);
#323=EDGE_CURVE('',#256,#264,#31,.T.);
#324=EDGE_CURVE('',#264,#227,#147,.T.);
#325=EDGE_CURVE('',#265,#222,#148,.T.);
#326=EDGE_CURVE('',#266,#265,#32,.T.);
#327=EDGE_CURVE('',#266,#223,#149,.T.);
#328=EDGE_CURVE('',#267,#230,#150,.T.);
#329=EDGE_CURVE('',#257,#267,#33,.T.);
#330=EDGE_CURVE('',#268,#234,#151,.T.);
#331=EDGE_CURVE('',#268,#269,#34,.T.);
#332=EDGE_CURVE('',#269,#235,#152,.T.);
#333=EDGE_CURVE('',#266,#268,#153,.T.);
#334=EDGE_CURVE('',#267,#269,#154,.T.);
#335=EDGE_CURVE('',#264,#265,#155,.T.);
#336=EDGE_CURVE('',#250,#263,#156,.T.);
#337=EDGE_CURVE('',#262,#251,#157,.T.);
#338=EDGE_CURVE('',#254,#259,#158,.T.);
#339=EDGE_CURVE('',#260,#253,#159,.T.);
#340=EDGE_CURVE('',#258,#255,#160,.T.);
#341=EDGE_CURVE('',#252,#261,#161,.T.);
#342=ORIENTED_EDGE('',*,*,#270,.T.);
#343=ORIENTED_EDGE('',*,*,#271,.T.);
#344=ORIENTED_EDGE('',*,*,#272,.F.);
#345=ORIENTED_EDGE('',*,*,#273,.F.);
#346=ORIENTED_EDGE('',*,*,#274,.T.);
#347=ORIENTED_EDGE('',*,*,#275,.T.);
#348=ORIENTED_EDGE('',*,*,#276,.F.);
#349=ORIENTED_EDGE('',*,*,#277,.F.);
#350=ORIENTED_EDGE('',*,*,#278,.T.);
#351=ORIENTED_EDGE('',*,*,#279,.T.);
#352=ORIENTED_EDGE('',*,*,#280,.F.);
#353=ORIENTED_EDGE('',*,*,#281,.F.);
#354=ORIENTED_EDGE('',*,*,#282,.T.);
#355=ORIENTED_EDGE('',*,*,#283,.T.);
#356=ORIENTED_EDGE('',*,*,#284,.F.);
#357=ORIENTED_EDGE('',*,*,#285,.F.);
#358=ORIENTED_EDGE('',*,*,#286,.T.);
#359=ORIENTED_EDGE('',*,*,#284,.T.);
#360=ORIENTED_EDGE('',*,*,#287,.T.);
#361=ORIENTED_EDGE('',*,*,#280,.T.);
#362=ORIENTED_EDGE('',*,*,#288,.T.);
#363=ORIENTED_EDGE('',*,*,#276,.T.);
#364=ORIENTED_EDGE('',*,*,#289,.T.);
#365=ORIENTED_EDGE('',*,*,#272,.T.);
#366=ORIENTED_EDGE('',*,*,#290,.T.);
#367=ORIENTED_EDGE('',*,*,#291,.T.);
#368=ORIENTED_EDGE('',*,*,#292,.T.);
#369=ORIENTED_EDGE('',*,*,#293,.T.);
#370=ORIENTED_EDGE('',*,*,#294,.F.);
#371=ORIENTED_EDGE('',*,*,#295,.F.);
#372=ORIENTED_EDGE('',*,*,#291,.F.);
#373=ORIENTED_EDGE('',*,*,#296,.F.);
#374=ORIENTED_EDGE('',*,*,#297,.F.);
#375=ORIENTED_EDGE('',*,*,#298,.F.);
#376=ORIENTED_EDGE('',*,*,#292,.F.);
#377=ORIENTED_EDGE('',*,*,#295,.T.);
#378=ORIENTED_EDGE('',*,*,#299,.F.);
#379=ORIENTED_EDGE('',*,*,#296,.T.);
#380=ORIENTED_EDGE('',*,*,#290,.F.);
#381=ORIENTED_EDGE('',*,*,#300,.F.);
#382=ORIENTED_EDGE('',*,*,#301,.T.);
#383=ORIENTED_EDGE('',*,*,#302,.T.);
#384=ORIENTED_EDGE('',*,*,#303,.F.);
#385=ORIENTED_EDGE('',*,*,#304,.T.);
#386=ORIENTED_EDGE('',*,*,#305,.T.);
#387=ORIENTED_EDGE('',*,*,#300,.T.);
#388=ORIENTED_EDGE('',*,*,#293,.F.);
#389=ORIENTED_EDGE('',*,*,#298,.T.);
#390=ORIENTED_EDGE('',*,*,#306,.T.);
#391=ORIENTED_EDGE('',*,*,#307,.T.);
#392=ORIENTED_EDGE('',*,*,#308,.T.);
#393=ORIENTED_EDGE('',*,*,#309,.T.);
#394=ORIENTED_EDGE('',*,*,#310,.T.);
#395=ORIENTED_EDGE('',*,*,#311,.T.);
#396=ORIENTED_EDGE('',*,*,#312,.T.);
#397=ORIENTED_EDGE('',*,*,#301,.F.);
#398=ORIENTED_EDGE('',*,*,#305,.F.);
#399=ORIENTED_EDGE('',*,*,#297,.T.);
#400=ORIENTED_EDGE('',*,*,#294,.T.);
#401=ORIENTED_EDGE('',*,*,#299,.T.);
#402=ORIENTED_EDGE('',*,*,#313,.T.);
#403=ORIENTED_EDGE('',*,*,#277,.T.);
#404=ORIENTED_EDGE('',*,*,#288,.F.);
#405=ORIENTED_EDGE('',*,*,#279,.F.);
#406=ORIENTED_EDGE('',*,*,#314,.F.);
#407=ORIENTED_EDGE('',*,*,#315,.F.);
#408=ORIENTED_EDGE('',*,*,#316,.T.);
#409=ORIENTED_EDGE('',*,*,#317,.T.);
#410=ORIENTED_EDGE('',*,*,#318,.T.);
#411=ORIENTED_EDGE('',*,*,#319,.T.);
#412=ORIENTED_EDGE('',*,*,#320,.T.);
#413=ORIENTED_EDGE('',*,*,#321,.T.);
#414=ORIENTED_EDGE('',*,*,#303,.T.);
#415=ORIENTED_EDGE('',*,*,#322,.T.);
#416=ORIENTED_EDGE('',*,*,#274,.F.);
#417=ORIENTED_EDGE('',*,*,#313,.F.);
#418=ORIENTED_EDGE('',*,*,#323,.T.);
#419=ORIENTED_EDGE('',*,*,#324,.T.);
#420=ORIENTED_EDGE('',*,*,#270,.F.);
#421=ORIENTED_EDGE('',*,*,#325,.F.);
#422=ORIENTED_EDGE('',*,*,#326,.F.);
#423=ORIENTED_EDGE('',*,*,#327,.T.);
#424=ORIENTED_EDGE('',*,*,#278,.F.);
#425=ORIENTED_EDGE('',*,*,#328,.F.);
#426=ORIENTED_EDGE('',*,*,#329,.F.);
#427=ORIENTED_EDGE('',*,*,#314,.T.);
#428=ORIENTED_EDGE('',*,*,#282,.F.);
#429=ORIENTED_EDGE('',*,*,#330,.F.);
#430=ORIENTED_EDGE('',*,*,#331,.T.);
#431=ORIENTED_EDGE('',*,*,#332,.T.);
#432=ORIENTED_EDGE('',*,*,#327,.F.);
#433=ORIENTED_EDGE('',*,*,#333,.T.);
#434=ORIENTED_EDGE('',*,*,#330,.T.);
#435=ORIENTED_EDGE('',*,*,#285,.T.);
#436=ORIENTED_EDGE('',*,*,#286,.F.);
#437=ORIENTED_EDGE('',*,*,#271,.F.);
#438=ORIENTED_EDGE('',*,*,#328,.T.);
#439=ORIENTED_EDGE('',*,*,#281,.T.);
#440=ORIENTED_EDGE('',*,*,#287,.F.);
#441=ORIENTED_EDGE('',*,*,#283,.F.);
#442=ORIENTED_EDGE('',*,*,#332,.F.);
#443=ORIENTED_EDGE('',*,*,#334,.F.);
#444=ORIENTED_EDGE('',*,*,#324,.F.);
#445=ORIENTED_EDGE('',*,*,#335,.T.);
#446=ORIENTED_EDGE('',*,*,#325,.T.);
#447=ORIENTED_EDGE('',*,*,#273,.T.);
#448=ORIENTED_EDGE('',*,*,#289,.F.);
#449=ORIENTED_EDGE('',*,*,#275,.F.);
#450=ORIENTED_EDGE('',*,*,#336,.F.);
#451=ORIENTED_EDGE('',*,*,#306,.F.);
#452=ORIENTED_EDGE('',*,*,#304,.F.);
#453=ORIENTED_EDGE('',*,*,#321,.F.);
#454=ORIENTED_EDGE('',*,*,#336,.T.);
#455=ORIENTED_EDGE('',*,*,#320,.F.);
#456=ORIENTED_EDGE('',*,*,#337,.T.);
#457=ORIENTED_EDGE('',*,*,#307,.F.);
#458=ORIENTED_EDGE('',*,*,#338,.F.);
#459=ORIENTED_EDGE('',*,*,#310,.F.);
#460=ORIENTED_EDGE('',*,*,#339,.F.);
#461=ORIENTED_EDGE('',*,*,#317,.F.);
#462=ORIENTED_EDGE('',*,*,#338,.T.);
#463=ORIENTED_EDGE('',*,*,#316,.F.);
#464=ORIENTED_EDGE('',*,*,#340,.T.);
#465=ORIENTED_EDGE('',*,*,#311,.F.);
#466=ORIENTED_EDGE('',*,*,#302,.F.);
#467=ORIENTED_EDGE('',*,*,#312,.F.);
#468=ORIENTED_EDGE('',*,*,#340,.F.);
#469=ORIENTED_EDGE('',*,*,#322,.F.);
#470=ORIENTED_EDGE('',*,*,#341,.F.);
#471=ORIENTED_EDGE('',*,*,#308,.F.);
#472=ORIENTED_EDGE('',*,*,#337,.F.);
#473=ORIENTED_EDGE('',*,*,#319,.F.);
#474=ORIENTED_EDGE('',*,*,#315,.T.);
#475=ORIENTED_EDGE('',*,*,#329,.T.);
#476=ORIENTED_EDGE('',*,*,#334,.T.);
#477=ORIENTED_EDGE('',*,*,#331,.F.);
#478=ORIENTED_EDGE('',*,*,#333,.F.);
#479=ORIENTED_EDGE('',*,*,#326,.T.);
#480=ORIENTED_EDGE('',*,*,#335,.F.);
#481=ORIENTED_EDGE('',*,*,#323,.F.);
#482=ORIENTED_EDGE('',*,*,#339,.T.);
#483=ORIENTED_EDGE('',*,*,#309,.F.);
#484=ORIENTED_EDGE('',*,*,#341,.T.);
#485=ORIENTED_EDGE('',*,*,#318,.F.);
#486=B_SPLINE_SURFACE_WITH_KNOTS('',3,1,((#4135,#4136),(#4137,#4138),(#4139,
#4140),(#4141,#4142),(#4143,#4144),(#4145,#4146),(#4147,#4148),(#4149,#4150),
(#4151,#4152),(#4153,#4154),(#4155,#4156),(#4157,#4158)),.UNSPECIFIED.,
 .F.,.F.,.F.,(4,2,2,2,2,4),(2,2),(0.,0.137702282085078,0.21356110748084,
0.274533442093571,0.338473577638865,0.489103838364131),(0.,0.4),
 .UNSPECIFIED.);
#487=B_SPLINE_SURFACE_WITH_KNOTS('',3,1,((#4189,#4190),(#4191,#4192),(#4193,
#4194),(#4195,#4196),(#4197,#4198),(#4199,#4200),(#4201,#4202),(#4203,#4204),
(#4205,#4206),(#4207,#4208),(#4209,#4210),(#4211,#4212)),.UNSPECIFIED.,
 .F.,.F.,.F.,(4,2,2,2,2,4),(2,2),(0.,0.137702345838096,0.213561191819147,
0.274533518903298,0.338473613850906,0.489103982456569),(0.,0.4),
 .UNSPECIFIED.);
#488=B_SPLINE_SURFACE_WITH_KNOTS('',3,1,((#4243,#4244),(#4245,#4246),(#4247,
#4248),(#4249,#4250),(#4251,#4252),(#4253,#4254),(#4255,#4256),(#4257,#4258),
(#4259,#4260),(#4261,#4262),(#4263,#4264),(#4265,#4266)),.UNSPECIFIED.,
 .F.,.F.,.F.,(4,2,2,2,2,4),(2,2),(0.,0.137702341648745,0.213561186518542,
0.274533512717714,0.338473606778035,0.489103975376948),(0.,0.4),
 .UNSPECIFIED.);
#489=B_SPLINE_SURFACE_WITH_KNOTS('',3,1,((#4297,#4298),(#4299,#4300),(#4301,
#4302),(#4303,#4304),(#4305,#4306),(#4307,#4308),(#4309,#4310),(#4311,#4312),
(#4313,#4314),(#4315,#4316),(#4317,#4318),(#4319,#4320)),.UNSPECIFIED.,
 .F.,.F.,.F.,(4,2,2,2,2,4),(2,2),(0.,0.137702407763478,0.213561266480783,
0.274533627618312,0.338473789781653,0.489104050767807),(0.,0.4),
 .UNSPECIFIED.);
#490=ADVANCED_FACE('',(#53),#486,.T.);
#491=ADVANCED_FACE('',(#54),#487,.T.);
#492=ADVANCED_FACE('',(#55),#488,.T.);
#493=ADVANCED_FACE('',(#56),#489,.T.);
#494=ADVANCED_FACE('',(#57,#35),#38,.T.);
#495=ADVANCED_FACE('',(#58),#39,.F.);
#496=ADVANCED_FACE('',(#59),#40,.F.);
#497=ADVANCED_FACE('',(#60),#41,.F.);
#498=ADVANCED_FACE('',(#61),#42,.F.);
#499=ADVANCED_FACE('',(#62,#36),#43,.T.);
#500=ADVANCED_FACE('',(#63),#44,.T.);
#501=ADVANCED_FACE('',(#64,#37),#45,.T.);
#502=ADVANCED_FACE('',(#65),#15,.F.);
#503=ADVANCED_FACE('',(#66),#16,.F.);
#504=ADVANCED_FACE('',(#67),#17,.F.);
#505=ADVANCED_FACE('',(#68),#18,.F.);
#506=ADVANCED_FACE('',(#69),#46,.T.);
#507=ADVANCED_FACE('',(#70),#47,.T.);
#508=ADVANCED_FACE('',(#71),#48,.T.);
#509=ADVANCED_FACE('',(#72),#19,.T.);
#510=ADVANCED_FACE('',(#73),#49,.F.);
#511=ADVANCED_FACE('',(#74),#20,.T.);
#512=ADVANCED_FACE('',(#75),#50,.F.);
#513=ADVANCED_FACE('',(#76),#21,.T.);
#514=ADVANCED_FACE('',(#77),#22,.T.);
#515=ADVANCED_FACE('',(#78),#51,.T.);
#516=ADVANCED_FACE('',(#79),#52,.F.);
#517=CLOSED_SHELL('',(#490,#491,#492,#493,#494,#495,#496,#497,#498,#499,
#500,#501,#502,#503,#504,#505,#506,#507,#508,#509,#510,#511,#512,#513,#514,
#515,#516));
#518=ITEM_DEFINED_TRANSFORMATION($,$,#2247,#2248);
#519=ITEM_DEFINED_TRANSFORMATION($,$,#2255,#2256);
#520=ITEM_DEFINED_TRANSFORMATION($,$,#2254,#2257);
#521=ITEM_DEFINED_TRANSFORMATION($,$,#2262,#2263);
#522=ITEM_DEFINED_TRANSFORMATION($,$,#2268,#2269);
#523=ITEM_DEFINED_TRANSFORMATION($,$,#2271,#2272);
#524=ITEM_DEFINED_TRANSFORMATION($,$,#2267,#2273);
#525=ITEM_DEFINED_TRANSFORMATION($,$,#2267,#2274);
#526=ITEM_DEFINED_TRANSFORMATION($,$,#2270,#2275);
#527=ITEM_DEFINED_TRANSFORMATION($,$,#2278,#2281);
#528=ITEM_DEFINED_TRANSFORMATION($,$,#2279,#2282);
#529=ITEM_DEFINED_TRANSFORMATION($,$,#2280,#2283);
#530=ITEM_DEFINED_TRANSFORMATION($,$,#2277,#2284);
#531=ITEM_DEFINED_TRANSFORMATION($,$,#2288,#2289);
#532=ITEM_DEFINED_TRANSFORMATION($,$,#2292,#2293);
#533=ITEM_DEFINED_TRANSFORMATION($,$,#2291,#2294);
#534=ITEM_DEFINED_TRANSFORMATION($,$,#2287,#2295);
#535=ITEM_DEFINED_TRANSFORMATION($,$,#2287,#2296);
#536=ITEM_DEFINED_TRANSFORMATION($,$,#2298,#2299);
#537=ITEM_DEFINED_TRANSFORMATION($,$,#2291,#2300);
#538=ITEM_DEFINED_TRANSFORMATION($,$,#2297,#2301);
#539=ITEM_DEFINED_TRANSFORMATION($,$,#2297,#2302);
#540=ITEM_DEFINED_TRANSFORMATION($,$,#2291,#2303);
#541=ITEM_DEFINED_TRANSFORMATION($,$,#2297,#2304);
#542=ITEM_DEFINED_TRANSFORMATION($,$,#2297,#2305);
#543=ITEM_DEFINED_TRANSFORMATION($,$,#2316,#2317);
#544=ITEM_DEFINED_TRANSFORMATION($,$,#2323,#2328);
#545=ITEM_DEFINED_TRANSFORMATION($,$,#2324,#2329);
#546=ITEM_DEFINED_TRANSFORMATION($,$,#2325,#2330);
#547=ITEM_DEFINED_TRANSFORMATION($,$,#2326,#2331);
#548=ITEM_DEFINED_TRANSFORMATION($,$,#2327,#2332);
#549=ITEM_DEFINED_TRANSFORMATION($,$,#2321,#2333);
#550=ITEM_DEFINED_TRANSFORMATION($,$,#2322,#2334);
#551=ITEM_DEFINED_TRANSFORMATION($,$,#2320,#2336);
#552=ITEM_DEFINED_TRANSFORMATION($,$,#2335,#2337);
#553=ITEM_DEFINED_TRANSFORMATION($,$,#2340,#2341);
#554=ITEM_DEFINED_TRANSFORMATION($,$,#2339,#2342);
#555=ITEM_DEFINED_TRANSFORMATION($,$,#2346,#2347);
#556=ITEM_DEFINED_TRANSFORMATION($,$,#2358,#2359);
#557=ITEM_DEFINED_TRANSFORMATION($,$,#2361,#2362);
#558=ITEM_DEFINED_TRANSFORMATION($,$,#2357,#2363);
#559=ITEM_DEFINED_TRANSFORMATION($,$,#2360,#2364);
#560=ITEM_DEFINED_TRANSFORMATION($,$,#2360,#2365);
#561=ITEM_DEFINED_TRANSFORMATION($,$,#2357,#2366);
#562=ITEM_DEFINED_TRANSFORMATION($,$,#2360,#2367);
#563=ITEM_DEFINED_TRANSFORMATION($,$,#2360,#2368);
#564=ITEM_DEFINED_TRANSFORMATION($,$,#2371,#2372);
#565=ITEM_DEFINED_TRANSFORMATION($,$,#2370,#2373);
#566=ITEM_DEFINED_TRANSFORMATION($,$,#2370,#2374);
#567=ITEM_DEFINED_TRANSFORMATION($,$,#2345,#2375);
#568=ITEM_DEFINED_TRANSFORMATION($,$,#2378,#2379);
#569=ITEM_DEFINED_TRANSFORMATION($,$,#2370,#2380);
#570=ITEM_DEFINED_TRANSFORMATION($,$,#2370,#2381);
#571=ITEM_DEFINED_TRANSFORMATION($,$,#2377,#2382);
#572=ITEM_DEFINED_TRANSFORMATION($,$,#2370,#2383);
#573=ITEM_DEFINED_TRANSFORMATION($,$,#2370,#2384);
#574=ITEM_DEFINED_TRANSFORMATION($,$,#2377,#2385);
#575=ITEM_DEFINED_TRANSFORMATION($,$,#2377,#2386);
#576=ITEM_DEFINED_TRANSFORMATION($,$,#2370,#2387);
#577=ITEM_DEFINED_TRANSFORMATION($,$,#2370,#2388);
#578=ITEM_DEFINED_TRANSFORMATION($,$,#2370,#2389);
#579=ITEM_DEFINED_TRANSFORMATION($,$,#2370,#2390);
#580=ITEM_DEFINED_TRANSFORMATION($,$,#2377,#2391);
#581=ITEM_DEFINED_TRANSFORMATION($,$,#2393,#2394);
#582=ITEM_DEFINED_TRANSFORMATION($,$,#2392,#2395);
#583=ITEM_DEFINED_TRANSFORMATION($,$,#2392,#2396);
#584=ITEM_DEFINED_TRANSFORMATION($,$,#2377,#2397);
#585=ITEM_DEFINED_TRANSFORMATION($,$,#2345,#2398);
#586=ITEM_DEFINED_TRANSFORMATION($,$,#2392,#2399);
#587=ITEM_DEFINED_TRANSFORMATION($,$,#2392,#2400);
#588=ITEM_DEFINED_TRANSFORMATION($,$,#2377,#2401);
#589=ITEM_DEFINED_TRANSFORMATION($,$,#2392,#2402);
#590=ITEM_DEFINED_TRANSFORMATION($,$,#2392,#2403);
#591=ITEM_DEFINED_TRANSFORMATION($,$,#2392,#2404);
#592=ITEM_DEFINED_TRANSFORMATION($,$,#2392,#2405);
#593=ITEM_DEFINED_TRANSFORMATION($,$,#2377,#2406);
#594=ITEM_DEFINED_TRANSFORMATION($,$,#2377,#2407);
#595=ITEM_DEFINED_TRANSFORMATION($,$,#2392,#2408);
#596=ITEM_DEFINED_TRANSFORMATION($,$,#2392,#2409);
#597=ITEM_DEFINED_TRANSFORMATION($,$,#2377,#2410);
#598=ITEM_DEFINED_TRANSFORMATION($,$,#2392,#2411);
#599=ITEM_DEFINED_TRANSFORMATION($,$,#2392,#2412);
#600=ITEM_DEFINED_TRANSFORMATION($,$,#2392,#2413);
#601=ITEM_DEFINED_TRANSFORMATION($,$,#2392,#2414);
#602=ITEM_DEFINED_TRANSFORMATION($,$,#2377,#2415);
#603=ITEM_DEFINED_TRANSFORMATION($,$,#2392,#2416);
#604=ITEM_DEFINED_TRANSFORMATION($,$,#2392,#2417);
#605=ITEM_DEFINED_TRANSFORMATION($,$,#2377,#2418);
#606=ITEM_DEFINED_TRANSFORMATION($,$,#2377,#2419);
#607=ITEM_DEFINED_TRANSFORMATION($,$,#2392,#2420);
#608=ITEM_DEFINED_TRANSFORMATION($,$,#2392,#2421);
#609=ITEM_DEFINED_TRANSFORMATION($,$,#2392,#2422);
#610=ITEM_DEFINED_TRANSFORMATION($,$,#2392,#2423);
#611=ITEM_DEFINED_TRANSFORMATION($,$,#2315,#2424);
#612=ITEM_DEFINED_TRANSFORMATION($,$,#2377,#2425);
#613=ITEM_DEFINED_TRANSFORMATION($,$,#2392,#2426);
#614=ITEM_DEFINED_TRANSFORMATION($,$,#2392,#2427);
#615=ITEM_DEFINED_TRANSFORMATION($,$,#2392,#2428);
#616=ITEM_DEFINED_TRANSFORMATION($,$,#2392,#2429);
#617=ITEM_DEFINED_TRANSFORMATION($,$,#2377,#2430);
#618=ITEM_DEFINED_TRANSFORMATION($,$,#2377,#2431);
#619=ITEM_DEFINED_TRANSFORMATION($,$,#2392,#2432);
#620=ITEM_DEFINED_TRANSFORMATION($,$,#2392,#2433);
#621=ITEM_DEFINED_TRANSFORMATION($,$,#2392,#2434);
#622=ITEM_DEFINED_TRANSFORMATION($,$,#2392,#2435);
#623=ITEM_DEFINED_TRANSFORMATION($,$,#2377,#2436);
#624=ITEM_DEFINED_TRANSFORMATION($,$,#2392,#2437);
#625=ITEM_DEFINED_TRANSFORMATION($,$,#2392,#2438);
#626=ITEM_DEFINED_TRANSFORMATION($,$,#2377,#2439);
#627=ITEM_DEFINED_TRANSFORMATION($,$,#2377,#2440);
#628=ITEM_DEFINED_TRANSFORMATION($,$,#2392,#2441);
#629=ITEM_DEFINED_TRANSFORMATION($,$,#2392,#2442);
#630=ITEM_DEFINED_TRANSFORMATION($,$,#2377,#2443);
#631=ITEM_DEFINED_TRANSFORMATION($,$,#2392,#2444);
#632=ITEM_DEFINED_TRANSFORMATION($,$,#2392,#2445);
#633=ITEM_DEFINED_TRANSFORMATION($,$,#2377,#2446);
#634=ITEM_DEFINED_TRANSFORMATION($,$,#2392,#2447);
#635=ITEM_DEFINED_TRANSFORMATION($,$,#2392,#2448);
#636=ITEM_DEFINED_TRANSFORMATION($,$,#2261,#2449);
#637=ITEM_DEFINED_TRANSFORMATION($,$,#2264,#2450);
#638=ITEM_DEFINED_TRANSFORMATION($,$,#2265,#2451);
#639=ITEM_DEFINED_TRANSFORMATION($,$,#2266,#2452);
#640=ITEM_DEFINED_TRANSFORMATION($,$,#2276,#2453);
#641=ITEM_DEFINED_TRANSFORMATION($,$,#2285,#2454);
#642=ITEM_DEFINED_TRANSFORMATION($,$,#2286,#2455);
#643=ITEM_DEFINED_TRANSFORMATION($,$,#2290,#2456);
#644=ITEM_DEFINED_TRANSFORMATION($,$,#2306,#2457);
#645=ITEM_DEFINED_TRANSFORMATION($,$,#2307,#2458);
#646=ITEM_DEFINED_TRANSFORMATION($,$,#2308,#2459);
#647=ITEM_DEFINED_TRANSFORMATION($,$,#2309,#2460);
#648=ITEM_DEFINED_TRANSFORMATION($,$,#2310,#2461);
#649=ITEM_DEFINED_TRANSFORMATION($,$,#2311,#2462);
#650=ITEM_DEFINED_TRANSFORMATION($,$,#2312,#2463);
#651=ITEM_DEFINED_TRANSFORMATION($,$,#2313,#2464);
#652=ITEM_DEFINED_TRANSFORMATION($,$,#2314,#2465);
#653=ITEM_DEFINED_TRANSFORMATION($,$,#2318,#2466);
#654=ITEM_DEFINED_TRANSFORMATION($,$,#2319,#2467);
#655=ITEM_DEFINED_TRANSFORMATION($,$,#2338,#2468);
#656=ITEM_DEFINED_TRANSFORMATION($,$,#2343,#2469);
#657=ITEM_DEFINED_TRANSFORMATION($,$,#2344,#2470);
#658=ITEM_DEFINED_TRANSFORMATION($,$,#2348,#2471);
#659=ITEM_DEFINED_TRANSFORMATION($,$,#2349,#2472);
#660=ITEM_DEFINED_TRANSFORMATION($,$,#2350,#2473);
#661=ITEM_DEFINED_TRANSFORMATION($,$,#2351,#2474);
#662=ITEM_DEFINED_TRANSFORMATION($,$,#2352,#2475);
#663=ITEM_DEFINED_TRANSFORMATION($,$,#2353,#2476);
#664=ITEM_DEFINED_TRANSFORMATION($,$,#2354,#2477);
#665=ITEM_DEFINED_TRANSFORMATION($,$,#2355,#2478);
#666=ITEM_DEFINED_TRANSFORMATION($,$,#2356,#2479);
#667=ITEM_DEFINED_TRANSFORMATION($,$,#2369,#2480);
#668=ITEM_DEFINED_TRANSFORMATION($,$,#2376,#2481);
#669=ITEM_DEFINED_TRANSFORMATION($,$,#2260,#2482);
#670=ITEM_DEFINED_TRANSFORMATION($,$,#2485,#2486);
#671=ITEM_DEFINED_TRANSFORMATION($,$,#2485,#2487);
#672=ITEM_DEFINED_TRANSFORMATION($,$,#2492,#2493);
#673=ITEM_DEFINED_TRANSFORMATION($,$,#2496,#2498);
#674=ITEM_DEFINED_TRANSFORMATION($,$,#2497,#2499);
#675=ITEM_DEFINED_TRANSFORMATION($,$,#2490,#2500);
#676=ITEM_DEFINED_TRANSFORMATION($,$,#2491,#2501);
#677=ITEM_DEFINED_TRANSFORMATION($,$,#2494,#2502);
#678=ITEM_DEFINED_TRANSFORMATION($,$,#2495,#2503);
#679=ITEM_DEFINED_TRANSFORMATION($,$,#2495,#2504);
#680=ITEM_DEFINED_TRANSFORMATION($,$,#2495,#2505);
#681=ITEM_DEFINED_TRANSFORMATION($,$,#2495,#2506);
#682=ITEM_DEFINED_TRANSFORMATION($,$,#2495,#2507);
#683=ITEM_DEFINED_TRANSFORMATION($,$,#2495,#2508);
#684=ITEM_DEFINED_TRANSFORMATION($,$,#2495,#2509);
#685=ITEM_DEFINED_TRANSFORMATION($,$,#2495,#2510);
#686=ITEM_DEFINED_TRANSFORMATION($,$,#2489,#2511);
#687=ITEM_DEFINED_TRANSFORMATION($,$,#2527,#2528);
#688=ITEM_DEFINED_TRANSFORMATION($,$,#2541,#2542);
#689=ITEM_DEFINED_TRANSFORMATION($,$,#2544,#2545);
#690=ITEM_DEFINED_TRANSFORMATION($,$,#2539,#2546);
#691=ITEM_DEFINED_TRANSFORMATION($,$,#2540,#2547);
#692=ITEM_DEFINED_TRANSFORMATION($,$,#2543,#2548);
#693=ITEM_DEFINED_TRANSFORMATION($,$,#2543,#2549);
#694=ITEM_DEFINED_TRANSFORMATION($,$,#2543,#2550);
#695=ITEM_DEFINED_TRANSFORMATION($,$,#2543,#2551);
#696=ITEM_DEFINED_TRANSFORMATION($,$,#2543,#2552);
#697=ITEM_DEFINED_TRANSFORMATION($,$,#2543,#2553);
#698=ITEM_DEFINED_TRANSFORMATION($,$,#2543,#2554);
#699=ITEM_DEFINED_TRANSFORMATION($,$,#2543,#2555);
#700=ITEM_DEFINED_TRANSFORMATION($,$,#2538,#2556);
#701=ITEM_DEFINED_TRANSFORMATION($,$,#2559,#2560);
#702=ITEM_DEFINED_TRANSFORMATION($,$,#2558,#2561);
#703=ITEM_DEFINED_TRANSFORMATION($,$,#2563,#2564);
#704=ITEM_DEFINED_TRANSFORMATION($,$,#2563,#2565);
#705=ITEM_DEFINED_TRANSFORMATION($,$,#2563,#2566);
#706=ITEM_DEFINED_TRANSFORMATION($,$,#2563,#2567);
#707=ITEM_DEFINED_TRANSFORMATION($,$,#2570,#2571);
#708=ITEM_DEFINED_TRANSFORMATION($,$,#2570,#2572);
#709=ITEM_DEFINED_TRANSFORMATION($,$,#2570,#2573);
#710=ITEM_DEFINED_TRANSFORMATION($,$,#2570,#2574);
#711=ITEM_DEFINED_TRANSFORMATION($,$,#2570,#2575);
#712=ITEM_DEFINED_TRANSFORMATION($,$,#2570,#2576);
#713=ITEM_DEFINED_TRANSFORMATION($,$,#2580,#2581);
#714=ITEM_DEFINED_TRANSFORMATION($,$,#2580,#2582);
#715=ITEM_DEFINED_TRANSFORMATION($,$,#2580,#2583);
#716=ITEM_DEFINED_TRANSFORMATION($,$,#2580,#2584);
#717=ITEM_DEFINED_TRANSFORMATION($,$,#2580,#2585);
#718=ITEM_DEFINED_TRANSFORMATION($,$,#2592,#2593);
#719=ITEM_DEFINED_TRANSFORMATION($,$,#2591,#2595);
#720=ITEM_DEFINED_TRANSFORMATION($,$,#2594,#2596);
#721=ITEM_DEFINED_TRANSFORMATION($,$,#2594,#2597);
#722=ITEM_DEFINED_TRANSFORMATION($,$,#2590,#2598);
#723=ITEM_DEFINED_TRANSFORMATION($,$,#2589,#2599);
#724=ITEM_DEFINED_TRANSFORMATION($,$,#2602,#2603);
#725=ITEM_DEFINED_TRANSFORMATION($,$,#2602,#2604);
#726=ITEM_DEFINED_TRANSFORMATION($,$,#2602,#2605);
#727=ITEM_DEFINED_TRANSFORMATION($,$,#2602,#2606);
#728=ITEM_DEFINED_TRANSFORMATION($,$,#2602,#2607);
#729=ITEM_DEFINED_TRANSFORMATION($,$,#2602,#2608);
#730=ITEM_DEFINED_TRANSFORMATION($,$,#2602,#2609);
#731=ITEM_DEFINED_TRANSFORMATION($,$,#2602,#2610);
#732=ITEM_DEFINED_TRANSFORMATION($,$,#2602,#2611);
#733=ITEM_DEFINED_TRANSFORMATION($,$,#2602,#2612);
#734=ITEM_DEFINED_TRANSFORMATION($,$,#2602,#2613);
#735=ITEM_DEFINED_TRANSFORMATION($,$,#2602,#2614);
#736=ITEM_DEFINED_TRANSFORMATION($,$,#2602,#2615);
#737=ITEM_DEFINED_TRANSFORMATION($,$,#2602,#2616);
#738=ITEM_DEFINED_TRANSFORMATION($,$,#2602,#2617);
#739=ITEM_DEFINED_TRANSFORMATION($,$,#2602,#2618);
#740=ITEM_DEFINED_TRANSFORMATION($,$,#2602,#2619);
#741=ITEM_DEFINED_TRANSFORMATION($,$,#2602,#2620);
#742=ITEM_DEFINED_TRANSFORMATION($,$,#2602,#2621);
#743=ITEM_DEFINED_TRANSFORMATION($,$,#2602,#2622);
#744=ITEM_DEFINED_TRANSFORMATION($,$,#2602,#2623);
#745=ITEM_DEFINED_TRANSFORMATION($,$,#2625,#2626);
#746=ITEM_DEFINED_TRANSFORMATION($,$,#2628,#2629);
#747=ITEM_DEFINED_TRANSFORMATION($,$,#2628,#2630);
#748=ITEM_DEFINED_TRANSFORMATION($,$,#2633,#2634);
#749=ITEM_DEFINED_TRANSFORMATION($,$,#2633,#2635);
#750=ITEM_DEFINED_TRANSFORMATION($,$,#2633,#2636);
#751=ITEM_DEFINED_TRANSFORMATION($,$,#2633,#2637);
#752=ITEM_DEFINED_TRANSFORMATION($,$,#2639,#2640);
#753=ITEM_DEFINED_TRANSFORMATION($,$,#2643,#2644);
#754=ITEM_DEFINED_TRANSFORMATION($,$,#2642,#2645);
#755=ITEM_DEFINED_TRANSFORMATION($,$,#2647,#2648);
#756=ITEM_DEFINED_TRANSFORMATION($,$,#2650,#2651);
#757=ITEM_DEFINED_TRANSFORMATION($,$,#2246,#2667);
#758=ITEM_DEFINED_TRANSFORMATION($,$,#2249,#2668);
#759=ITEM_DEFINED_TRANSFORMATION($,$,#2250,#2669);
#760=ITEM_DEFINED_TRANSFORMATION($,$,#2251,#2670);
#761=ITEM_DEFINED_TRANSFORMATION($,$,#2252,#2671);
#762=ITEM_DEFINED_TRANSFORMATION($,$,#2253,#2672);
#763=ITEM_DEFINED_TRANSFORMATION($,$,#2258,#2673);
#764=ITEM_DEFINED_TRANSFORMATION($,$,#2259,#2674);
#765=ITEM_DEFINED_TRANSFORMATION($,$,#2483,#2675);
#766=ITEM_DEFINED_TRANSFORMATION($,$,#2484,#2676);
#767=ITEM_DEFINED_TRANSFORMATION($,$,#2488,#2677);
#768=ITEM_DEFINED_TRANSFORMATION($,$,#2512,#2678);
#769=ITEM_DEFINED_TRANSFORMATION($,$,#2513,#2679);
#770=ITEM_DEFINED_TRANSFORMATION($,$,#2514,#2680);
#771=ITEM_DEFINED_TRANSFORMATION($,$,#2515,#2681);
#772=ITEM_DEFINED_TRANSFORMATION($,$,#2516,#2682);
#773=ITEM_DEFINED_TRANSFORMATION($,$,#2517,#2683);
#774=ITEM_DEFINED_TRANSFORMATION($,$,#2518,#2684);
#775=ITEM_DEFINED_TRANSFORMATION($,$,#2519,#2685);
#776=ITEM_DEFINED_TRANSFORMATION($,$,#2520,#2686);
#777=ITEM_DEFINED_TRANSFORMATION($,$,#2521,#2687);
#778=ITEM_DEFINED_TRANSFORMATION($,$,#2522,#2688);
#779=ITEM_DEFINED_TRANSFORMATION($,$,#2523,#2689);
#780=ITEM_DEFINED_TRANSFORMATION($,$,#2524,#2690);
#781=ITEM_DEFINED_TRANSFORMATION($,$,#2525,#2691);
#782=ITEM_DEFINED_TRANSFORMATION($,$,#2526,#2692);
#783=ITEM_DEFINED_TRANSFORMATION($,$,#2529,#2693);
#784=ITEM_DEFINED_TRANSFORMATION($,$,#2530,#2694);
#785=ITEM_DEFINED_TRANSFORMATION($,$,#2531,#2695);
#786=ITEM_DEFINED_TRANSFORMATION($,$,#2532,#2696);
#787=ITEM_DEFINED_TRANSFORMATION($,$,#2533,#2697);
#788=ITEM_DEFINED_TRANSFORMATION($,$,#2534,#2698);
#789=ITEM_DEFINED_TRANSFORMATION($,$,#2535,#2699);
#790=ITEM_DEFINED_TRANSFORMATION($,$,#2536,#2700);
#791=ITEM_DEFINED_TRANSFORMATION($,$,#2537,#2701);
#792=ITEM_DEFINED_TRANSFORMATION($,$,#2557,#2702);
#793=ITEM_DEFINED_TRANSFORMATION($,$,#2562,#2703);
#794=ITEM_DEFINED_TRANSFORMATION($,$,#2568,#2704);
#795=ITEM_DEFINED_TRANSFORMATION($,$,#2569,#2705);
#796=ITEM_DEFINED_TRANSFORMATION($,$,#2577,#2706);
#797=ITEM_DEFINED_TRANSFORMATION($,$,#2578,#2707);
#798=ITEM_DEFINED_TRANSFORMATION($,$,#2579,#2708);
#799=ITEM_DEFINED_TRANSFORMATION($,$,#2586,#2709);
#800=ITEM_DEFINED_TRANSFORMATION($,$,#2587,#2710);
#801=ITEM_DEFINED_TRANSFORMATION($,$,#2588,#2711);
#802=ITEM_DEFINED_TRANSFORMATION($,$,#2600,#2712);
#803=ITEM_DEFINED_TRANSFORMATION($,$,#2601,#2713);
#804=ITEM_DEFINED_TRANSFORMATION($,$,#2624,#2714);
#805=ITEM_DEFINED_TRANSFORMATION($,$,#2627,#2715);
#806=ITEM_DEFINED_TRANSFORMATION($,$,#2631,#2716);
#807=ITEM_DEFINED_TRANSFORMATION($,$,#2632,#2717);
#808=ITEM_DEFINED_TRANSFORMATION($,$,#2638,#2718);
#809=ITEM_DEFINED_TRANSFORMATION($,$,#2641,#2719);
#810=ITEM_DEFINED_TRANSFORMATION($,$,#2646,#2720);
#811=ITEM_DEFINED_TRANSFORMATION($,$,#2649,#2721);
#812=(
REPRESENTATION_RELATIONSHIP($,$,#5555,#5554)
REPRESENTATION_RELATIONSHIP_WITH_TRANSFORMATION(#518)
SHAPE_REPRESENTATION_RELATIONSHIP()
);
#813=(
REPRESENTATION_RELATIONSHIP($,$,#5562,#5561)
REPRESENTATION_RELATIONSHIP_WITH_TRANSFORMATION(#519)
SHAPE_REPRESENTATION_RELATIONSHIP()
);
#814=(
REPRESENTATION_RELATIONSHIP($,$,#5561,#5560)
REPRESENTATION_RELATIONSHIP_WITH_TRANSFORMATION(#520)
SHAPE_REPRESENTATION_RELATIONSHIP()
);
#815=(
REPRESENTATION_RELATIONSHIP($,$,#5567,#5566)
REPRESENTATION_RELATIONSHIP_WITH_TRANSFORMATION(#521)
SHAPE_REPRESENTATION_RELATIONSHIP()
);
#816=(
REPRESENTATION_RELATIONSHIP($,$,#5572,#5571)
REPRESENTATION_RELATIONSHIP_WITH_TRANSFORMATION(#522)
SHAPE_REPRESENTATION_RELATIONSHIP()
);
#817=(
REPRESENTATION_RELATIONSHIP($,$,#5574,#5573)
REPRESENTATION_RELATIONSHIP_WITH_TRANSFORMATION(#523)
SHAPE_REPRESENTATION_RELATIONSHIP()
);
#818=(
REPRESENTATION_RELATIONSHIP($,$,#5571,#5570)
REPRESENTATION_RELATIONSHIP_WITH_TRANSFORMATION(#524)
SHAPE_REPRESENTATION_RELATIONSHIP()
);
#819=(
REPRESENTATION_RELATIONSHIP($,$,#5571,#5570)
REPRESENTATION_RELATIONSHIP_WITH_TRANSFORMATION(#525)
SHAPE_REPRESENTATION_RELATIONSHIP()
);
#820=(
REPRESENTATION_RELATIONSHIP($,$,#5573,#5570)
REPRESENTATION_RELATIONSHIP_WITH_TRANSFORMATION(#526)
SHAPE_REPRESENTATION_RELATIONSHIP()
);
#821=(
REPRESENTATION_RELATIONSHIP($,$,#5577,#5576)
REPRESENTATION_RELATIONSHIP_WITH_TRANSFORMATION(#527)
SHAPE_REPRESENTATION_RELATIONSHIP()
);
#822=(
REPRESENTATION_RELATIONSHIP($,$,#5578,#5576)
REPRESENTATION_RELATIONSHIP_WITH_TRANSFORMATION(#528)
SHAPE_REPRESENTATION_RELATIONSHIP()
);
#823=(
REPRESENTATION_RELATIONSHIP($,$,#5579,#5576)
REPRESENTATION_RELATIONSHIP_WITH_TRANSFORMATION(#529)
SHAPE_REPRESENTATION_RELATIONSHIP()
);
#824=(
REPRESENTATION_RELATIONSHIP($,$,#5576,#5575)
REPRESENTATION_RELATIONSHIP_WITH_TRANSFORMATION(#530)
SHAPE_REPRESENTATION_RELATIONSHIP()
);
#825=(
REPRESENTATION_RELATIONSHIP($,$,#5583,#5582)
REPRESENTATION_RELATIONSHIP_WITH_TRANSFORMATION(#531)
SHAPE_REPRESENTATION_RELATIONSHIP()
);
#826=(
REPRESENTATION_RELATIONSHIP($,$,#5586,#5585)
REPRESENTATION_RELATIONSHIP_WITH_TRANSFORMATION(#532)
SHAPE_REPRESENTATION_RELATIONSHIP()
);
#827=(
REPRESENTATION_RELATIONSHIP($,$,#5585,#5581)
REPRESENTATION_RELATIONSHIP_WITH_TRANSFORMATION(#533)
SHAPE_REPRESENTATION_RELATIONSHIP()
);
#828=(
REPRESENTATION_RELATIONSHIP($,$,#5582,#5581)
REPRESENTATION_RELATIONSHIP_WITH_TRANSFORMATION(#534)
SHAPE_REPRESENTATION_RELATIONSHIP()
);
#829=(
REPRESENTATION_RELATIONSHIP($,$,#5582,#5581)
REPRESENTATION_RELATIONSHIP_WITH_TRANSFORMATION(#535)
SHAPE_REPRESENTATION_RELATIONSHIP()
);
#830=(
REPRESENTATION_RELATIONSHIP($,$,#5588,#5587)
REPRESENTATION_RELATIONSHIP_WITH_TRANSFORMATION(#536)
SHAPE_REPRESENTATION_RELATIONSHIP()
);
#831=(
REPRESENTATION_RELATIONSHIP($,$,#5585,#5580)
REPRESENTATION_RELATIONSHIP_WITH_TRANSFORMATION(#537)
SHAPE_REPRESENTATION_RELATIONSHIP()
);
#832=(
REPRESENTATION_RELATIONSHIP($,$,#5587,#5580)
REPRESENTATION_RELATIONSHIP_WITH_TRANSFORMATION(#538)
SHAPE_REPRESENTATION_RELATIONSHIP()
);
#833=(
REPRESENTATION_RELATIONSHIP($,$,#5587,#5580)
REPRESENTATION_RELATIONSHIP_WITH_TRANSFORMATION(#539)
SHAPE_REPRESENTATION_RELATIONSHIP()
);
#834=(
REPRESENTATION_RELATIONSHIP($,$,#5585,#5584)
REPRESENTATION_RELATIONSHIP_WITH_TRANSFORMATION(#540)
SHAPE_REPRESENTATION_RELATIONSHIP()
);
#835=(
REPRESENTATION_RELATIONSHIP($,$,#5587,#5584)
REPRESENTATION_RELATIONSHIP_WITH_TRANSFORMATION(#541)
SHAPE_REPRESENTATION_RELATIONSHIP()
);
#836=(
REPRESENTATION_RELATIONSHIP($,$,#5587,#5584)
REPRESENTATION_RELATIONSHIP_WITH_TRANSFORMATION(#542)
SHAPE_REPRESENTATION_RELATIONSHIP()
);
#837=(
REPRESENTATION_RELATIONSHIP($,$,#5599,#5598)
REPRESENTATION_RELATIONSHIP_WITH_TRANSFORMATION(#543)
SHAPE_REPRESENTATION_RELATIONSHIP()
);
#838=(
REPRESENTATION_RELATIONSHIP($,$,#5605,#5604)
REPRESENTATION_RELATIONSHIP_WITH_TRANSFORMATION(#544)
SHAPE_REPRESENTATION_RELATIONSHIP()
);
#839=(
REPRESENTATION_RELATIONSHIP($,$,#5606,#5604)
REPRESENTATION_RELATIONSHIP_WITH_TRANSFORMATION(#545)
SHAPE_REPRESENTATION_RELATIONSHIP()
);
#840=(
REPRESENTATION_RELATIONSHIP($,$,#5607,#5604)
REPRESENTATION_RELATIONSHIP_WITH_TRANSFORMATION(#546)
SHAPE_REPRESENTATION_RELATIONSHIP()
);
#841=(
REPRESENTATION_RELATIONSHIP($,$,#5608,#5604)
REPRESENTATION_RELATIONSHIP_WITH_TRANSFORMATION(#547)
SHAPE_REPRESENTATION_RELATIONSHIP()
);
#842=(
REPRESENTATION_RELATIONSHIP($,$,#5609,#5604)
REPRESENTATION_RELATIONSHIP_WITH_TRANSFORMATION(#548)
SHAPE_REPRESENTATION_RELATIONSHIP()
);
#843=(
REPRESENTATION_RELATIONSHIP($,$,#5603,#5602)
REPRESENTATION_RELATIONSHIP_WITH_TRANSFORMATION(#549)
SHAPE_REPRESENTATION_RELATIONSHIP()
);
#844=(
REPRESENTATION_RELATIONSHIP($,$,#5604,#5602)
REPRESENTATION_RELATIONSHIP_WITH_TRANSFORMATION(#550)
SHAPE_REPRESENTATION_RELATIONSHIP()
);
#845=(
REPRESENTATION_RELATIONSHIP($,$,#5602,#5601)
REPRESENTATION_RELATIONSHIP_WITH_TRANSFORMATION(#551)
SHAPE_REPRESENTATION_RELATIONSHIP()
);
#846=(
REPRESENTATION_RELATIONSHIP($,$,#5610,#5601)
REPRESENTATION_RELATIONSHIP_WITH_TRANSFORMATION(#552)
SHAPE_REPRESENTATION_RELATIONSHIP()
);
#847=(
REPRESENTATION_RELATIONSHIP($,$,#5613,#5612)
REPRESENTATION_RELATIONSHIP_WITH_TRANSFORMATION(#553)
SHAPE_REPRESENTATION_RELATIONSHIP()
);
#848=(
REPRESENTATION_RELATIONSHIP($,$,#5612,#5611)
REPRESENTATION_RELATIONSHIP_WITH_TRANSFORMATION(#554)
SHAPE_REPRESENTATION_RELATIONSHIP()
);
#849=(
REPRESENTATION_RELATIONSHIP($,$,#5617,#5616)
REPRESENTATION_RELATIONSHIP_WITH_TRANSFORMATION(#555)
SHAPE_REPRESENTATION_RELATIONSHIP()
);
#850=(
REPRESENTATION_RELATIONSHIP($,$,#5628,#5627)
REPRESENTATION_RELATIONSHIP_WITH_TRANSFORMATION(#556)
SHAPE_REPRESENTATION_RELATIONSHIP()
);
#851=(
REPRESENTATION_RELATIONSHIP($,$,#5630,#5629)
REPRESENTATION_RELATIONSHIP_WITH_TRANSFORMATION(#557)
SHAPE_REPRESENTATION_RELATIONSHIP()
);
#852=(
REPRESENTATION_RELATIONSHIP($,$,#5627,#5623)
REPRESENTATION_RELATIONSHIP_WITH_TRANSFORMATION(#558)
SHAPE_REPRESENTATION_RELATIONSHIP()
);
#853=(
REPRESENTATION_RELATIONSHIP($,$,#5629,#5623)
REPRESENTATION_RELATIONSHIP_WITH_TRANSFORMATION(#559)
SHAPE_REPRESENTATION_RELATIONSHIP()
);
#854=(
REPRESENTATION_RELATIONSHIP($,$,#5629,#5623)
REPRESENTATION_RELATIONSHIP_WITH_TRANSFORMATION(#560)
SHAPE_REPRESENTATION_RELATIONSHIP()
);
#855=(
REPRESENTATION_RELATIONSHIP($,$,#5627,#5626)
REPRESENTATION_RELATIONSHIP_WITH_TRANSFORMATION(#561)
SHAPE_REPRESENTATION_RELATIONSHIP()
);
#856=(
REPRESENTATION_RELATIONSHIP($,$,#5629,#5626)
REPRESENTATION_RELATIONSHIP_WITH_TRANSFORMATION(#562)
SHAPE_REPRESENTATION_RELATIONSHIP()
);
#857=(
REPRESENTATION_RELATIONSHIP($,$,#5629,#5626)
REPRESENTATION_RELATIONSHIP_WITH_TRANSFORMATION(#563)
SHAPE_REPRESENTATION_RELATIONSHIP()
);
#858=(
REPRESENTATION_RELATIONSHIP($,$,#5633,#5632)
REPRESENTATION_RELATIONSHIP_WITH_TRANSFORMATION(#564)
SHAPE_REPRESENTATION_RELATIONSHIP()
);
#859=(
REPRESENTATION_RELATIONSHIP($,$,#5632,#5615)
REPRESENTATION_RELATIONSHIP_WITH_TRANSFORMATION(#565)
SHAPE_REPRESENTATION_RELATIONSHIP()
);
#860=(
REPRESENTATION_RELATIONSHIP($,$,#5632,#5615)
REPRESENTATION_RELATIONSHIP_WITH_TRANSFORMATION(#566)
SHAPE_REPRESENTATION_RELATIONSHIP()
);
#861=(
REPRESENTATION_RELATIONSHIP($,$,#5616,#5615)
REPRESENTATION_RELATIONSHIP_WITH_TRANSFORMATION(#567)
SHAPE_REPRESENTATION_RELATIONSHIP()
);
#862=(
REPRESENTATION_RELATIONSHIP($,$,#5636,#5635)
REPRESENTATION_RELATIONSHIP_WITH_TRANSFORMATION(#568)
SHAPE_REPRESENTATION_RELATIONSHIP()
);
#863=(
REPRESENTATION_RELATIONSHIP($,$,#5632,#5592)
REPRESENTATION_RELATIONSHIP_WITH_TRANSFORMATION(#569)
SHAPE_REPRESENTATION_RELATIONSHIP()
);
#864=(
REPRESENTATION_RELATIONSHIP($,$,#5632,#5592)
REPRESENTATION_RELATIONSHIP_WITH_TRANSFORMATION(#570)
SHAPE_REPRESENTATION_RELATIONSHIP()
);
#865=(
REPRESENTATION_RELATIONSHIP($,$,#5635,#5592)
REPRESENTATION_RELATIONSHIP_WITH_TRANSFORMATION(#571)
SHAPE_REPRESENTATION_RELATIONSHIP()
);
#866=(
REPRESENTATION_RELATIONSHIP($,$,#5632,#5618)
REPRESENTATION_RELATIONSHIP_WITH_TRANSFORMATION(#572)
SHAPE_REPRESENTATION_RELATIONSHIP()
);
#867=(
REPRESENTATION_RELATIONSHIP($,$,#5632,#5618)
REPRESENTATION_RELATIONSHIP_WITH_TRANSFORMATION(#573)
SHAPE_REPRESENTATION_RELATIONSHIP()
);
#868=(
REPRESENTATION_RELATIONSHIP($,$,#5635,#5618)
REPRESENTATION_RELATIONSHIP_WITH_TRANSFORMATION(#574)
SHAPE_REPRESENTATION_RELATIONSHIP()
);
#869=(
REPRESENTATION_RELATIONSHIP($,$,#5635,#5622)
REPRESENTATION_RELATIONSHIP_WITH_TRANSFORMATION(#575)
SHAPE_REPRESENTATION_RELATIONSHIP()
);
#870=(
REPRESENTATION_RELATIONSHIP($,$,#5632,#5622)
REPRESENTATION_RELATIONSHIP_WITH_TRANSFORMATION(#576)
SHAPE_REPRESENTATION_RELATIONSHIP()
);
#871=(
REPRESENTATION_RELATIONSHIP($,$,#5632,#5622)
REPRESENTATION_RELATIONSHIP_WITH_TRANSFORMATION(#577)
SHAPE_REPRESENTATION_RELATIONSHIP()
);
#872=(
REPRESENTATION_RELATIONSHIP($,$,#5632,#5631)
REPRESENTATION_RELATIONSHIP_WITH_TRANSFORMATION(#578)
SHAPE_REPRESENTATION_RELATIONSHIP()
);
#873=(
REPRESENTATION_RELATIONSHIP($,$,#5632,#5631)
REPRESENTATION_RELATIONSHIP_WITH_TRANSFORMATION(#579)
SHAPE_REPRESENTATION_RELATIONSHIP()
);
#874=(
REPRESENTATION_RELATIONSHIP($,$,#5635,#5631)
REPRESENTATION_RELATIONSHIP_WITH_TRANSFORMATION(#580)
SHAPE_REPRESENTATION_RELATIONSHIP()
);
#875=(
REPRESENTATION_RELATIONSHIP($,$,#5638,#5637)
REPRESENTATION_RELATIONSHIP_WITH_TRANSFORMATION(#581)
SHAPE_REPRESENTATION_RELATIONSHIP()
);
#876=(
REPRESENTATION_RELATIONSHIP($,$,#5637,#5568)
REPRESENTATION_RELATIONSHIP_WITH_TRANSFORMATION(#582)
SHAPE_REPRESENTATION_RELATIONSHIP()
);
#877=(
REPRESENTATION_RELATIONSHIP($,$,#5637,#5568)
REPRESENTATION_RELATIONSHIP_WITH_TRANSFORMATION(#583)
SHAPE_REPRESENTATION_RELATIONSHIP()
);
#878=(
REPRESENTATION_RELATIONSHIP($,$,#5635,#5568)
REPRESENTATION_RELATIONSHIP_WITH_TRANSFORMATION(#584)
SHAPE_REPRESENTATION_RELATIONSHIP()
);
#879=(
REPRESENTATION_RELATIONSHIP($,$,#5616,#5569)
REPRESENTATION_RELATIONSHIP_WITH_TRANSFORMATION(#585)
SHAPE_REPRESENTATION_RELATIONSHIP()
);
#880=(
REPRESENTATION_RELATIONSHIP($,$,#5637,#5569)
REPRESENTATION_RELATIONSHIP_WITH_TRANSFORMATION(#586)
SHAPE_REPRESENTATION_RELATIONSHIP()
);
#881=(
REPRESENTATION_RELATIONSHIP($,$,#5637,#5569)
REPRESENTATION_RELATIONSHIP_WITH_TRANSFORMATION(#587)
SHAPE_REPRESENTATION_RELATIONSHIP()
);
#882=(
REPRESENTATION_RELATIONSHIP($,$,#5635,#5589)
REPRESENTATION_RELATIONSHIP_WITH_TRANSFORMATION(#588)
SHAPE_REPRESENTATION_RELATIONSHIP()
);
#883=(
REPRESENTATION_RELATIONSHIP($,$,#5637,#5589)
REPRESENTATION_RELATIONSHIP_WITH_TRANSFORMATION(#589)
SHAPE_REPRESENTATION_RELATIONSHIP()
);
#884=(
REPRESENTATION_RELATIONSHIP($,$,#5637,#5589)
REPRESENTATION_RELATIONSHIP_WITH_TRANSFORMATION(#590)
SHAPE_REPRESENTATION_RELATIONSHIP()
);
#885=(
REPRESENTATION_RELATIONSHIP($,$,#5637,#5590)
REPRESENTATION_RELATIONSHIP_WITH_TRANSFORMATION(#591)
SHAPE_REPRESENTATION_RELATIONSHIP()
);
#886=(
REPRESENTATION_RELATIONSHIP($,$,#5637,#5590)
REPRESENTATION_RELATIONSHIP_WITH_TRANSFORMATION(#592)
SHAPE_REPRESENTATION_RELATIONSHIP()
);
#887=(
REPRESENTATION_RELATIONSHIP($,$,#5635,#5590)
REPRESENTATION_RELATIONSHIP_WITH_TRANSFORMATION(#593)
SHAPE_REPRESENTATION_RELATIONSHIP()
);
#888=(
REPRESENTATION_RELATIONSHIP($,$,#5635,#5591)
REPRESENTATION_RELATIONSHIP_WITH_TRANSFORMATION(#594)
SHAPE_REPRESENTATION_RELATIONSHIP()
);
#889=(
REPRESENTATION_RELATIONSHIP($,$,#5637,#5591)
REPRESENTATION_RELATIONSHIP_WITH_TRANSFORMATION(#595)
SHAPE_REPRESENTATION_RELATIONSHIP()
);
#890=(
REPRESENTATION_RELATIONSHIP($,$,#5637,#5591)
REPRESENTATION_RELATIONSHIP_WITH_TRANSFORMATION(#596)
SHAPE_REPRESENTATION_RELATIONSHIP()
);
#891=(
REPRESENTATION_RELATIONSHIP($,$,#5635,#5593)
REPRESENTATION_RELATIONSHIP_WITH_TRANSFORMATION(#597)
SHAPE_REPRESENTATION_RELATIONSHIP()
);
#892=(
REPRESENTATION_RELATIONSHIP($,$,#5637,#5593)
REPRESENTATION_RELATIONSHIP_WITH_TRANSFORMATION(#598)
SHAPE_REPRESENTATION_RELATIONSHIP()
);
#893=(
REPRESENTATION_RELATIONSHIP($,$,#5637,#5593)
REPRESENTATION_RELATIONSHIP_WITH_TRANSFORMATION(#599)
SHAPE_REPRESENTATION_RELATIONSHIP()
);
#894=(
REPRESENTATION_RELATIONSHIP($,$,#5637,#5594)
REPRESENTATION_RELATIONSHIP_WITH_TRANSFORMATION(#600)
SHAPE_REPRESENTATION_RELATIONSHIP()
);
#895=(
REPRESENTATION_RELATIONSHIP($,$,#5637,#5594)
REPRESENTATION_RELATIONSHIP_WITH_TRANSFORMATION(#601)
SHAPE_REPRESENTATION_RELATIONSHIP()
);
#896=(
REPRESENTATION_RELATIONSHIP($,$,#5635,#5594)
REPRESENTATION_RELATIONSHIP_WITH_TRANSFORMATION(#602)
SHAPE_REPRESENTATION_RELATIONSHIP()
);
#897=(
REPRESENTATION_RELATIONSHIP($,$,#5637,#5595)
REPRESENTATION_RELATIONSHIP_WITH_TRANSFORMATION(#603)
SHAPE_REPRESENTATION_RELATIONSHIP()
);
#898=(
REPRESENTATION_RELATIONSHIP($,$,#5637,#5595)
REPRESENTATION_RELATIONSHIP_WITH_TRANSFORMATION(#604)
SHAPE_REPRESENTATION_RELATIONSHIP()
);
#899=(
REPRESENTATION_RELATIONSHIP($,$,#5635,#5595)
REPRESENTATION_RELATIONSHIP_WITH_TRANSFORMATION(#605)
SHAPE_REPRESENTATION_RELATIONSHIP()
);
#900=(
REPRESENTATION_RELATIONSHIP($,$,#5635,#5596)
REPRESENTATION_RELATIONSHIP_WITH_TRANSFORMATION(#606)
SHAPE_REPRESENTATION_RELATIONSHIP()
);
#901=(
REPRESENTATION_RELATIONSHIP($,$,#5637,#5596)
REPRESENTATION_RELATIONSHIP_WITH_TRANSFORMATION(#607)
SHAPE_REPRESENTATION_RELATIONSHIP()
);
#902=(
REPRESENTATION_RELATIONSHIP($,$,#5637,#5596)
REPRESENTATION_RELATIONSHIP_WITH_TRANSFORMATION(#608)
SHAPE_REPRESENTATION_RELATIONSHIP()
);
#903=(
REPRESENTATION_RELATIONSHIP($,$,#5637,#5597)
REPRESENTATION_RELATIONSHIP_WITH_TRANSFORMATION(#609)
SHAPE_REPRESENTATION_RELATIONSHIP()
);
#904=(
REPRESENTATION_RELATIONSHIP($,$,#5637,#5597)
REPRESENTATION_RELATIONSHIP_WITH_TRANSFORMATION(#610)
SHAPE_REPRESENTATION_RELATIONSHIP()
);
#905=(
REPRESENTATION_RELATIONSHIP($,$,#5598,#5597)
REPRESENTATION_RELATIONSHIP_WITH_TRANSFORMATION(#611)
SHAPE_REPRESENTATION_RELATIONSHIP()
);
#906=(
REPRESENTATION_RELATIONSHIP($,$,#5635,#5600)
REPRESENTATION_RELATIONSHIP_WITH_TRANSFORMATION(#612)
SHAPE_REPRESENTATION_RELATIONSHIP()
);
#907=(
REPRESENTATION_RELATIONSHIP($,$,#5637,#5600)
REPRESENTATION_RELATIONSHIP_WITH_TRANSFORMATION(#613)
SHAPE_REPRESENTATION_RELATIONSHIP()
);
#908=(
REPRESENTATION_RELATIONSHIP($,$,#5637,#5600)
REPRESENTATION_RELATIONSHIP_WITH_TRANSFORMATION(#614)
SHAPE_REPRESENTATION_RELATIONSHIP()
);
#909=(
REPRESENTATION_RELATIONSHIP($,$,#5637,#5614)
REPRESENTATION_RELATIONSHIP_WITH_TRANSFORMATION(#615)
SHAPE_REPRESENTATION_RELATIONSHIP()
);
#910=(
REPRESENTATION_RELATIONSHIP($,$,#5637,#5614)
REPRESENTATION_RELATIONSHIP_WITH_TRANSFORMATION(#616)
SHAPE_REPRESENTATION_RELATIONSHIP()
);
#911=(
REPRESENTATION_RELATIONSHIP($,$,#5635,#5614)
REPRESENTATION_RELATIONSHIP_WITH_TRANSFORMATION(#617)
SHAPE_REPRESENTATION_RELATIONSHIP()
);
#912=(
REPRESENTATION_RELATIONSHIP($,$,#5635,#5619)
REPRESENTATION_RELATIONSHIP_WITH_TRANSFORMATION(#618)
SHAPE_REPRESENTATION_RELATIONSHIP()
);
#913=(
REPRESENTATION_RELATIONSHIP($,$,#5637,#5619)
REPRESENTATION_RELATIONSHIP_WITH_TRANSFORMATION(#619)
SHAPE_REPRESENTATION_RELATIONSHIP()
);
#914=(
REPRESENTATION_RELATIONSHIP($,$,#5637,#5619)
REPRESENTATION_RELATIONSHIP_WITH_TRANSFORMATION(#620)
SHAPE_REPRESENTATION_RELATIONSHIP()
);
#915=(
REPRESENTATION_RELATIONSHIP($,$,#5637,#5620)
REPRESENTATION_RELATIONSHIP_WITH_TRANSFORMATION(#621)
SHAPE_REPRESENTATION_RELATIONSHIP()
);
#916=(
REPRESENTATION_RELATIONSHIP($,$,#5637,#5620)
REPRESENTATION_RELATIONSHIP_WITH_TRANSFORMATION(#622)
SHAPE_REPRESENTATION_RELATIONSHIP()
);
#917=(
REPRESENTATION_RELATIONSHIP($,$,#5635,#5620)
REPRESENTATION_RELATIONSHIP_WITH_TRANSFORMATION(#623)
SHAPE_REPRESENTATION_RELATIONSHIP()
);
#918=(
REPRESENTATION_RELATIONSHIP($,$,#5637,#5621)
REPRESENTATION_RELATIONSHIP_WITH_TRANSFORMATION(#624)
SHAPE_REPRESENTATION_RELATIONSHIP()
);
#919=(
REPRESENTATION_RELATIONSHIP($,$,#5637,#5621)
REPRESENTATION_RELATIONSHIP_WITH_TRANSFORMATION(#625)
SHAPE_REPRESENTATION_RELATIONSHIP()
);
#920=(
REPRESENTATION_RELATIONSHIP($,$,#5635,#5621)
REPRESENTATION_RELATIONSHIP_WITH_TRANSFORMATION(#626)
SHAPE_REPRESENTATION_RELATIONSHIP()
);
#921=(
REPRESENTATION_RELATIONSHIP($,$,#5635,#5624)
REPRESENTATION_RELATIONSHIP_WITH_TRANSFORMATION(#627)
SHAPE_REPRESENTATION_RELATIONSHIP()
);
#922=(
REPRESENTATION_RELATIONSHIP($,$,#5637,#5624)
REPRESENTATION_RELATIONSHIP_WITH_TRANSFORMATION(#628)
SHAPE_REPRESENTATION_RELATIONSHIP()
);
#923=(
REPRESENTATION_RELATIONSHIP($,$,#5637,#5624)
REPRESENTATION_RELATIONSHIP_WITH_TRANSFORMATION(#629)
SHAPE_REPRESENTATION_RELATIONSHIP()
);
#924=(
REPRESENTATION_RELATIONSHIP($,$,#5635,#5625)
REPRESENTATION_RELATIONSHIP_WITH_TRANSFORMATION(#630)
SHAPE_REPRESENTATION_RELATIONSHIP()
);
#925=(
REPRESENTATION_RELATIONSHIP($,$,#5637,#5625)
REPRESENTATION_RELATIONSHIP_WITH_TRANSFORMATION(#631)
SHAPE_REPRESENTATION_RELATIONSHIP()
);
#926=(
REPRESENTATION_RELATIONSHIP($,$,#5637,#5625)
REPRESENTATION_RELATIONSHIP_WITH_TRANSFORMATION(#632)
SHAPE_REPRESENTATION_RELATIONSHIP()
);
#927=(
REPRESENTATION_RELATIONSHIP($,$,#5635,#5634)
REPRESENTATION_RELATIONSHIP_WITH_TRANSFORMATION(#633)
SHAPE_REPRESENTATION_RELATIONSHIP()
);
#928=(
REPRESENTATION_RELATIONSHIP($,$,#5637,#5634)
REPRESENTATION_RELATIONSHIP_WITH_TRANSFORMATION(#634)
SHAPE_REPRESENTATION_RELATIONSHIP()
);
#929=(
REPRESENTATION_RELATIONSHIP($,$,#5637,#5634)
REPRESENTATION_RELATIONSHIP_WITH_TRANSFORMATION(#635)
SHAPE_REPRESENTATION_RELATIONSHIP()
);
#930=(
REPRESENTATION_RELATIONSHIP($,$,#5566,#5565)
REPRESENTATION_RELATIONSHIP_WITH_TRANSFORMATION(#636)
SHAPE_REPRESENTATION_RELATIONSHIP()
);
#931=(
REPRESENTATION_RELATIONSHIP($,$,#5568,#5565)
REPRESENTATION_RELATIONSHIP_WITH_TRANSFORMATION(#637)
SHAPE_REPRESENTATION_RELATIONSHIP()
);
#932=(
REPRESENTATION_RELATIONSHIP($,$,#5569,#5565)
REPRESENTATION_RELATIONSHIP_WITH_TRANSFORMATION(#638)
SHAPE_REPRESENTATION_RELATIONSHIP()
);
#933=(
REPRESENTATION_RELATIONSHIP($,$,#5570,#5565)
REPRESENTATION_RELATIONSHIP_WITH_TRANSFORMATION(#639)
SHAPE_REPRESENTATION_RELATIONSHIP()
);
#934=(
REPRESENTATION_RELATIONSHIP($,$,#5575,#5565)
REPRESENTATION_RELATIONSHIP_WITH_TRANSFORMATION(#640)
SHAPE_REPRESENTATION_RELATIONSHIP()
);
#935=(
REPRESENTATION_RELATIONSHIP($,$,#5580,#5565)
REPRESENTATION_RELATIONSHIP_WITH_TRANSFORMATION(#641)
SHAPE_REPRESENTATION_RELATIONSHIP()
);
#936=(
REPRESENTATION_RELATIONSHIP($,$,#5581,#5565)
REPRESENTATION_RELATIONSHIP_WITH_TRANSFORMATION(#642)
SHAPE_REPRESENTATION_RELATIONSHIP()
);
#937=(
REPRESENTATION_RELATIONSHIP($,$,#5584,#5565)
REPRESENTATION_RELATIONSHIP_WITH_TRANSFORMATION(#643)
SHAPE_REPRESENTATION_RELATIONSHIP()
);
#938=(
REPRESENTATION_RELATIONSHIP($,$,#5589,#5565)
REPRESENTATION_RELATIONSHIP_WITH_TRANSFORMATION(#644)
SHAPE_REPRESENTATION_RELATIONSHIP()
);
#939=(
REPRESENTATION_RELATIONSHIP($,$,#5590,#5565)
REPRESENTATION_RELATIONSHIP_WITH_TRANSFORMATION(#645)
SHAPE_REPRESENTATION_RELATIONSHIP()
);
#940=(
REPRESENTATION_RELATIONSHIP($,$,#5591,#5565)
REPRESENTATION_RELATIONSHIP_WITH_TRANSFORMATION(#646)
SHAPE_REPRESENTATION_RELATIONSHIP()
);
#941=(
REPRESENTATION_RELATIONSHIP($,$,#5592,#5565)
REPRESENTATION_RELATIONSHIP_WITH_TRANSFORMATION(#647)
SHAPE_REPRESENTATION_RELATIONSHIP()
);
#942=(
REPRESENTATION_RELATIONSHIP($,$,#5593,#5565)
REPRESENTATION_RELATIONSHIP_WITH_TRANSFORMATION(#648)
SHAPE_REPRESENTATION_RELATIONSHIP()
);
#943=(
REPRESENTATION_RELATIONSHIP($,$,#5594,#5565)
REPRESENTATION_RELATIONSHIP_WITH_TRANSFORMATION(#649)
SHAPE_REPRESENTATION_RELATIONSHIP()
);
#944=(
REPRESENTATION_RELATIONSHIP($,$,#5595,#5565)
REPRESENTATION_RELATIONSHIP_WITH_TRANSFORMATION(#650)
SHAPE_REPRESENTATION_RELATIONSHIP()
);
#945=(
REPRESENTATION_RELATIONSHIP($,$,#5596,#5565)
REPRESENTATION_RELATIONSHIP_WITH_TRANSFORMATION(#651)
SHAPE_REPRESENTATION_RELATIONSHIP()
);
#946=(
REPRESENTATION_RELATIONSHIP($,$,#5597,#5565)
REPRESENTATION_RELATIONSHIP_WITH_TRANSFORMATION(#652)
SHAPE_REPRESENTATION_RELATIONSHIP()
);
#947=(
REPRESENTATION_RELATIONSHIP($,$,#5600,#5565)
REPRESENTATION_RELATIONSHIP_WITH_TRANSFORMATION(#653)
SHAPE_REPRESENTATION_RELATIONSHIP()
);
#948=(
REPRESENTATION_RELATIONSHIP($,$,#5601,#5565)
REPRESENTATION_RELATIONSHIP_WITH_TRANSFORMATION(#654)
SHAPE_REPRESENTATION_RELATIONSHIP()
);
#949=(
REPRESENTATION_RELATIONSHIP($,$,#5611,#5565)
REPRESENTATION_RELATIONSHIP_WITH_TRANSFORMATION(#655)
SHAPE_REPRESENTATION_RELATIONSHIP()
);
#950=(
REPRESENTATION_RELATIONSHIP($,$,#5614,#5565)
REPRESENTATION_RELATIONSHIP_WITH_TRANSFORMATION(#656)
SHAPE_REPRESENTATION_RELATIONSHIP()
);
#951=(
REPRESENTATION_RELATIONSHIP($,$,#5615,#5565)
REPRESENTATION_RELATIONSHIP_WITH_TRANSFORMATION(#657)
SHAPE_REPRESENTATION_RELATIONSHIP()
);
#952=(
REPRESENTATION_RELATIONSHIP($,$,#5618,#5565)
REPRESENTATION_RELATIONSHIP_WITH_TRANSFORMATION(#658)
SHAPE_REPRESENTATION_RELATIONSHIP()
);
#953=(
REPRESENTATION_RELATIONSHIP($,$,#5619,#5565)
REPRESENTATION_RELATIONSHIP_WITH_TRANSFORMATION(#659)
SHAPE_REPRESENTATION_RELATIONSHIP()
);
#954=(
REPRESENTATION_RELATIONSHIP($,$,#5620,#5565)
REPRESENTATION_RELATIONSHIP_WITH_TRANSFORMATION(#660)
SHAPE_REPRESENTATION_RELATIONSHIP()
);
#955=(
REPRESENTATION_RELATIONSHIP($,$,#5621,#5565)
REPRESENTATION_RELATIONSHIP_WITH_TRANSFORMATION(#661)
SHAPE_REPRESENTATION_RELATIONSHIP()
);
#956=(
REPRESENTATION_RELATIONSHIP($,$,#5622,#5565)
REPRESENTATION_RELATIONSHIP_WITH_TRANSFORMATION(#662)
SHAPE_REPRESENTATION_RELATIONSHIP()
);
#957=(
REPRESENTATION_RELATIONSHIP($,$,#5623,#5565)
REPRESENTATION_RELATIONSHIP_WITH_TRANSFORMATION(#663)
SHAPE_REPRESENTATION_RELATIONSHIP()
);
#958=(
REPRESENTATION_RELATIONSHIP($,$,#5624,#5565)
REPRESENTATION_RELATIONSHIP_WITH_TRANSFORMATION(#664)
SHAPE_REPRESENTATION_RELATIONSHIP()
);
#959=(
REPRESENTATION_RELATIONSHIP($,$,#5625,#5565)
REPRESENTATION_RELATIONSHIP_WITH_TRANSFORMATION(#665)
SHAPE_REPRESENTATION_RELATIONSHIP()
);
#960=(
REPRESENTATION_RELATIONSHIP($,$,#5626,#5565)
REPRESENTATION_RELATIONSHIP_WITH_TRANSFORMATION(#666)
SHAPE_REPRESENTATION_RELATIONSHIP()
);
#961=(
REPRESENTATION_RELATIONSHIP($,$,#5631,#5565)
REPRESENTATION_RELATIONSHIP_WITH_TRANSFORMATION(#667)
SHAPE_REPRESENTATION_RELATIONSHIP()
);
#962=(
REPRESENTATION_RELATIONSHIP($,$,#5634,#5565)
REPRESENTATION_RELATIONSHIP_WITH_TRANSFORMATION(#668)
SHAPE_REPRESENTATION_RELATIONSHIP()
);
#963=(
REPRESENTATION_RELATIONSHIP($,$,#5565,#5564)
REPRESENTATION_RELATIONSHIP_WITH_TRANSFORMATION(#669)
SHAPE_REPRESENTATION_RELATIONSHIP()
);
#964=(
REPRESENTATION_RELATIONSHIP($,$,#5641,#5639)
REPRESENTATION_RELATIONSHIP_WITH_TRANSFORMATION(#670)
SHAPE_REPRESENTATION_RELATIONSHIP()
);
#965=(
REPRESENTATION_RELATIONSHIP($,$,#5641,#5640)
REPRESENTATION_RELATIONSHIP_WITH_TRANSFORMATION(#671)
SHAPE_REPRESENTATION_RELATIONSHIP()
);
#966=(
REPRESENTATION_RELATIONSHIP($,$,#5646,#5645)
REPRESENTATION_RELATIONSHIP_WITH_TRANSFORMATION(#672)
SHAPE_REPRESENTATION_RELATIONSHIP()
);
#967=(
REPRESENTATION_RELATIONSHIP($,$,#5649,#5648)
REPRESENTATION_RELATIONSHIP_WITH_TRANSFORMATION(#673)
SHAPE_REPRESENTATION_RELATIONSHIP()
);
#968=(
REPRESENTATION_RELATIONSHIP($,$,#5650,#5648)
REPRESENTATION_RELATIONSHIP_WITH_TRANSFORMATION(#674)
SHAPE_REPRESENTATION_RELATIONSHIP()
);
#969=(
REPRESENTATION_RELATIONSHIP($,$,#5644,#5643)
REPRESENTATION_RELATIONSHIP_WITH_TRANSFORMATION(#675)
SHAPE_REPRESENTATION_RELATIONSHIP()
);
#970=(
REPRESENTATION_RELATIONSHIP($,$,#5645,#5643)
REPRESENTATION_RELATIONSHIP_WITH_TRANSFORMATION(#676)
SHAPE_REPRESENTATION_RELATIONSHIP()
);
#971=(
REPRESENTATION_RELATIONSHIP($,$,#5647,#5643)
REPRESENTATION_RELATIONSHIP_WITH_TRANSFORMATION(#677)
SHAPE_REPRESENTATION_RELATIONSHIP()
);
#972=(
REPRESENTATION_RELATIONSHIP($,$,#5648,#5643)
REPRESENTATION_RELATIONSHIP_WITH_TRANSFORMATION(#678)
SHAPE_REPRESENTATION_RELATIONSHIP()
);
#973=(
REPRESENTATION_RELATIONSHIP($,$,#5648,#5643)
REPRESENTATION_RELATIONSHIP_WITH_TRANSFORMATION(#679)
SHAPE_REPRESENTATION_RELATIONSHIP()
);
#974=(
REPRESENTATION_RELATIONSHIP($,$,#5648,#5643)
REPRESENTATION_RELATIONSHIP_WITH_TRANSFORMATION(#680)
SHAPE_REPRESENTATION_RELATIONSHIP()
);
#975=(
REPRESENTATION_RELATIONSHIP($,$,#5648,#5643)
REPRESENTATION_RELATIONSHIP_WITH_TRANSFORMATION(#681)
SHAPE_REPRESENTATION_RELATIONSHIP()
);
#976=(
REPRESENTATION_RELATIONSHIP($,$,#5648,#5643)
REPRESENTATION_RELATIONSHIP_WITH_TRANSFORMATION(#682)
SHAPE_REPRESENTATION_RELATIONSHIP()
);
#977=(
REPRESENTATION_RELATIONSHIP($,$,#5648,#5643)
REPRESENTATION_RELATIONSHIP_WITH_TRANSFORMATION(#683)
SHAPE_REPRESENTATION_RELATIONSHIP()
);
#978=(
REPRESENTATION_RELATIONSHIP($,$,#5648,#5643)
REPRESENTATION_RELATIONSHIP_WITH_TRANSFORMATION(#684)
SHAPE_REPRESENTATION_RELATIONSHIP()
);
#979=(
REPRESENTATION_RELATIONSHIP($,$,#5648,#5643)
REPRESENTATION_RELATIONSHIP_WITH_TRANSFORMATION(#685)
SHAPE_REPRESENTATION_RELATIONSHIP()
);
#980=(
REPRESENTATION_RELATIONSHIP($,$,#5643,#5642)
REPRESENTATION_RELATIONSHIP_WITH_TRANSFORMATION(#686)
SHAPE_REPRESENTATION_RELATIONSHIP()
);
#981=(
REPRESENTATION_RELATIONSHIP($,$,#5666,#5665)
REPRESENTATION_RELATIONSHIP_WITH_TRANSFORMATION(#687)
SHAPE_REPRESENTATION_RELATIONSHIP()
);
#982=(
REPRESENTATION_RELATIONSHIP($,$,#5679,#5678)
REPRESENTATION_RELATIONSHIP_WITH_TRANSFORMATION(#688)
SHAPE_REPRESENTATION_RELATIONSHIP()
);
#983=(
REPRESENTATION_RELATIONSHIP($,$,#5681,#5680)
REPRESENTATION_RELATIONSHIP_WITH_TRANSFORMATION(#689)
SHAPE_REPRESENTATION_RELATIONSHIP()
);
#984=(
REPRESENTATION_RELATIONSHIP($,$,#5677,#5676)
REPRESENTATION_RELATIONSHIP_WITH_TRANSFORMATION(#690)
SHAPE_REPRESENTATION_RELATIONSHIP()
);
#985=(
REPRESENTATION_RELATIONSHIP($,$,#5678,#5676)
REPRESENTATION_RELATIONSHIP_WITH_TRANSFORMATION(#691)
SHAPE_REPRESENTATION_RELATIONSHIP()
);
#986=(
REPRESENTATION_RELATIONSHIP($,$,#5680,#5676)
REPRESENTATION_RELATIONSHIP_WITH_TRANSFORMATION(#692)
SHAPE_REPRESENTATION_RELATIONSHIP()
);
#987=(
REPRESENTATION_RELATIONSHIP($,$,#5680,#5676)
REPRESENTATION_RELATIONSHIP_WITH_TRANSFORMATION(#693)
SHAPE_REPRESENTATION_RELATIONSHIP()
);
#988=(
REPRESENTATION_RELATIONSHIP($,$,#5680,#5676)
REPRESENTATION_RELATIONSHIP_WITH_TRANSFORMATION(#694)
SHAPE_REPRESENTATION_RELATIONSHIP()
);
#989=(
REPRESENTATION_RELATIONSHIP($,$,#5680,#5676)
REPRESENTATION_RELATIONSHIP_WITH_TRANSFORMATION(#695)
SHAPE_REPRESENTATION_RELATIONSHIP()
);
#990=(
REPRESENTATION_RELATIONSHIP($,$,#5680,#5676)
REPRESENTATION_RELATIONSHIP_WITH_TRANSFORMATION(#696)
SHAPE_REPRESENTATION_RELATIONSHIP()
);
#991=(
REPRESENTATION_RELATIONSHIP($,$,#5680,#5676)
REPRESENTATION_RELATIONSHIP_WITH_TRANSFORMATION(#697)
SHAPE_REPRESENTATION_RELATIONSHIP()
);
#992=(
REPRESENTATION_RELATIONSHIP($,$,#5680,#5676)
REPRESENTATION_RELATIONSHIP_WITH_TRANSFORMATION(#698)
SHAPE_REPRESENTATION_RELATIONSHIP()
);
#993=(
REPRESENTATION_RELATIONSHIP($,$,#5680,#5676)
REPRESENTATION_RELATIONSHIP_WITH_TRANSFORMATION(#699)
SHAPE_REPRESENTATION_RELATIONSHIP()
);
#994=(
REPRESENTATION_RELATIONSHIP($,$,#5676,#5675)
REPRESENTATION_RELATIONSHIP_WITH_TRANSFORMATION(#700)
SHAPE_REPRESENTATION_RELATIONSHIP()
);
#995=(
REPRESENTATION_RELATIONSHIP($,$,#5684,#5683)
REPRESENTATION_RELATIONSHIP_WITH_TRANSFORMATION(#701)
SHAPE_REPRESENTATION_RELATIONSHIP()
);
#996=(
REPRESENTATION_RELATIONSHIP($,$,#5683,#5682)
REPRESENTATION_RELATIONSHIP_WITH_TRANSFORMATION(#702)
SHAPE_REPRESENTATION_RELATIONSHIP()
);
#997=(
REPRESENTATION_RELATIONSHIP($,$,#5686,#5563)
REPRESENTATION_RELATIONSHIP_WITH_TRANSFORMATION(#703)
SHAPE_REPRESENTATION_RELATIONSHIP()
);
#998=(
REPRESENTATION_RELATIONSHIP($,$,#5686,#5669)
REPRESENTATION_RELATIONSHIP_WITH_TRANSFORMATION(#704)
SHAPE_REPRESENTATION_RELATIONSHIP()
);
#999=(
REPRESENTATION_RELATIONSHIP($,$,#5686,#5670)
REPRESENTATION_RELATIONSHIP_WITH_TRANSFORMATION(#705)
SHAPE_REPRESENTATION_RELATIONSHIP()
);
#1000=(
REPRESENTATION_RELATIONSHIP($,$,#5686,#5685)
REPRESENTATION_RELATIONSHIP_WITH_TRANSFORMATION(#706)
SHAPE_REPRESENTATION_RELATIONSHIP()
);
#1001=(
REPRESENTATION_RELATIONSHIP($,$,#5689,#5559)
REPRESENTATION_RELATIONSHIP_WITH_TRANSFORMATION(#707)
SHAPE_REPRESENTATION_RELATIONSHIP()
);
#1002=(
REPRESENTATION_RELATIONSHIP($,$,#5689,#5668)
REPRESENTATION_RELATIONSHIP_WITH_TRANSFORMATION(#708)
SHAPE_REPRESENTATION_RELATIONSHIP()
);
#1003=(
REPRESENTATION_RELATIONSHIP($,$,#5689,#5672)
REPRESENTATION_RELATIONSHIP_WITH_TRANSFORMATION(#709)
SHAPE_REPRESENTATION_RELATIONSHIP()
);
#1004=(
REPRESENTATION_RELATIONSHIP($,$,#5689,#5673)
REPRESENTATION_RELATIONSHIP_WITH_TRANSFORMATION(#710)
SHAPE_REPRESENTATION_RELATIONSHIP()
);
#1005=(
REPRESENTATION_RELATIONSHIP($,$,#5689,#5687)
REPRESENTATION_RELATIONSHIP_WITH_TRANSFORMATION(#711)
SHAPE_REPRESENTATION_RELATIONSHIP()
);
#1006=(
REPRESENTATION_RELATIONSHIP($,$,#5689,#5688)
REPRESENTATION_RELATIONSHIP_WITH_TRANSFORMATION(#712)
SHAPE_REPRESENTATION_RELATIONSHIP()
);
#1007=(
REPRESENTATION_RELATIONSHIP($,$,#5693,#5671)
REPRESENTATION_RELATIONSHIP_WITH_TRANSFORMATION(#713)
SHAPE_REPRESENTATION_RELATIONSHIP()
);
#1008=(
REPRESENTATION_RELATIONSHIP($,$,#5693,#5674)
REPRESENTATION_RELATIONSHIP_WITH_TRANSFORMATION(#714)
SHAPE_REPRESENTATION_RELATIONSHIP()
);
#1009=(
REPRESENTATION_RELATIONSHIP($,$,#5693,#5690)
REPRESENTATION_RELATIONSHIP_WITH_TRANSFORMATION(#715)
SHAPE_REPRESENTATION_RELATIONSHIP()
);
#1010=(
REPRESENTATION_RELATIONSHIP($,$,#5693,#5691)
REPRESENTATION_RELATIONSHIP_WITH_TRANSFORMATION(#716)
SHAPE_REPRESENTATION_RELATIONSHIP()
);
#1011=(
REPRESENTATION_RELATIONSHIP($,$,#5693,#5692)
REPRESENTATION_RELATIONSHIP_WITH_TRANSFORMATION(#717)
SHAPE_REPRESENTATION_RELATIONSHIP()
);
#1012=(
REPRESENTATION_RELATIONSHIP($,$,#5700,#5699)
REPRESENTATION_RELATIONSHIP_WITH_TRANSFORMATION(#718)
SHAPE_REPRESENTATION_RELATIONSHIP()
);
#1013=(
REPRESENTATION_RELATIONSHIP($,$,#5699,#5698)
REPRESENTATION_RELATIONSHIP_WITH_TRANSFORMATION(#719)
SHAPE_REPRESENTATION_RELATIONSHIP()
);
#1014=(
REPRESENTATION_RELATIONSHIP($,$,#5701,#5698)
REPRESENTATION_RELATIONSHIP_WITH_TRANSFORMATION(#720)
SHAPE_REPRESENTATION_RELATIONSHIP()
);
#1015=(
REPRESENTATION_RELATIONSHIP($,$,#5701,#5698)
REPRESENTATION_RELATIONSHIP_WITH_TRANSFORMATION(#721)
SHAPE_REPRESENTATION_RELATIONSHIP()
);
#1016=(
REPRESENTATION_RELATIONSHIP($,$,#5698,#5697)
REPRESENTATION_RELATIONSHIP_WITH_TRANSFORMATION(#722)
SHAPE_REPRESENTATION_RELATIONSHIP()
);
#1017=(
REPRESENTATION_RELATIONSHIP($,$,#5697,#5696)
REPRESENTATION_RELATIONSHIP_WITH_TRANSFORMATION(#723)
SHAPE_REPRESENTATION_RELATIONSHIP()
);
#1018=(
REPRESENTATION_RELATIONSHIP($,$,#5704,#5556)
REPRESENTATION_RELATIONSHIP_WITH_TRANSFORMATION(#724)
SHAPE_REPRESENTATION_RELATIONSHIP()
);
#1019=(
REPRESENTATION_RELATIONSHIP($,$,#5704,#5557)
REPRESENTATION_RELATIONSHIP_WITH_TRANSFORMATION(#725)
SHAPE_REPRESENTATION_RELATIONSHIP()
);
#1020=(
REPRESENTATION_RELATIONSHIP($,$,#5704,#5558)
REPRESENTATION_RELATIONSHIP_WITH_TRANSFORMATION(#726)
SHAPE_REPRESENTATION_RELATIONSHIP()
);
#1021=(
REPRESENTATION_RELATIONSHIP($,$,#5704,#5651)
REPRESENTATION_RELATIONSHIP_WITH_TRANSFORMATION(#727)
SHAPE_REPRESENTATION_RELATIONSHIP()
);
#1022=(
REPRESENTATION_RELATIONSHIP($,$,#5704,#5652)
REPRESENTATION_RELATIONSHIP_WITH_TRANSFORMATION(#728)
SHAPE_REPRESENTATION_RELATIONSHIP()
);
#1023=(
REPRESENTATION_RELATIONSHIP($,$,#5704,#5653)
REPRESENTATION_RELATIONSHIP_WITH_TRANSFORMATION(#729)
SHAPE_REPRESENTATION_RELATIONSHIP()
);
#1024=(
REPRESENTATION_RELATIONSHIP($,$,#5704,#5654)
REPRESENTATION_RELATIONSHIP_WITH_TRANSFORMATION(#730)
SHAPE_REPRESENTATION_RELATIONSHIP()
);
#1025=(
REPRESENTATION_RELATIONSHIP($,$,#5704,#5655)
REPRESENTATION_RELATIONSHIP_WITH_TRANSFORMATION(#731)
SHAPE_REPRESENTATION_RELATIONSHIP()
);
#1026=(
REPRESENTATION_RELATIONSHIP($,$,#5704,#5656)
REPRESENTATION_RELATIONSHIP_WITH_TRANSFORMATION(#732)
SHAPE_REPRESENTATION_RELATIONSHIP()
);
#1027=(
REPRESENTATION_RELATIONSHIP($,$,#5704,#5657)
REPRESENTATION_RELATIONSHIP_WITH_TRANSFORMATION(#733)
SHAPE_REPRESENTATION_RELATIONSHIP()
);
#1028=(
REPRESENTATION_RELATIONSHIP($,$,#5704,#5658)
REPRESENTATION_RELATIONSHIP_WITH_TRANSFORMATION(#734)
SHAPE_REPRESENTATION_RELATIONSHIP()
);
#1029=(
REPRESENTATION_RELATIONSHIP($,$,#5704,#5659)
REPRESENTATION_RELATIONSHIP_WITH_TRANSFORMATION(#735)
SHAPE_REPRESENTATION_RELATIONSHIP()
);
#1030=(
REPRESENTATION_RELATIONSHIP($,$,#5704,#5660)
REPRESENTATION_RELATIONSHIP_WITH_TRANSFORMATION(#736)
SHAPE_REPRESENTATION_RELATIONSHIP()
);
#1031=(
REPRESENTATION_RELATIONSHIP($,$,#5704,#5661)
REPRESENTATION_RELATIONSHIP_WITH_TRANSFORMATION(#737)
SHAPE_REPRESENTATION_RELATIONSHIP()
);
#1032=(
REPRESENTATION_RELATIONSHIP($,$,#5704,#5662)
REPRESENTATION_RELATIONSHIP_WITH_TRANSFORMATION(#738)
SHAPE_REPRESENTATION_RELATIONSHIP()
);
#1033=(
REPRESENTATION_RELATIONSHIP($,$,#5704,#5663)
REPRESENTATION_RELATIONSHIP_WITH_TRANSFORMATION(#739)
SHAPE_REPRESENTATION_RELATIONSHIP()
);
#1034=(
REPRESENTATION_RELATIONSHIP($,$,#5704,#5664)
REPRESENTATION_RELATIONSHIP_WITH_TRANSFORMATION(#740)
SHAPE_REPRESENTATION_RELATIONSHIP()
);
#1035=(
REPRESENTATION_RELATIONSHIP($,$,#5704,#5694)
REPRESENTATION_RELATIONSHIP_WITH_TRANSFORMATION(#741)
SHAPE_REPRESENTATION_RELATIONSHIP()
);
#1036=(
REPRESENTATION_RELATIONSHIP($,$,#5704,#5695)
REPRESENTATION_RELATIONSHIP_WITH_TRANSFORMATION(#742)
SHAPE_REPRESENTATION_RELATIONSHIP()
);
#1037=(
REPRESENTATION_RELATIONSHIP($,$,#5704,#5702)
REPRESENTATION_RELATIONSHIP_WITH_TRANSFORMATION(#743)
SHAPE_REPRESENTATION_RELATIONSHIP()
);
#1038=(
REPRESENTATION_RELATIONSHIP($,$,#5704,#5703)
REPRESENTATION_RELATIONSHIP_WITH_TRANSFORMATION(#744)
SHAPE_REPRESENTATION_RELATIONSHIP()
);
#1039=(
REPRESENTATION_RELATIONSHIP($,$,#5706,#5705)
REPRESENTATION_RELATIONSHIP_WITH_TRANSFORMATION(#745)
SHAPE_REPRESENTATION_RELATIONSHIP()
);
#1040=(
REPRESENTATION_RELATIONSHIP($,$,#5708,#5667)
REPRESENTATION_RELATIONSHIP_WITH_TRANSFORMATION(#746)
SHAPE_REPRESENTATION_RELATIONSHIP()
);
#1041=(
REPRESENTATION_RELATIONSHIP($,$,#5708,#5707)
REPRESENTATION_RELATIONSHIP_WITH_TRANSFORMATION(#747)
SHAPE_REPRESENTATION_RELATIONSHIP()
);
#1042=(
REPRESENTATION_RELATIONSHIP($,$,#5711,#5709)
REPRESENTATION_RELATIONSHIP_WITH_TRANSFORMATION(#748)
SHAPE_REPRESENTATION_RELATIONSHIP()
);
#1043=(
REPRESENTATION_RELATIONSHIP($,$,#5711,#5709)
REPRESENTATION_RELATIONSHIP_WITH_TRANSFORMATION(#749)
SHAPE_REPRESENTATION_RELATIONSHIP()
);
#1044=(
REPRESENTATION_RELATIONSHIP($,$,#5711,#5710)
REPRESENTATION_RELATIONSHIP_WITH_TRANSFORMATION(#750)
SHAPE_REPRESENTATION_RELATIONSHIP()
);
#1045=(
REPRESENTATION_RELATIONSHIP($,$,#5711,#5710)
REPRESENTATION_RELATIONSHIP_WITH_TRANSFORMATION(#751)
SHAPE_REPRESENTATION_RELATIONSHIP()
);
#1046=(
REPRESENTATION_RELATIONSHIP($,$,#5713,#5712)
REPRESENTATION_RELATIONSHIP_WITH_TRANSFORMATION(#752)
SHAPE_REPRESENTATION_RELATIONSHIP()
);
#1047=(
REPRESENTATION_RELATIONSHIP($,$,#5716,#5715)
REPRESENTATION_RELATIONSHIP_WITH_TRANSFORMATION(#753)
SHAPE_REPRESENTATION_RELATIONSHIP()
);
#1048=(
REPRESENTATION_RELATIONSHIP($,$,#5715,#5714)
REPRESENTATION_RELATIONSHIP_WITH_TRANSFORMATION(#754)
SHAPE_REPRESENTATION_RELATIONSHIP()
);
#1049=(
REPRESENTATION_RELATIONSHIP($,$,#5718,#5717)
REPRESENTATION_RELATIONSHIP_WITH_TRANSFORMATION(#755)
SHAPE_REPRESENTATION_RELATIONSHIP()
);
#1050=(
REPRESENTATION_RELATIONSHIP($,$,#5720,#5719)
REPRESENTATION_RELATIONSHIP_WITH_TRANSFORMATION(#756)
SHAPE_REPRESENTATION_RELATIONSHIP()
);
#1051=(
REPRESENTATION_RELATIONSHIP($,$,#5554,#5553)
REPRESENTATION_RELATIONSHIP_WITH_TRANSFORMATION(#757)
SHAPE_REPRESENTATION_RELATIONSHIP()
);
#1052=(
REPRESENTATION_RELATIONSHIP($,$,#5556,#5553)
REPRESENTATION_RELATIONSHIP_WITH_TRANSFORMATION(#758)
SHAPE_REPRESENTATION_RELATIONSHIP()
);
#1053=(
REPRESENTATION_RELATIONSHIP($,$,#5557,#5553)
REPRESENTATION_RELATIONSHIP_WITH_TRANSFORMATION(#759)
SHAPE_REPRESENTATION_RELATIONSHIP()
);
#1054=(
REPRESENTATION_RELATIONSHIP($,$,#5558,#5553)
REPRESENTATION_RELATIONSHIP_WITH_TRANSFORMATION(#760)
SHAPE_REPRESENTATION_RELATIONSHIP()
);
#1055=(
REPRESENTATION_RELATIONSHIP($,$,#5559,#5553)
REPRESENTATION_RELATIONSHIP_WITH_TRANSFORMATION(#761)
SHAPE_REPRESENTATION_RELATIONSHIP()
);
#1056=(
REPRESENTATION_RELATIONSHIP($,$,#5560,#5553)
REPRESENTATION_RELATIONSHIP_WITH_TRANSFORMATION(#762)
SHAPE_REPRESENTATION_RELATIONSHIP()
);
#1057=(
REPRESENTATION_RELATIONSHIP($,$,#5563,#5553)
REPRESENTATION_RELATIONSHIP_WITH_TRANSFORMATION(#763)
SHAPE_REPRESENTATION_RELATIONSHIP()
);
#1058=(
REPRESENTATION_RELATIONSHIP($,$,#5564,#5553)
REPRESENTATION_RELATIONSHIP_WITH_TRANSFORMATION(#764)
SHAPE_REPRESENTATION_RELATIONSHIP()
);
#1059=(
REPRESENTATION_RELATIONSHIP($,$,#5639,#5553)
REPRESENTATION_RELATIONSHIP_WITH_TRANSFORMATION(#765)
SHAPE_REPRESENTATION_RELATIONSHIP()
);
#1060=(
REPRESENTATION_RELATIONSHIP($,$,#5640,#5553)
REPRESENTATION_RELATIONSHIP_WITH_TRANSFORMATION(#766)
SHAPE_REPRESENTATION_RELATIONSHIP()
);
#1061=(
REPRESENTATION_RELATIONSHIP($,$,#5642,#5553)
REPRESENTATION_RELATIONSHIP_WITH_TRANSFORMATION(#767)
SHAPE_REPRESENTATION_RELATIONSHIP()
);
#1062=(
REPRESENTATION_RELATIONSHIP($,$,#5651,#5553)
REPRESENTATION_RELATIONSHIP_WITH_TRANSFORMATION(#768)
SHAPE_REPRESENTATION_RELATIONSHIP()
);
#1063=(
REPRESENTATION_RELATIONSHIP($,$,#5652,#5553)
REPRESENTATION_RELATIONSHIP_WITH_TRANSFORMATION(#769)
SHAPE_REPRESENTATION_RELATIONSHIP()
);
#1064=(
REPRESENTATION_RELATIONSHIP($,$,#5653,#5553)
REPRESENTATION_RELATIONSHIP_WITH_TRANSFORMATION(#770)
SHAPE_REPRESENTATION_RELATIONSHIP()
);
#1065=(
REPRESENTATION_RELATIONSHIP($,$,#5654,#5553)
REPRESENTATION_RELATIONSHIP_WITH_TRANSFORMATION(#771)
SHAPE_REPRESENTATION_RELATIONSHIP()
);
#1066=(
REPRESENTATION_RELATIONSHIP($,$,#5655,#5553)
REPRESENTATION_RELATIONSHIP_WITH_TRANSFORMATION(#772)
SHAPE_REPRESENTATION_RELATIONSHIP()
);
#1067=(
REPRESENTATION_RELATIONSHIP($,$,#5656,#5553)
REPRESENTATION_RELATIONSHIP_WITH_TRANSFORMATION(#773)
SHAPE_REPRESENTATION_RELATIONSHIP()
);
#1068=(
REPRESENTATION_RELATIONSHIP($,$,#5657,#5553)
REPRESENTATION_RELATIONSHIP_WITH_TRANSFORMATION(#774)
SHAPE_REPRESENTATION_RELATIONSHIP()
);
#1069=(
REPRESENTATION_RELATIONSHIP($,$,#5658,#5553)
REPRESENTATION_RELATIONSHIP_WITH_TRANSFORMATION(#775)
SHAPE_REPRESENTATION_RELATIONSHIP()
);
#1070=(
REPRESENTATION_RELATIONSHIP($,$,#5659,#5553)
REPRESENTATION_RELATIONSHIP_WITH_TRANSFORMATION(#776)
SHAPE_REPRESENTATION_RELATIONSHIP()
);
#1071=(
REPRESENTATION_RELATIONSHIP($,$,#5660,#5553)
REPRESENTATION_RELATIONSHIP_WITH_TRANSFORMATION(#777)
SHAPE_REPRESENTATION_RELATIONSHIP()
);
#1072=(
REPRESENTATION_RELATIONSHIP($,$,#5661,#5553)
REPRESENTATION_RELATIONSHIP_WITH_TRANSFORMATION(#778)
SHAPE_REPRESENTATION_RELATIONSHIP()
);
#1073=(
REPRESENTATION_RELATIONSHIP($,$,#5662,#5553)
REPRESENTATION_RELATIONSHIP_WITH_TRANSFORMATION(#779)
SHAPE_REPRESENTATION_RELATIONSHIP()
);
#1074=(
REPRESENTATION_RELATIONSHIP($,$,#5663,#5553)
REPRESENTATION_RELATIONSHIP_WITH_TRANSFORMATION(#780)
SHAPE_REPRESENTATION_RELATIONSHIP()
);
#1075=(
REPRESENTATION_RELATIONSHIP($,$,#5664,#5553)
REPRESENTATION_RELATIONSHIP_WITH_TRANSFORMATION(#781)
SHAPE_REPRESENTATION_RELATIONSHIP()
);
#1076=(
REPRESENTATION_RELATIONSHIP($,$,#5665,#5553)
REPRESENTATION_RELATIONSHIP_WITH_TRANSFORMATION(#782)
SHAPE_REPRESENTATION_RELATIONSHIP()
);
#1077=(
REPRESENTATION_RELATIONSHIP($,$,#5667,#5553)
REPRESENTATION_RELATIONSHIP_WITH_TRANSFORMATION(#783)
SHAPE_REPRESENTATION_RELATIONSHIP()
);
#1078=(
REPRESENTATION_RELATIONSHIP($,$,#5668,#5553)
REPRESENTATION_RELATIONSHIP_WITH_TRANSFORMATION(#784)
SHAPE_REPRESENTATION_RELATIONSHIP()
);
#1079=(
REPRESENTATION_RELATIONSHIP($,$,#5669,#5553)
REPRESENTATION_RELATIONSHIP_WITH_TRANSFORMATION(#785)
SHAPE_REPRESENTATION_RELATIONSHIP()
);
#1080=(
REPRESENTATION_RELATIONSHIP($,$,#5670,#5553)
REPRESENTATION_RELATIONSHIP_WITH_TRANSFORMATION(#786)
SHAPE_REPRESENTATION_RELATIONSHIP()
);
#1081=(
REPRESENTATION_RELATIONSHIP($,$,#5671,#5553)
REPRESENTATION_RELATIONSHIP_WITH_TRANSFORMATION(#787)
SHAPE_REPRESENTATION_RELATIONSHIP()
);
#1082=(
REPRESENTATION_RELATIONSHIP($,$,#5672,#5553)
REPRESENTATION_RELATIONSHIP_WITH_TRANSFORMATION(#788)
SHAPE_REPRESENTATION_RELATIONSHIP()
);
#1083=(
REPRESENTATION_RELATIONSHIP($,$,#5673,#5553)
REPRESENTATION_RELATIONSHIP_WITH_TRANSFORMATION(#789)
SHAPE_REPRESENTATION_RELATIONSHIP()
);
#1084=(
REPRESENTATION_RELATIONSHIP($,$,#5674,#5553)
REPRESENTATION_RELATIONSHIP_WITH_TRANSFORMATION(#790)
SHAPE_REPRESENTATION_RELATIONSHIP()
);
#1085=(
REPRESENTATION_RELATIONSHIP($,$,#5675,#5553)
REPRESENTATION_RELATIONSHIP_WITH_TRANSFORMATION(#791)
SHAPE_REPRESENTATION_RELATIONSHIP()
);
#1086=(
REPRESENTATION_RELATIONSHIP($,$,#5682,#5553)
REPRESENTATION_RELATIONSHIP_WITH_TRANSFORMATION(#792)
SHAPE_REPRESENTATION_RELATIONSHIP()
);
#1087=(
REPRESENTATION_RELATIONSHIP($,$,#5685,#5553)
REPRESENTATION_RELATIONSHIP_WITH_TRANSFORMATION(#793)
SHAPE_REPRESENTATION_RELATIONSHIP()
);
#1088=(
REPRESENTATION_RELATIONSHIP($,$,#5687,#5553)
REPRESENTATION_RELATIONSHIP_WITH_TRANSFORMATION(#794)
SHAPE_REPRESENTATION_RELATIONSHIP()
);
#1089=(
REPRESENTATION_RELATIONSHIP($,$,#5688,#5553)
REPRESENTATION_RELATIONSHIP_WITH_TRANSFORMATION(#795)
SHAPE_REPRESENTATION_RELATIONSHIP()
);
#1090=(
REPRESENTATION_RELATIONSHIP($,$,#5690,#5553)
REPRESENTATION_RELATIONSHIP_WITH_TRANSFORMATION(#796)
SHAPE_REPRESENTATION_RELATIONSHIP()
);
#1091=(
REPRESENTATION_RELATIONSHIP($,$,#5691,#5553)
REPRESENTATION_RELATIONSHIP_WITH_TRANSFORMATION(#797)
SHAPE_REPRESENTATION_RELATIONSHIP()
);
#1092=(
REPRESENTATION_RELATIONSHIP($,$,#5692,#5553)
REPRESENTATION_RELATIONSHIP_WITH_TRANSFORMATION(#798)
SHAPE_REPRESENTATION_RELATIONSHIP()
);
#1093=(
REPRESENTATION_RELATIONSHIP($,$,#5694,#5553)
REPRESENTATION_RELATIONSHIP_WITH_TRANSFORMATION(#799)
SHAPE_REPRESENTATION_RELATIONSHIP()
);
#1094=(
REPRESENTATION_RELATIONSHIP($,$,#5695,#5553)
REPRESENTATION_RELATIONSHIP_WITH_TRANSFORMATION(#800)
SHAPE_REPRESENTATION_RELATIONSHIP()
);
#1095=(
REPRESENTATION_RELATIONSHIP($,$,#5696,#5553)
REPRESENTATION_RELATIONSHIP_WITH_TRANSFORMATION(#801)
SHAPE_REPRESENTATION_RELATIONSHIP()
);
#1096=(
REPRESENTATION_RELATIONSHIP($,$,#5702,#5553)
REPRESENTATION_RELATIONSHIP_WITH_TRANSFORMATION(#802)
SHAPE_REPRESENTATION_RELATIONSHIP()
);
#1097=(
REPRESENTATION_RELATIONSHIP($,$,#5703,#5553)
REPRESENTATION_RELATIONSHIP_WITH_TRANSFORMATION(#803)
SHAPE_REPRESENTATION_RELATIONSHIP()
);
#1098=(
REPRESENTATION_RELATIONSHIP($,$,#5705,#5553)
REPRESENTATION_RELATIONSHIP_WITH_TRANSFORMATION(#804)
SHAPE_REPRESENTATION_RELATIONSHIP()
);
#1099=(
REPRESENTATION_RELATIONSHIP($,$,#5707,#5553)
REPRESENTATION_RELATIONSHIP_WITH_TRANSFORMATION(#805)
SHAPE_REPRESENTATION_RELATIONSHIP()
);
#1100=(
REPRESENTATION_RELATIONSHIP($,$,#5709,#5553)
REPRESENTATION_RELATIONSHIP_WITH_TRANSFORMATION(#806)
SHAPE_REPRESENTATION_RELATIONSHIP()
);
#1101=(
REPRESENTATION_RELATIONSHIP($,$,#5710,#5553)
REPRESENTATION_RELATIONSHIP_WITH_TRANSFORMATION(#807)
SHAPE_REPRESENTATION_RELATIONSHIP()
);
#1102=(
REPRESENTATION_RELATIONSHIP($,$,#5712,#5553)
REPRESENTATION_RELATIONSHIP_WITH_TRANSFORMATION(#808)
SHAPE_REPRESENTATION_RELATIONSHIP()
);
#1103=(
REPRESENTATION_RELATIONSHIP($,$,#5714,#5553)
REPRESENTATION_RELATIONSHIP_WITH_TRANSFORMATION(#809)
SHAPE_REPRESENTATION_RELATIONSHIP()
);
#1104=(
REPRESENTATION_RELATIONSHIP($,$,#5717,#5553)
REPRESENTATION_RELATIONSHIP_WITH_TRANSFORMATION(#810)
SHAPE_REPRESENTATION_RELATIONSHIP()
);
#1105=(
REPRESENTATION_RELATIONSHIP($,$,#5719,#5553)
REPRESENTATION_RELATIONSHIP_WITH_TRANSFORMATION(#811)
SHAPE_REPRESENTATION_RELATIONSHIP()
);
#1106=CONTEXT_DEPENDENT_SHAPE_REPRESENTATION(#812,#5094);
#1107=CONTEXT_DEPENDENT_SHAPE_REPRESENTATION(#813,#5102);
#1108=CONTEXT_DEPENDENT_SHAPE_REPRESENTATION(#814,#5103);
#1109=CONTEXT_DEPENDENT_SHAPE_REPRESENTATION(#815,#5109);
#1110=CONTEXT_DEPENDENT_SHAPE_REPRESENTATION(#816,#5115);
#1111=CONTEXT_DEPENDENT_SHAPE_REPRESENTATION(#817,#5118);
#1112=CONTEXT_DEPENDENT_SHAPE_REPRESENTATION(#818,#5119);
#1113=CONTEXT_DEPENDENT_SHAPE_REPRESENTATION(#819,#5120);
#1114=CONTEXT_DEPENDENT_SHAPE_REPRESENTATION(#820,#5121);
#1115=CONTEXT_DEPENDENT_SHAPE_REPRESENTATION(#821,#5127);
#1116=CONTEXT_DEPENDENT_SHAPE_REPRESENTATION(#822,#5128);
#1117=CONTEXT_DEPENDENT_SHAPE_REPRESENTATION(#823,#5129);
#1118=CONTEXT_DEPENDENT_SHAPE_REPRESENTATION(#824,#5130);
#1119=CONTEXT_DEPENDENT_SHAPE_REPRESENTATION(#825,#5135);
#1120=CONTEXT_DEPENDENT_SHAPE_REPRESENTATION(#826,#5139);
#1121=CONTEXT_DEPENDENT_SHAPE_REPRESENTATION(#827,#5140);
#1122=CONTEXT_DEPENDENT_SHAPE_REPRESENTATION(#828,#5141);
#1123=CONTEXT_DEPENDENT_SHAPE_REPRESENTATION(#829,#5142);
#1124=CONTEXT_DEPENDENT_SHAPE_REPRESENTATION(#830,#5145);
#1125=CONTEXT_DEPENDENT_SHAPE_REPRESENTATION(#831,#5146);
#1126=CONTEXT_DEPENDENT_SHAPE_REPRESENTATION(#832,#5147);
#1127=CONTEXT_DEPENDENT_SHAPE_REPRESENTATION(#833,#5148);
#1128=CONTEXT_DEPENDENT_SHAPE_REPRESENTATION(#834,#5149);
#1129=CONTEXT_DEPENDENT_SHAPE_REPRESENTATION(#835,#5150);
#1130=CONTEXT_DEPENDENT_SHAPE_REPRESENTATION(#836,#5151);
#1131=CONTEXT_DEPENDENT_SHAPE_REPRESENTATION(#837,#5163);
#1132=CONTEXT_DEPENDENT_SHAPE_REPRESENTATION(#838,#5174);
#1133=CONTEXT_DEPENDENT_SHAPE_REPRESENTATION(#839,#5175);
#1134=CONTEXT_DEPENDENT_SHAPE_REPRESENTATION(#840,#5176);
#1135=CONTEXT_DEPENDENT_SHAPE_REPRESENTATION(#841,#5177);
#1136=CONTEXT_DEPENDENT_SHAPE_REPRESENTATION(#842,#5178);
#1137=CONTEXT_DEPENDENT_SHAPE_REPRESENTATION(#843,#5179);
#1138=CONTEXT_DEPENDENT_SHAPE_REPRESENTATION(#844,#5180);
#1139=CONTEXT_DEPENDENT_SHAPE_REPRESENTATION(#845,#5182);
#1140=CONTEXT_DEPENDENT_SHAPE_REPRESENTATION(#846,#5183);
#1141=CONTEXT_DEPENDENT_SHAPE_REPRESENTATION(#847,#5187);
#1142=CONTEXT_DEPENDENT_SHAPE_REPRESENTATION(#848,#5188);
#1143=CONTEXT_DEPENDENT_SHAPE_REPRESENTATION(#849,#5193);
#1144=CONTEXT_DEPENDENT_SHAPE_REPRESENTATION(#850,#5205);
#1145=CONTEXT_DEPENDENT_SHAPE_REPRESENTATION(#851,#5208);
#1146=CONTEXT_DEPENDENT_SHAPE_REPRESENTATION(#852,#5209);
#1147=CONTEXT_DEPENDENT_SHAPE_REPRESENTATION(#853,#5210);
#1148=CONTEXT_DEPENDENT_SHAPE_REPRESENTATION(#854,#5211);
#1149=CONTEXT_DEPENDENT_SHAPE_REPRESENTATION(#855,#5212);
#1150=CONTEXT_DEPENDENT_SHAPE_REPRESENTATION(#856,#5213);
#1151=CONTEXT_DEPENDENT_SHAPE_REPRESENTATION(#857,#5214);
#1152=CONTEXT_DEPENDENT_SHAPE_REPRESENTATION(#858,#5218);
#1153=CONTEXT_DEPENDENT_SHAPE_REPRESENTATION(#859,#5219);
#1154=CONTEXT_DEPENDENT_SHAPE_REPRESENTATION(#860,#5220);
#1155=CONTEXT_DEPENDENT_SHAPE_REPRESENTATION(#861,#5221);
#1156=CONTEXT_DEPENDENT_SHAPE_REPRESENTATION(#862,#5225);
#1157=CONTEXT_DEPENDENT_SHAPE_REPRESENTATION(#863,#5226);
#1158=CONTEXT_DEPENDENT_SHAPE_REPRESENTATION(#864,#5227);
#1159=CONTEXT_DEPENDENT_SHAPE_REPRESENTATION(#865,#5228);
#1160=CONTEXT_DEPENDENT_SHAPE_REPRESENTATION(#866,#5229);
#1161=CONTEXT_DEPENDENT_SHAPE_REPRESENTATION(#867,#5230);
#1162=CONTEXT_DEPENDENT_SHAPE_REPRESENTATION(#868,#5231);
#1163=CONTEXT_DEPENDENT_SHAPE_REPRESENTATION(#869,#5232);
#1164=CONTEXT_DEPENDENT_SHAPE_REPRESENTATION(#870,#5233);
#1165=CONTEXT_DEPENDENT_SHAPE_REPRESENTATION(#871,#5234);
#1166=CONTEXT_DEPENDENT_SHAPE_REPRESENTATION(#872,#5235);
#1167=CONTEXT_DEPENDENT_SHAPE_REPRESENTATION(#873,#5236);
#1168=CONTEXT_DEPENDENT_SHAPE_REPRESENTATION(#874,#5237);
#1169=CONTEXT_DEPENDENT_SHAPE_REPRESENTATION(#875,#5240);
#1170=CONTEXT_DEPENDENT_SHAPE_REPRESENTATION(#876,#5241);
#1171=CONTEXT_DEPENDENT_SHAPE_REPRESENTATION(#877,#5242);
#1172=CONTEXT_DEPENDENT_SHAPE_REPRESENTATION(#878,#5243);
#1173=CONTEXT_DEPENDENT_SHAPE_REPRESENTATION(#879,#5244);
#1174=CONTEXT_DEPENDENT_SHAPE_REPRESENTATION(#880,#5245);
#1175=CONTEXT_DEPENDENT_SHAPE_REPRESENTATION(#881,#5246);
#1176=CONTEXT_DEPENDENT_SHAPE_REPRESENTATION(#882,#5247);
#1177=CONTEXT_DEPENDENT_SHAPE_REPRESENTATION(#883,#5248);
#1178=CONTEXT_DEPENDENT_SHAPE_REPRESENTATION(#884,#5249);
#1179=CONTEXT_DEPENDENT_SHAPE_REPRESENTATION(#885,#5250);
#1180=CONTEXT_DEPENDENT_SHAPE_REPRESENTATION(#886,#5251);
#1181=CONTEXT_DEPENDENT_SHAPE_REPRESENTATION(#887,#5252);
#1182=CONTEXT_DEPENDENT_SHAPE_REPRESENTATION(#888,#5253);
#1183=CONTEXT_DEPENDENT_SHAPE_REPRESENTATION(#889,#5254);
#1184=CONTEXT_DEPENDENT_SHAPE_REPRESENTATION(#890,#5255);
#1185=CONTEXT_DEPENDENT_SHAPE_REPRESENTATION(#891,#5256);
#1186=CONTEXT_DEPENDENT_SHAPE_REPRESENTATION(#892,#5257);
#1187=CONTEXT_DEPENDENT_SHAPE_REPRESENTATION(#893,#5258);
#1188=CONTEXT_DEPENDENT_SHAPE_REPRESENTATION(#894,#5259);
#1189=CONTEXT_DEPENDENT_SHAPE_REPRESENTATION(#895,#5260);
#1190=CONTEXT_DEPENDENT_SHAPE_REPRESENTATION(#896,#5261);
#1191=CONTEXT_DEPENDENT_SHAPE_REPRESENTATION(#897,#5262);
#1192=CONTEXT_DEPENDENT_SHAPE_REPRESENTATION(#898,#5263);
#1193=CONTEXT_DEPENDENT_SHAPE_REPRESENTATION(#899,#5264);
#1194=CONTEXT_DEPENDENT_SHAPE_REPRESENTATION(#900,#5265);
#1195=CONTEXT_DEPENDENT_SHAPE_REPRESENTATION(#901,#5266);
#1196=CONTEXT_DEPENDENT_SHAPE_REPRESENTATION(#902,#5267);
#1197=CONTEXT_DEPENDENT_SHAPE_REPRESENTATION(#903,#5268);
#1198=CONTEXT_DEPENDENT_SHAPE_REPRESENTATION(#904,#5269);
#1199=CONTEXT_DEPENDENT_SHAPE_REPRESENTATION(#905,#5270);
#1200=CONTEXT_DEPENDENT_SHAPE_REPRESENTATION(#906,#5271);
#1201=CONTEXT_DEPENDENT_SHAPE_REPRESENTATION(#907,#5272);
#1202=CONTEXT_DEPENDENT_SHAPE_REPRESENTATION(#908,#5273);
#1203=CONTEXT_DEPENDENT_SHAPE_REPRESENTATION(#909,#5274);
#1204=CONTEXT_DEPENDENT_SHAPE_REPRESENTATION(#910,#5275);
#1205=CONTEXT_DEPENDENT_SHAPE_REPRESENTATION(#911,#5276);
#1206=CONTEXT_DEPENDENT_SHAPE_REPRESENTATION(#912,#5277);
#1207=CONTEXT_DEPENDENT_SHAPE_REPRESENTATION(#913,#5278);
#1208=CONTEXT_DEPENDENT_SHAPE_REPRESENTATION(#914,#5279);
#1209=CONTEXT_DEPENDENT_SHAPE_REPRESENTATION(#915,#5280);
#1210=CONTEXT_DEPENDENT_SHAPE_REPRESENTATION(#916,#5281);
#1211=CONTEXT_DEPENDENT_SHAPE_REPRESENTATION(#917,#5282);
#1212=CONTEXT_DEPENDENT_SHAPE_REPRESENTATION(#918,#5283);
#1213=CONTEXT_DEPENDENT_SHAPE_REPRESENTATION(#919,#5284);
#1214=CONTEXT_DEPENDENT_SHAPE_REPRESENTATION(#920,#5285);
#1215=CONTEXT_DEPENDENT_SHAPE_REPRESENTATION(#921,#5286);
#1216=CONTEXT_DEPENDENT_SHAPE_REPRESENTATION(#922,#5287);
#1217=CONTEXT_DEPENDENT_SHAPE_REPRESENTATION(#923,#5288);
#1218=CONTEXT_DEPENDENT_SHAPE_REPRESENTATION(#924,#5289);
#1219=CONTEXT_DEPENDENT_SHAPE_REPRESENTATION(#925,#5290);
#1220=CONTEXT_DEPENDENT_SHAPE_REPRESENTATION(#926,#5291);
#1221=CONTEXT_DEPENDENT_SHAPE_REPRESENTATION(#927,#5292);
#1222=CONTEXT_DEPENDENT_SHAPE_REPRESENTATION(#928,#5293);
#1223=CONTEXT_DEPENDENT_SHAPE_REPRESENTATION(#929,#5294);
#1224=CONTEXT_DEPENDENT_SHAPE_REPRESENTATION(#930,#5295);
#1225=CONTEXT_DEPENDENT_SHAPE_REPRESENTATION(#931,#5296);
#1226=CONTEXT_DEPENDENT_SHAPE_REPRESENTATION(#932,#5297);
#1227=CONTEXT_DEPENDENT_SHAPE_REPRESENTATION(#933,#5298);
#1228=CONTEXT_DEPENDENT_SHAPE_REPRESENTATION(#934,#5299);
#1229=CONTEXT_DEPENDENT_SHAPE_REPRESENTATION(#935,#5300);
#1230=CONTEXT_DEPENDENT_SHAPE_REPRESENTATION(#936,#5301);
#1231=CONTEXT_DEPENDENT_SHAPE_REPRESENTATION(#937,#5302);
#1232=CONTEXT_DEPENDENT_SHAPE_REPRESENTATION(#938,#5303);
#1233=CONTEXT_DEPENDENT_SHAPE_REPRESENTATION(#939,#5304);
#1234=CONTEXT_DEPENDENT_SHAPE_REPRESENTATION(#940,#5305);
#1235=CONTEXT_DEPENDENT_SHAPE_REPRESENTATION(#941,#5306);
#1236=CONTEXT_DEPENDENT_SHAPE_REPRESENTATION(#942,#5307);
#1237=CONTEXT_DEPENDENT_SHAPE_REPRESENTATION(#943,#5308);
#1238=CONTEXT_DEPENDENT_SHAPE_REPRESENTATION(#944,#5309);
#1239=CONTEXT_DEPENDENT_SHAPE_REPRESENTATION(#945,#5310);
#1240=CONTEXT_DEPENDENT_SHAPE_REPRESENTATION(#946,#5311);
#1241=CONTEXT_DEPENDENT_SHAPE_REPRESENTATION(#947,#5312);
#1242=CONTEXT_DEPENDENT_SHAPE_REPRESENTATION(#948,#5313);
#1243=CONTEXT_DEPENDENT_SHAPE_REPRESENTATION(#949,#5314);
#1244=CONTEXT_DEPENDENT_SHAPE_REPRESENTATION(#950,#5315);
#1245=CONTEXT_DEPENDENT_SHAPE_REPRESENTATION(#951,#5316);
#1246=CONTEXT_DEPENDENT_SHAPE_REPRESENTATION(#952,#5317);
#1247=CONTEXT_DEPENDENT_SHAPE_REPRESENTATION(#953,#5318);
#1248=CONTEXT_DEPENDENT_SHAPE_REPRESENTATION(#954,#5319);
#1249=CONTEXT_DEPENDENT_SHAPE_REPRESENTATION(#955,#5320);
#1250=CONTEXT_DEPENDENT_SHAPE_REPRESENTATION(#956,#5321);
#1251=CONTEXT_DEPENDENT_SHAPE_REPRESENTATION(#957,#5322);
#1252=CONTEXT_DEPENDENT_SHAPE_REPRESENTATION(#958,#5323);
#1253=CONTEXT_DEPENDENT_SHAPE_REPRESENTATION(#959,#5324);
#1254=CONTEXT_DEPENDENT_SHAPE_REPRESENTATION(#960,#5325);
#1255=CONTEXT_DEPENDENT_SHAPE_REPRESENTATION(#961,#5326);
#1256=CONTEXT_DEPENDENT_SHAPE_REPRESENTATION(#962,#5327);
#1257=CONTEXT_DEPENDENT_SHAPE_REPRESENTATION(#963,#5328);
#1258=CONTEXT_DEPENDENT_SHAPE_REPRESENTATION(#964,#5332);
#1259=CONTEXT_DEPENDENT_SHAPE_REPRESENTATION(#965,#5333);
#1260=CONTEXT_DEPENDENT_SHAPE_REPRESENTATION(#966,#5339);
#1261=CONTEXT_DEPENDENT_SHAPE_REPRESENTATION(#967,#5344);
#1262=CONTEXT_DEPENDENT_SHAPE_REPRESENTATION(#968,#5345);
#1263=CONTEXT_DEPENDENT_SHAPE_REPRESENTATION(#969,#5346);
#1264=CONTEXT_DEPENDENT_SHAPE_REPRESENTATION(#970,#5347);
#1265=CONTEXT_DEPENDENT_SHAPE_REPRESENTATION(#971,#5348);
#1266=CONTEXT_DEPENDENT_SHAPE_REPRESENTATION(#972,#5349);
#1267=CONTEXT_DEPENDENT_SHAPE_REPRESENTATION(#973,#5350);
#1268=CONTEXT_DEPENDENT_SHAPE_REPRESENTATION(#974,#5351);
#1269=CONTEXT_DEPENDENT_SHAPE_REPRESENTATION(#975,#5352);
#1270=CONTEXT_DEPENDENT_SHAPE_REPRESENTATION(#976,#5353);
#1271=CONTEXT_DEPENDENT_SHAPE_REPRESENTATION(#977,#5354);
#1272=CONTEXT_DEPENDENT_SHAPE_REPRESENTATION(#978,#5355);
#1273=CONTEXT_DEPENDENT_SHAPE_REPRESENTATION(#979,#5356);
#1274=CONTEXT_DEPENDENT_SHAPE_REPRESENTATION(#980,#5357);
#1275=CONTEXT_DEPENDENT_SHAPE_REPRESENTATION(#981,#5374);
#1276=CONTEXT_DEPENDENT_SHAPE_REPRESENTATION(#982,#5388);
#1277=CONTEXT_DEPENDENT_SHAPE_REPRESENTATION(#983,#5391);
#1278=CONTEXT_DEPENDENT_SHAPE_REPRESENTATION(#984,#5392);
#1279=CONTEXT_DEPENDENT_SHAPE_REPRESENTATION(#985,#5393);
#1280=CONTEXT_DEPENDENT_SHAPE_REPRESENTATION(#986,#5394);
#1281=CONTEXT_DEPENDENT_SHAPE_REPRESENTATION(#987,#5395);
#1282=CONTEXT_DEPENDENT_SHAPE_REPRESENTATION(#988,#5396);
#1283=CONTEXT_DEPENDENT_SHAPE_REPRESENTATION(#989,#5397);
#1284=CONTEXT_DEPENDENT_SHAPE_REPRESENTATION(#990,#5398);
#1285=CONTEXT_DEPENDENT_SHAPE_REPRESENTATION(#991,#5399);
#1286=CONTEXT_DEPENDENT_SHAPE_REPRESENTATION(#992,#5400);
#1287=CONTEXT_DEPENDENT_SHAPE_REPRESENTATION(#993,#5401);
#1288=CONTEXT_DEPENDENT_SHAPE_REPRESENTATION(#994,#5402);
#1289=CONTEXT_DEPENDENT_SHAPE_REPRESENTATION(#995,#5406);
#1290=CONTEXT_DEPENDENT_SHAPE_REPRESENTATION(#996,#5407);
#1291=CONTEXT_DEPENDENT_SHAPE_REPRESENTATION(#997,#5410);
#1292=CONTEXT_DEPENDENT_SHAPE_REPRESENTATION(#998,#5411);
#1293=CONTEXT_DEPENDENT_SHAPE_REPRESENTATION(#999,#5412);
#1294=CONTEXT_DEPENDENT_SHAPE_REPRESENTATION(#1000,#5413);
#1295=CONTEXT_DEPENDENT_SHAPE_REPRESENTATION(#1001,#5417);
#1296=CONTEXT_DEPENDENT_SHAPE_REPRESENTATION(#1002,#5418);
#1297=CONTEXT_DEPENDENT_SHAPE_REPRESENTATION(#1003,#5419);
#1298=CONTEXT_DEPENDENT_SHAPE_REPRESENTATION(#1004,#5420);
#1299=CONTEXT_DEPENDENT_SHAPE_REPRESENTATION(#1005,#5421);
#1300=CONTEXT_DEPENDENT_SHAPE_REPRESENTATION(#1006,#5422);
#1301=CONTEXT_DEPENDENT_SHAPE_REPRESENTATION(#1007,#5427);
#1302=CONTEXT_DEPENDENT_SHAPE_REPRESENTATION(#1008,#5428);
#1303=CONTEXT_DEPENDENT_SHAPE_REPRESENTATION(#1009,#5429);
#1304=CONTEXT_DEPENDENT_SHAPE_REPRESENTATION(#1010,#5430);
#1305=CONTEXT_DEPENDENT_SHAPE_REPRESENTATION(#1011,#5431);
#1306=CONTEXT_DEPENDENT_SHAPE_REPRESENTATION(#1012,#5439);
#1307=CONTEXT_DEPENDENT_SHAPE_REPRESENTATION(#1013,#5441);
#1308=CONTEXT_DEPENDENT_SHAPE_REPRESENTATION(#1014,#5442);
#1309=CONTEXT_DEPENDENT_SHAPE_REPRESENTATION(#1015,#5443);
#1310=CONTEXT_DEPENDENT_SHAPE_REPRESENTATION(#1016,#5444);
#1311=CONTEXT_DEPENDENT_SHAPE_REPRESENTATION(#1017,#5445);
#1312=CONTEXT_DEPENDENT_SHAPE_REPRESENTATION(#1018,#5449);
#1313=CONTEXT_DEPENDENT_SHAPE_REPRESENTATION(#1019,#5450);
#1314=CONTEXT_DEPENDENT_SHAPE_REPRESENTATION(#1020,#5451);
#1315=CONTEXT_DEPENDENT_SHAPE_REPRESENTATION(#1021,#5452);
#1316=CONTEXT_DEPENDENT_SHAPE_REPRESENTATION(#1022,#5453);
#1317=CONTEXT_DEPENDENT_SHAPE_REPRESENTATION(#1023,#5454);
#1318=CONTEXT_DEPENDENT_SHAPE_REPRESENTATION(#1024,#5455);
#1319=CONTEXT_DEPENDENT_SHAPE_REPRESENTATION(#1025,#5456);
#1320=CONTEXT_DEPENDENT_SHAPE_REPRESENTATION(#1026,#5457);
#1321=CONTEXT_DEPENDENT_SHAPE_REPRESENTATION(#1027,#5458);
#1322=CONTEXT_DEPENDENT_SHAPE_REPRESENTATION(#1028,#5459);
#1323=CONTEXT_DEPENDENT_SHAPE_REPRESENTATION(#1029,#5460);
#1324=CONTEXT_DEPENDENT_SHAPE_REPRESENTATION(#1030,#5461);
#1325=CONTEXT_DEPENDENT_SHAPE_REPRESENTATION(#1031,#5462);
#1326=CONTEXT_DEPENDENT_SHAPE_REPRESENTATION(#1032,#5463);
#1327=CONTEXT_DEPENDENT_SHAPE_REPRESENTATION(#1033,#5464);
#1328=CONTEXT_DEPENDENT_SHAPE_REPRESENTATION(#1034,#5465);
#1329=CONTEXT_DEPENDENT_SHAPE_REPRESENTATION(#1035,#5466);
#1330=CONTEXT_DEPENDENT_SHAPE_REPRESENTATION(#1036,#5467);
#1331=CONTEXT_DEPENDENT_SHAPE_REPRESENTATION(#1037,#5468);
#1332=CONTEXT_DEPENDENT_SHAPE_REPRESENTATION(#1038,#5469);
#1333=CONTEXT_DEPENDENT_SHAPE_REPRESENTATION(#1039,#5472);
#1334=CONTEXT_DEPENDENT_SHAPE_REPRESENTATION(#1040,#5475);
#1335=CONTEXT_DEPENDENT_SHAPE_REPRESENTATION(#1041,#5476);
#1336=CONTEXT_DEPENDENT_SHAPE_REPRESENTATION(#1042,#5480);
#1337=CONTEXT_DEPENDENT_SHAPE_REPRESENTATION(#1043,#5481);
#1338=CONTEXT_DEPENDENT_SHAPE_REPRESENTATION(#1044,#5482);
#1339=CONTEXT_DEPENDENT_SHAPE_REPRESENTATION(#1045,#5483);
#1340=CONTEXT_DEPENDENT_SHAPE_REPRESENTATION(#1046,#5486);
#1341=CONTEXT_DEPENDENT_SHAPE_REPRESENTATION(#1047,#5490);
#1342=CONTEXT_DEPENDENT_SHAPE_REPRESENTATION(#1048,#5491);
#1343=CONTEXT_DEPENDENT_SHAPE_REPRESENTATION(#1049,#5494);
#1344=CONTEXT_DEPENDENT_SHAPE_REPRESENTATION(#1050,#5497);
#1345=CONTEXT_DEPENDENT_SHAPE_REPRESENTATION(#1051,#5498);
#1346=CONTEXT_DEPENDENT_SHAPE_REPRESENTATION(#1052,#5499);
#1347=CONTEXT_DEPENDENT_SHAPE_REPRESENTATION(#1053,#5500);
#1348=CONTEXT_DEPENDENT_SHAPE_REPRESENTATION(#1054,#5501);
#1349=CONTEXT_DEPENDENT_SHAPE_REPRESENTATION(#1055,#5502);
#1350=CONTEXT_DEPENDENT_SHAPE_REPRESENTATION(#1056,#5503);
#1351=CONTEXT_DEPENDENT_SHAPE_REPRESENTATION(#1057,#5504);
#1352=CONTEXT_DEPENDENT_SHAPE_REPRESENTATION(#1058,#5505);
#1353=CONTEXT_DEPENDENT_SHAPE_REPRESENTATION(#1059,#5506);
#1354=CONTEXT_DEPENDENT_SHAPE_REPRESENTATION(#1060,#5507);
#1355=CONTEXT_DEPENDENT_SHAPE_REPRESENTATION(#1061,#5508);
#1356=CONTEXT_DEPENDENT_SHAPE_REPRESENTATION(#1062,#5509);
#1357=CONTEXT_DEPENDENT_SHAPE_REPRESENTATION(#1063,#5510);
#1358=CONTEXT_DEPENDENT_SHAPE_REPRESENTATION(#1064,#5511);
#1359=CONTEXT_DEPENDENT_SHAPE_REPRESENTATION(#1065,#5512);
#1360=CONTEXT_DEPENDENT_SHAPE_REPRESENTATION(#1066,#5513);
#1361=CONTEXT_DEPENDENT_SHAPE_REPRESENTATION(#1067,#5514);
#1362=CONTEXT_DEPENDENT_SHAPE_REPRESENTATION(#1068,#5515);
#1363=CONTEXT_DEPENDENT_SHAPE_REPRESENTATION(#1069,#5516);
#1364=CONTEXT_DEPENDENT_SHAPE_REPRESENTATION(#1070,#5517);
#1365=CONTEXT_DEPENDENT_SHAPE_REPRESENTATION(#1071,#5518);
#1366=CONTEXT_DEPENDENT_SHAPE_REPRESENTATION(#1072,#5519);
#1367=CONTEXT_DEPENDENT_SHAPE_REPRESENTATION(#1073,#5520);
#1368=CONTEXT_DEPENDENT_SHAPE_REPRESENTATION(#1074,#5521);
#1369=CONTEXT_DEPENDENT_SHAPE_REPRESENTATION(#1075,#5522);
#1370=CONTEXT_DEPENDENT_SHAPE_REPRESENTATION(#1076,#5523);
#1371=CONTEXT_DEPENDENT_SHAPE_REPRESENTATION(#1077,#5524);
#1372=CONTEXT_DEPENDENT_SHAPE_REPRESENTATION(#1078,#5525);
#1373=CONTEXT_DEPENDENT_SHAPE_REPRESENTATION(#1079,#5526);
#1374=CONTEXT_DEPENDENT_SHAPE_REPRESENTATION(#1080,#5527);
#1375=CONTEXT_DEPENDENT_SHAPE_REPRESENTATION(#1081,#5528);
#1376=CONTEXT_DEPENDENT_SHAPE_REPRESENTATION(#1082,#5529);
#1377=CONTEXT_DEPENDENT_SHAPE_REPRESENTATION(#1083,#5530);
#1378=CONTEXT_DEPENDENT_SHAPE_REPRESENTATION(#1084,#5531);
#1379=CONTEXT_DEPENDENT_SHAPE_REPRESENTATION(#1085,#5532);
#1380=CONTEXT_DEPENDENT_SHAPE_REPRESENTATION(#1086,#5533);
#1381=CONTEXT_DEPENDENT_SHAPE_REPRESENTATION(#1087,#5534);
#1382=CONTEXT_DEPENDENT_SHAPE_REPRESENTATION(#1088,#5535);
#1383=CONTEXT_DEPENDENT_SHAPE_REPRESENTATION(#1089,#5536);
#1384=CONTEXT_DEPENDENT_SHAPE_REPRESENTATION(#1090,#5537);
#1385=CONTEXT_DEPENDENT_SHAPE_REPRESENTATION(#1091,#5538);
#1386=CONTEXT_DEPENDENT_SHAPE_REPRESENTATION(#1092,#5539);
#1387=CONTEXT_DEPENDENT_SHAPE_REPRESENTATION(#1093,#5540);
#1388=CONTEXT_DEPENDENT_SHAPE_REPRESENTATION(#1094,#5541);
#1389=CONTEXT_DEPENDENT_SHAPE_REPRESENTATION(#1095,#5542);
#1390=CONTEXT_DEPENDENT_SHAPE_REPRESENTATION(#1096,#5543);
#1391=CONTEXT_DEPENDENT_SHAPE_REPRESENTATION(#1097,#5544);
#1392=CONTEXT_DEPENDENT_SHAPE_REPRESENTATION(#1098,#5545);
#1393=CONTEXT_DEPENDENT_SHAPE_REPRESENTATION(#1099,#5546);
#1394=CONTEXT_DEPENDENT_SHAPE_REPRESENTATION(#1100,#5547);
#1395=CONTEXT_DEPENDENT_SHAPE_REPRESENTATION(#1101,#5548);
#1396=CONTEXT_DEPENDENT_SHAPE_REPRESENTATION(#1102,#5549);
#1397=CONTEXT_DEPENDENT_SHAPE_REPRESENTATION(#1103,#5550);
#1398=CONTEXT_DEPENDENT_SHAPE_REPRESENTATION(#1104,#5551);
#1399=CONTEXT_DEPENDENT_SHAPE_REPRESENTATION(#1105,#5552);
#1400=NEXT_ASSEMBLY_USAGE_OCCURRENCE(
'Open CASCADE STEP translator 7.5 1.1.1:1',
'Open CASCADE STEP translator 7.5 1.1.1:1',
'Open CASCADE STEP translator 7.5 1.1.1:1',#5723,#5724,
'Open CASCADE STEP translator 7.5 1.1.1:1');
#1401=NEXT_ASSEMBLY_USAGE_OCCURRENCE('Extruded:1','Extruded:1',
'Extruded:1',#5730,#5731,'Extruded:1');
#1402=NEXT_ASSEMBLY_USAGE_OCCURRENCE('1361975687232:1',
'1361975687232:1','1361975687232:1',#5729,#5730,'1361975687232:1');
#1403=NEXT_ASSEMBLY_USAGE_OCCURRENCE(
'Open CASCADE STEP translator 6.8 1.1.1:1',
'Open CASCADE STEP translator 6.8 1.1.1:1',
'Open CASCADE STEP translator 6.8 1.1.1:1',#5735,#5736,
'Open CASCADE STEP translator 6.8 1.1.1:1');
#1404=NEXT_ASSEMBLY_USAGE_OCCURRENCE('Extruded (4):1','Extruded (4):1',
'Extruded (4):1',#5740,#5741,'Extruded (4):1');
#1405=NEXT_ASSEMBLY_USAGE_OCCURRENCE('Extruded (5):1','Extruded (5):1',
'Extruded (5):1',#5742,#5743,'Extruded (5):1');
#1406=NEXT_ASSEMBLY_USAGE_OCCURRENCE('2410859790640:1',
'2410859790640:1','2410859790640:1',#5739,#5740,'2410859790640:1');
#1407=NEXT_ASSEMBLY_USAGE_OCCURRENCE('2410859790640:2',
'2410859790640:2','2410859790640:2',#5739,#5740,'2410859790640:2');
#1408=NEXT_ASSEMBLY_USAGE_OCCURRENCE('2410859790400:1',
'2410859790400:1','2410859790400:1',#5739,#5742,'2410859790400:1');
#1409=NEXT_ASSEMBLY_USAGE_OCCURRENCE('body:1','body:1','body:1',#5745,#5746,
'body:1');
#1410=NEXT_ASSEMBLY_USAGE_OCCURRENCE('pins:1','pins:1','pins:1',#5745,#5747,
'pins:1');
#1411=NEXT_ASSEMBLY_USAGE_OCCURRENCE('logo:1','logo:1','logo:1',#5745,#5748,
'logo:1');
#1412=NEXT_ASSEMBLY_USAGE_OCCURRENCE(
'IC_Espressif_Systems_ESP32-S2_eec:1',
'IC_Espressif_Systems_ESP32-S2_eec:1',
'IC_Espressif_Systems_ESP32-S2_eec:1',#5744,#5745,
'IC_Espressif_Systems_ESP32-S2_eec:1');
#1413=NEXT_ASSEMBLY_USAGE_OCCURRENCE('Extruded (8):1','Extruded (8):1',
'Extruded (8):1',#5751,#5752,'Extruded (8):1');
#1414=NEXT_ASSEMBLY_USAGE_OCCURRENCE('Extruded (7):1','Extruded (7):1',
'Extruded (7):1',#5754,#5755,'Extruded (7):1');
#1415=NEXT_ASSEMBLY_USAGE_OCCURRENCE('2410890683712:1',
'2410890683712:1','2410890683712:1',#5750,#5754,'2410890683712:1');
#1416=NEXT_ASSEMBLY_USAGE_OCCURRENCE('2410890683552:1',
'2410890683552:1','2410890683552:1',#5750,#5751,'2410890683552:1');
#1417=NEXT_ASSEMBLY_USAGE_OCCURRENCE('2410890683552:2',
'2410890683552:2','2410890683552:2',#5750,#5751,'2410890683552:2');
#1418=NEXT_ASSEMBLY_USAGE_OCCURRENCE('Extruded (11):1',
'Extruded (11):1','Extruded (11):1',#5756,#5757,'Extruded (11):1');
#1419=NEXT_ASSEMBLY_USAGE_OCCURRENCE('2410890683712:2',
'2410890683712:2','2410890683712:2',#5749,#5754,'2410890683712:2');
#1420=NEXT_ASSEMBLY_USAGE_OCCURRENCE('2410890678992:1',
'2410890678992:1','2410890678992:1',#5749,#5756,'2410890678992:1');
#1421=NEXT_ASSEMBLY_USAGE_OCCURRENCE('2410890678992:2',
'2410890678992:2','2410890678992:2',#5749,#5756,'2410890678992:2');
#1422=NEXT_ASSEMBLY_USAGE_OCCURRENCE('2410890683712:3',
'2410890683712:3','2410890683712:3',#5753,#5754,'2410890683712:3');
#1423=NEXT_ASSEMBLY_USAGE_OCCURRENCE('2410890678992:3',
'2410890678992:3','2410890678992:3',#5753,#5756,'2410890678992:3');
#1424=NEXT_ASSEMBLY_USAGE_OCCURRENCE('2410890678992:4',
'2410890678992:4','2410890678992:4',#5753,#5756,'2410890678992:4');
#1425=NEXT_ASSEMBLY_USAGE_OCCURRENCE('Extruded (12):1',
'Extruded (12):1','Extruded (12):1',#5767,#5768,'Extruded (12):1');
#1426=NEXT_ASSEMBLY_USAGE_OCCURRENCE('logo_x_4mm:1','logo_x_4mm:1',
'logo_x_4mm:1',#5773,#5774,'logo_x_4mm:1');
#1427=NEXT_ASSEMBLY_USAGE_OCCURRENCE('logo_o_4mm:1','logo_o_4mm:1',
'logo_o_4mm:1',#5773,#5775,'logo_o_4mm:1');
#1428=NEXT_ASSEMBLY_USAGE_OCCURRENCE('logo_l_4mm:1','logo_l_4mm:1',
'logo_l_4mm:1',#5773,#5776,'logo_l_4mm:1');
#1429=NEXT_ASSEMBLY_USAGE_OCCURRENCE('logo_b_4mm:1','logo_b_4mm:1',
'logo_b_4mm:1',#5773,#5777,'logo_b_4mm:1');
#1430=NEXT_ASSEMBLY_USAGE_OCCURRENCE('logo_u_4mm:1','logo_u_4mm:1',
'logo_u_4mm:1',#5773,#5778,'logo_u_4mm:1');
#1431=NEXT_ASSEMBLY_USAGE_OCCURRENCE('label_8x8:1','label_8x8:1',
'label_8x8:1',#5771,#5772,'label_8x8:1');
#1432=NEXT_ASSEMBLY_USAGE_OCCURRENCE('logo_full_4mm:1',
'logo_full_4mm:1','logo_full_4mm:1',#5771,#5773,'logo_full_4mm:1');
#1433=NEXT_ASSEMBLY_USAGE_OCCURRENCE('label_with_logo_8x8:1',
'label_with_logo_8x8:1','label_with_logo_8x8:1',#5770,#5771,
'label_with_logo_8x8:1');
#1434=NEXT_ASSEMBLY_USAGE_OCCURRENCE('MAYA_W1_Shield_UBXH04-0000683:1',
'MAYA_W1_Shield_UBXH04-0000683:1','MAYA_W1_Shield_UBXH04-0000683:1',#5770,
#5779,'MAYA_W1_Shield_UBXH04-0000683:1');
#1435=NEXT_ASSEMBLY_USAGE_OCCURRENCE('Extruded (6):1','Extruded (6):1',
'Extruded (6):1',#5781,#5782,'Extruded (6):1');
#1436=NEXT_ASSEMBLY_USAGE_OCCURRENCE('2410890683872:1',
'2410890683872:1','2410890683872:1',#5780,#5781,'2410890683872:1');
#1437=NEXT_ASSEMBLY_USAGE_OCCURRENCE('Extruded (3):1','Extruded (3):1',
'Extruded (3):1',#5785,#5786,'Extruded (3):1');
#1438=NEXT_ASSEMBLY_USAGE_OCCURRENCE('Extruded (13):1',
'Extruded (13):1','Extruded (13):1',#5796,#5797,'Extruded (13):1');
#1439=NEXT_ASSEMBLY_USAGE_OCCURRENCE('Extruded (14):1',
'Extruded (14):1','Extruded (14):1',#5798,#5799,'Extruded (14):1');
#1440=NEXT_ASSEMBLY_USAGE_OCCURRENCE('2410890683072:1',
'2410890683072:1','2410890683072:1',#5792,#5796,'2410890683072:1');
#1441=NEXT_ASSEMBLY_USAGE_OCCURRENCE('2410890682912:1',
'2410890682912:1','2410890682912:1',#5792,#5798,'2410890682912:1');
#1442=NEXT_ASSEMBLY_USAGE_OCCURRENCE('2410890682912:2',
'2410890682912:2','2410890682912:2',#5792,#5798,'2410890682912:2');
#1443=NEXT_ASSEMBLY_USAGE_OCCURRENCE('2410890683072:2',
'2410890683072:2','2410890683072:2',#5795,#5796,'2410890683072:2');
#1444=NEXT_ASSEMBLY_USAGE_OCCURRENCE('2410890682912:3',
'2410890682912:3','2410890682912:3',#5795,#5798,'2410890682912:3');
#1445=NEXT_ASSEMBLY_USAGE_OCCURRENCE('2410890682912:4',
'2410890682912:4','2410890682912:4',#5795,#5798,'2410890682912:4');
#1446=NEXT_ASSEMBLY_USAGE_OCCURRENCE('Extruded (9):1','Extruded (9):1',
'Extruded (9):1',#5801,#5802,'Extruded (9):1');
#1447=NEXT_ASSEMBLY_USAGE_OCCURRENCE('2410859791280:3',
'2410859791280:3','2410859791280:3',#5784,#5801,'2410859791280:3');
#1448=NEXT_ASSEMBLY_USAGE_OCCURRENCE('2410859791280:4',
'2410859791280:4','2410859791280:4',#5784,#5801,'2410859791280:4');
#1449=NEXT_ASSEMBLY_USAGE_OCCURRENCE('2410859790240:2',
'2410859790240:2','2410859790240:2',#5784,#5785,'2410859790240:2');
#1450=NEXT_ASSEMBLY_USAGE_OCCURRENCE('Extruded (2):1','Extruded (2):1',
'Extruded (2):1',#5804,#5805,'Extruded (2):1');
#1451=NEXT_ASSEMBLY_USAGE_OCCURRENCE('2410859791280:1',
'2410859791280:1','2410859791280:1',#5761,#5801,'2410859791280:1');
#1452=NEXT_ASSEMBLY_USAGE_OCCURRENCE('2410859791280:2',
'2410859791280:2','2410859791280:2',#5761,#5801,'2410859791280:2');
#1453=NEXT_ASSEMBLY_USAGE_OCCURRENCE('2410859791040:17',
'2410859791040:17','2410859791040:17',#5761,#5804,'2410859791040:17');
#1454=NEXT_ASSEMBLY_USAGE_OCCURRENCE('2410859791280:5',
'2410859791280:5','2410859791280:5',#5787,#5801,'2410859791280:5');
#1455=NEXT_ASSEMBLY_USAGE_OCCURRENCE('2410859791280:6',
'2410859791280:6','2410859791280:6',#5787,#5801,'2410859791280:6');
#1456=NEXT_ASSEMBLY_USAGE_OCCURRENCE('2410859791040:18',
'2410859791040:18','2410859791040:18',#5787,#5804,'2410859791040:18');
#1457=NEXT_ASSEMBLY_USAGE_OCCURRENCE('2410859791040:19',
'2410859791040:19','2410859791040:19',#5791,#5804,'2410859791040:19');
#1458=NEXT_ASSEMBLY_USAGE_OCCURRENCE('2410859791280:7',
'2410859791280:7','2410859791280:7',#5791,#5801,'2410859791280:7');
#1459=NEXT_ASSEMBLY_USAGE_OCCURRENCE('2410859791280:8',
'2410859791280:8','2410859791280:8',#5791,#5801,'2410859791280:8');
#1460=NEXT_ASSEMBLY_USAGE_OCCURRENCE('2410859791280:9',
'2410859791280:9','2410859791280:9',#5800,#5801,'2410859791280:9');
#1461=NEXT_ASSEMBLY_USAGE_OCCURRENCE('2410859791280:10',
'2410859791280:10','2410859791280:10',#5800,#5801,'2410859791280:10');
#1462=NEXT_ASSEMBLY_USAGE_OCCURRENCE('2410859791040:20',
'2410859791040:20','2410859791040:20',#5800,#5804,'2410859791040:20');
#1463=NEXT_ASSEMBLY_USAGE_OCCURRENCE('Extruded (1):1','Extruded (1):1',
'Extruded (1):1',#5806,#5807,'Extruded (1):1');
#1464=NEXT_ASSEMBLY_USAGE_OCCURRENCE('2410859790080:1',
'2410859790080:1','2410859790080:1',#5737,#5806,'2410859790080:1');
#1465=NEXT_ASSEMBLY_USAGE_OCCURRENCE('2410859790080:2',
'2410859790080:2','2410859790080:2',#5737,#5806,'2410859790080:2');
#1466=NEXT_ASSEMBLY_USAGE_OCCURRENCE('2410859791040:1',
'2410859791040:1','2410859791040:1',#5737,#5804,'2410859791040:1');
#1467=NEXT_ASSEMBLY_USAGE_OCCURRENCE('2410859790240:1',
'2410859790240:1','2410859790240:1',#5738,#5785,'2410859790240:1');
#1468=NEXT_ASSEMBLY_USAGE_OCCURRENCE('2410859790080:3',
'2410859790080:3','2410859790080:3',#5738,#5806,'2410859790080:3');
#1469=NEXT_ASSEMBLY_USAGE_OCCURRENCE('2410859790080:4',
'2410859790080:4','2410859790080:4',#5738,#5806,'2410859790080:4');
#1470=NEXT_ASSEMBLY_USAGE_OCCURRENCE('2410859791040:2',
'2410859791040:2','2410859791040:2',#5758,#5804,'2410859791040:2');
#1471=NEXT_ASSEMBLY_USAGE_OCCURRENCE('2410859790080:5',
'2410859790080:5','2410859790080:5',#5758,#5806,'2410859790080:5');
#1472=NEXT_ASSEMBLY_USAGE_OCCURRENCE('2410859790080:6',
'2410859790080:6','2410859790080:6',#5758,#5806,'2410859790080:6');
#1473=NEXT_ASSEMBLY_USAGE_OCCURRENCE('2410859790080:7',
'2410859790080:7','2410859790080:7',#5759,#5806,'2410859790080:7');
#1474=NEXT_ASSEMBLY_USAGE_OCCURRENCE('2410859790080:8',
'2410859790080:8','2410859790080:8',#5759,#5806,'2410859790080:8');
#1475=NEXT_ASSEMBLY_USAGE_OCCURRENCE('2410859791040:3',
'2410859791040:3','2410859791040:3',#5759,#5804,'2410859791040:3');
#1476=NEXT_ASSEMBLY_USAGE_OCCURRENCE('2410859791040:4',
'2410859791040:4','2410859791040:4',#5760,#5804,'2410859791040:4');
#1477=NEXT_ASSEMBLY_USAGE_OCCURRENCE('2410859790080:9',
'2410859790080:9','2410859790080:9',#5760,#5806,'2410859790080:9');
#1478=NEXT_ASSEMBLY_USAGE_OCCURRENCE('2410859790080:10',
'2410859790080:10','2410859790080:10',#5760,#5806,'2410859790080:10');
#1479=NEXT_ASSEMBLY_USAGE_OCCURRENCE('2410859791040:5',
'2410859791040:5','2410859791040:5',#5762,#5804,'2410859791040:5');
#1480=NEXT_ASSEMBLY_USAGE_OCCURRENCE('2410859790080:11',
'2410859790080:11','2410859790080:11',#5762,#5806,'2410859790080:11');
#1481=NEXT_ASSEMBLY_USAGE_OCCURRENCE('2410859790080:12',
'2410859790080:12','2410859790080:12',#5762,#5806,'2410859790080:12');
#1482=NEXT_ASSEMBLY_USAGE_OCCURRENCE('2410859790080:13',
'2410859790080:13','2410859790080:13',#5763,#5806,'2410859790080:13');
#1483=NEXT_ASSEMBLY_USAGE_OCCURRENCE('2410859790080:14',
'2410859790080:14','2410859790080:14',#5763,#5806,'2410859790080:14');
#1484=NEXT_ASSEMBLY_USAGE_OCCURRENCE('2410859791040:6',
'2410859791040:6','2410859791040:6',#5763,#5804,'2410859791040:6');
#1485=NEXT_ASSEMBLY_USAGE_OCCURRENCE('2410859790080:15',
'2410859790080:15','2410859790080:15',#5764,#5806,'2410859790080:15');
#1486=NEXT_ASSEMBLY_USAGE_OCCURRENCE('2410859790080:16',
'2410859790080:16','2410859790080:16',#5764,#5806,'2410859790080:16');
#1487=NEXT_ASSEMBLY_USAGE_OCCURRENCE('2410859791040:7',
'2410859791040:7','2410859791040:7',#5764,#5804,'2410859791040:7');
#1488=NEXT_ASSEMBLY_USAGE_OCCURRENCE('2410859791040:8',
'2410859791040:8','2410859791040:8',#5765,#5804,'2410859791040:8');
#1489=NEXT_ASSEMBLY_USAGE_OCCURRENCE('2410859790080:17',
'2410859790080:17','2410859790080:17',#5765,#5806,'2410859790080:17');
#1490=NEXT_ASSEMBLY_USAGE_OCCURRENCE('2410859790080:18',
'2410859790080:18','2410859790080:18',#5765,#5806,'2410859790080:18');
#1491=NEXT_ASSEMBLY_USAGE_OCCURRENCE('2410859790080:35',
'2410859790080:35','2410859790080:35',#5766,#5806,'2410859790080:35');
#1492=NEXT_ASSEMBLY_USAGE_OCCURRENCE('2410859790080:36',
'2410859790080:36','2410859790080:36',#5766,#5806,'2410859790080:36');
#1493=NEXT_ASSEMBLY_USAGE_OCCURRENCE('2410859789440:1',
'2410859789440:1','2410859789440:1',#5766,#5767,'2410859789440:1');
#1494=NEXT_ASSEMBLY_USAGE_OCCURRENCE('2410859791040:9',
'2410859791040:9','2410859791040:9',#5769,#5804,'2410859791040:9');
#1495=NEXT_ASSEMBLY_USAGE_OCCURRENCE('2410859790080:19',
'2410859790080:19','2410859790080:19',#5769,#5806,'2410859790080:19');
#1496=NEXT_ASSEMBLY_USAGE_OCCURRENCE('2410859790080:20',
'2410859790080:20','2410859790080:20',#5769,#5806,'2410859790080:20');
#1497=NEXT_ASSEMBLY_USAGE_OCCURRENCE('2410859790080:21',
'2410859790080:21','2410859790080:21',#5783,#5806,'2410859790080:21');
#1498=NEXT_ASSEMBLY_USAGE_OCCURRENCE('2410859790080:22',
'2410859790080:22','2410859790080:22',#5783,#5806,'2410859790080:22');
#1499=NEXT_ASSEMBLY_USAGE_OCCURRENCE('2410859791040:10',
'2410859791040:10','2410859791040:10',#5783,#5804,'2410859791040:10');
#1500=NEXT_ASSEMBLY_USAGE_OCCURRENCE('2410859791040:11',
'2410859791040:11','2410859791040:11',#5788,#5804,'2410859791040:11');
#1501=NEXT_ASSEMBLY_USAGE_OCCURRENCE('2410859790080:23',
'2410859790080:23','2410859790080:23',#5788,#5806,'2410859790080:23');
#1502=NEXT_ASSEMBLY_USAGE_OCCURRENCE('2410859790080:24',
'2410859790080:24','2410859790080:24',#5788,#5806,'2410859790080:24');
#1503=NEXT_ASSEMBLY_USAGE_OCCURRENCE('2410859790080:25',
'2410859790080:25','2410859790080:25',#5789,#5806,'2410859790080:25');
#1504=NEXT_ASSEMBLY_USAGE_OCCURRENCE('2410859790080:26',
'2410859790080:26','2410859790080:26',#5789,#5806,'2410859790080:26');
#1505=NEXT_ASSEMBLY_USAGE_OCCURRENCE('2410859791040:12',
'2410859791040:12','2410859791040:12',#5789,#5804,'2410859791040:12');
#1506=NEXT_ASSEMBLY_USAGE_OCCURRENCE('2410859790080:27',
'2410859790080:27','2410859790080:27',#5790,#5806,'2410859790080:27');
#1507=NEXT_ASSEMBLY_USAGE_OCCURRENCE('2410859790080:28',
'2410859790080:28','2410859790080:28',#5790,#5806,'2410859790080:28');
#1508=NEXT_ASSEMBLY_USAGE_OCCURRENCE('2410859791040:13',
'2410859791040:13','2410859791040:13',#5790,#5804,'2410859791040:13');
#1509=NEXT_ASSEMBLY_USAGE_OCCURRENCE('2410859791040:14',
'2410859791040:14','2410859791040:14',#5793,#5804,'2410859791040:14');
#1510=NEXT_ASSEMBLY_USAGE_OCCURRENCE('2410859790080:29',
'2410859790080:29','2410859790080:29',#5793,#5806,'2410859790080:29');
#1511=NEXT_ASSEMBLY_USAGE_OCCURRENCE('2410859790080:30',
'2410859790080:30','2410859790080:30',#5793,#5806,'2410859790080:30');
#1512=NEXT_ASSEMBLY_USAGE_OCCURRENCE('2410859791040:15',
'2410859791040:15','2410859791040:15',#5794,#5804,'2410859791040:15');
#1513=NEXT_ASSEMBLY_USAGE_OCCURRENCE('2410859790080:31',
'2410859790080:31','2410859790080:31',#5794,#5806,'2410859790080:31');
#1514=NEXT_ASSEMBLY_USAGE_OCCURRENCE('2410859790080:32',
'2410859790080:32','2410859790080:32',#5794,#5806,'2410859790080:32');
#1515=NEXT_ASSEMBLY_USAGE_OCCURRENCE('2410859791040:16',
'2410859791040:16','2410859791040:16',#5803,#5804,'2410859791040:16');
#1516=NEXT_ASSEMBLY_USAGE_OCCURRENCE('2410859790080:33',
'2410859790080:33','2410859790080:33',#5803,#5806,'2410859790080:33');
#1517=NEXT_ASSEMBLY_USAGE_OCCURRENCE('2410859790080:34',
'2410859790080:34','2410859790080:34',#5803,#5806,'2410859790080:34');
#1518=NEXT_ASSEMBLY_USAGE_OCCURRENCE('Board (1):1','Board (1):1',
'Board (1):1',#5734,#5735,'Board (1):1');
#1519=NEXT_ASSEMBLY_USAGE_OCCURRENCE('Z3:1','Z3:1','Z3:1',#5734,#5737,
'Z3:1');
#1520=NEXT_ASSEMBLY_USAGE_OCCURRENCE('Z10:1','Z10:1','Z10:1',#5734,#5738,
'Z10:1');
#1521=NEXT_ASSEMBLY_USAGE_OCCURRENCE('Z9:1','Z9:1','Z9:1',#5734,#5739,
'Z9:1');
#1522=NEXT_ASSEMBLY_USAGE_OCCURRENCE('U1:1','U1:1','U1:1',#5734,#5744,
'U1:1');
#1523=NEXT_ASSEMBLY_USAGE_OCCURRENCE('R3 (1):1','R3 (1):1','R3 (1):1',#5734,
#5749,'R3 (1):1');
#1524=NEXT_ASSEMBLY_USAGE_OCCURRENCE('R2 (1):1','R2 (1):1','R2 (1):1',#5734,
#5750,'R2 (1):1');
#1525=NEXT_ASSEMBLY_USAGE_OCCURRENCE('R1 (1):1','R1 (1):1','R1 (1):1',#5734,
#5753,'R1 (1):1');
#1526=NEXT_ASSEMBLY_USAGE_OCCURRENCE('C10:1','C10:1','C10:1',#5734,#5758,
'C10:1');
#1527=NEXT_ASSEMBLY_USAGE_OCCURRENCE('C6:1','C6:1','C6:1',#5734,#5759,
'C6:1');
#1528=NEXT_ASSEMBLY_USAGE_OCCURRENCE('C15:1','C15:1','C15:1',#5734,#5760,
'C15:1');
#1529=NEXT_ASSEMBLY_USAGE_OCCURRENCE('Z8:1','Z8:1','Z8:1',#5734,#5761,
'Z8:1');
#1530=NEXT_ASSEMBLY_USAGE_OCCURRENCE('Z7:1','Z7:1','Z7:1',#5734,#5762,
'Z7:1');
#1531=NEXT_ASSEMBLY_USAGE_OCCURRENCE('Z6:1','Z6:1','Z6:1',#5734,#5763,
'Z6:1');
#1532=NEXT_ASSEMBLY_USAGE_OCCURRENCE('Z5:1','Z5:1','Z5:1',#5734,#5764,
'Z5:1');
#1533=NEXT_ASSEMBLY_USAGE_OCCURRENCE('Z4:1','Z4:1','Z4:1',#5734,#5765,
'Z4:1');
#1534=NEXT_ASSEMBLY_USAGE_OCCURRENCE('Z2:1','Z2:1','Z2:1',#5734,#5766,
'Z2:1');
#1535=NEXT_ASSEMBLY_USAGE_OCCURRENCE('Z1:1','Z1:1','Z1:1',#5734,#5769,
'Z1:1');
#1536=NEXT_ASSEMBLY_USAGE_OCCURRENCE('E1:1','E1:1','E1:1',#5734,#5770,
'E1:1');
#1537=NEXT_ASSEMBLY_USAGE_OCCURRENCE('X1:1','X1:1','X1:1',#5734,#5780,
'X1:1');
#1538=NEXT_ASSEMBLY_USAGE_OCCURRENCE('C16:1','C16:1','C16:1',#5734,#5783,
'C16:1');
#1539=NEXT_ASSEMBLY_USAGE_OCCURRENCE('L1:1','L1:1','L1:1',#5734,#5784,
'L1:1');
#1540=NEXT_ASSEMBLY_USAGE_OCCURRENCE('C3:1','C3:1','C3:1',#5734,#5787,
'C3:1');
#1541=NEXT_ASSEMBLY_USAGE_OCCURRENCE('C5:1','C5:1','C5:1',#5734,#5788,
'C5:1');
#1542=NEXT_ASSEMBLY_USAGE_OCCURRENCE('C7:1','C7:1','C7:1',#5734,#5789,
'C7:1');
#1543=NEXT_ASSEMBLY_USAGE_OCCURRENCE('C9:1','C9:1','C9:1',#5734,#5790,
'C9:1');
#1544=NEXT_ASSEMBLY_USAGE_OCCURRENCE('C2 (1):1','C2 (1):1','C2 (1):1',#5734,
#5791,'C2 (1):1');
#1545=NEXT_ASSEMBLY_USAGE_OCCURRENCE('C13:1','C13:1','C13:1',#5734,#5792,
'C13:1');
#1546=NEXT_ASSEMBLY_USAGE_OCCURRENCE('C12:1','C12:1','C12:1',#5734,#5793,
'C12:1');
#1547=NEXT_ASSEMBLY_USAGE_OCCURRENCE('C11:1','C11:1','C11:1',#5734,#5794,
'C11:1');
#1548=NEXT_ASSEMBLY_USAGE_OCCURRENCE('C14:1','C14:1','C14:1',#5734,#5795,
'C14:1');
#1549=NEXT_ASSEMBLY_USAGE_OCCURRENCE('C1 (1):1','C1 (1):1','C1 (1):1',#5734,
#5800,'C1 (1):1');
#1550=NEXT_ASSEMBLY_USAGE_OCCURRENCE('C4:1','C4:1','C4:1',#5734,#5803,
'C4:1');
#1551=NEXT_ASSEMBLY_USAGE_OCCURRENCE('NORA-W106:1','NORA-W106:1',
'NORA-W106:1',#5733,#5734,'NORA-W106:1');
#1552=NEXT_ASSEMBLY_USAGE_OCCURRENCE('RES-0402:1','RES-0402:1',
'RES-0402:1',#5808,#5810,'RES-0402:1');
#1553=NEXT_ASSEMBLY_USAGE_OCCURRENCE('RES-0402:2','RES-0402:2',
'RES-0402:2',#5809,#5810,'RES-0402:2');
#1554=NEXT_ASSEMBLY_USAGE_OCCURRENCE(
'Open CASCADE STEP translator 6.8 13.2.1:1',
'Open CASCADE STEP translator 6.8 13.2.1:1',
'Open CASCADE STEP translator 6.8 13.2.1:1',#5814,#5815,
'Open CASCADE STEP translator 6.8 13.2.1:1');
#1555=NEXT_ASSEMBLY_USAGE_OCCURRENCE(
'Open CASCADE STEP translator 6.8 13.4.1:1',
'Open CASCADE STEP translator 6.8 13.4.1:1',
'Open CASCADE STEP translator 6.8 13.4.1:1',#5817,#5818,
'Open CASCADE STEP translator 6.8 13.4.1:1');
#1556=NEXT_ASSEMBLY_USAGE_OCCURRENCE(
'Open CASCADE STEP translator 6.8 13.4.2:1',
'Open CASCADE STEP translator 6.8 13.4.2:1',
'Open CASCADE STEP translator 6.8 13.4.2:1',#5817,#5819,
'Open CASCADE STEP translator 6.8 13.4.2:1');
#1557=NEXT_ASSEMBLY_USAGE_OCCURRENCE(
'Open CASCADE STEP translator 6.8 13.1:1',
'Open CASCADE STEP translator 6.8 13.1:1',
'Open CASCADE STEP translator 6.8 13.1:1',#5812,#5813,
'Open CASCADE STEP translator 6.8 13.1:1');
#1558=NEXT_ASSEMBLY_USAGE_OCCURRENCE('Body:1','Body:1','Body:1',#5812,#5814,
'Body:1');
#1559=NEXT_ASSEMBLY_USAGE_OCCURRENCE('Thermal_Shape:1',
'Thermal_Shape:1','Thermal_Shape:1',#5812,#5816,'Thermal_Shape:1');
#1560=NEXT_ASSEMBLY_USAGE_OCCURRENCE('Pin_Shape:1','Pin_Shape:1',
'Pin_Shape:1',#5812,#5817,'Pin_Shape:1');
#1561=NEXT_ASSEMBLY_USAGE_OCCURRENCE('Pin_Shape:2','Pin_Shape:2',
'Pin_Shape:2',#5812,#5817,'Pin_Shape:2');
#1562=NEXT_ASSEMBLY_USAGE_OCCURRENCE('Pin_Shape:3','Pin_Shape:3',
'Pin_Shape:3',#5812,#5817,'Pin_Shape:3');
#1563=NEXT_ASSEMBLY_USAGE_OCCURRENCE('Pin_Shape:4','Pin_Shape:4',
'Pin_Shape:4',#5812,#5817,'Pin_Shape:4');
#1564=NEXT_ASSEMBLY_USAGE_OCCURRENCE('Pin_Shape:5','Pin_Shape:5',
'Pin_Shape:5',#5812,#5817,'Pin_Shape:5');
#1565=NEXT_ASSEMBLY_USAGE_OCCURRENCE('Pin_Shape:6','Pin_Shape:6',
'Pin_Shape:6',#5812,#5817,'Pin_Shape:6');
#1566=NEXT_ASSEMBLY_USAGE_OCCURRENCE('Pin_Shape:7','Pin_Shape:7',
'Pin_Shape:7',#5812,#5817,'Pin_Shape:7');
#1567=NEXT_ASSEMBLY_USAGE_OCCURRENCE('Pin_Shape:8','Pin_Shape:8',
'Pin_Shape:8',#5812,#5817,'Pin_Shape:8');
#1568=NEXT_ASSEMBLY_USAGE_OCCURRENCE('1361943408560:1',
'1361943408560:1','1361943408560:1',#5811,#5812,'1361943408560:1');
#1569=NEXT_ASSEMBLY_USAGE_OCCURRENCE('SOT-523:1','SOT-523:1',
'SOT-523:1',#5834,#5835,'SOT-523:1');
#1570=NEXT_ASSEMBLY_USAGE_OCCURRENCE(
'Open CASCADE STEP translator 6.8 19.2.1:1',
'Open CASCADE STEP translator 6.8 19.2.1:1',
'Open CASCADE STEP translator 6.8 19.2.1:1',#5847,#5848,
'Open CASCADE STEP translator 6.8 19.2.1:1');
#1571=NEXT_ASSEMBLY_USAGE_OCCURRENCE(
'Open CASCADE STEP translator 6.8 19.3.1:1',
'Open CASCADE STEP translator 6.8 19.3.1:1',
'Open CASCADE STEP translator 6.8 19.3.1:1',#5849,#5850,
'Open CASCADE STEP translator 6.8 19.3.1:1');
#1572=NEXT_ASSEMBLY_USAGE_OCCURRENCE(
'Open CASCADE STEP translator 6.8 19.1:1',
'Open CASCADE STEP translator 6.8 19.1:1',
'Open CASCADE STEP translator 6.8 19.1:1',#5845,#5846,
'Open CASCADE STEP translator 6.8 19.1:1');
#1573=NEXT_ASSEMBLY_USAGE_OCCURRENCE('Body (1):1','Body (1):1',
'Body (1):1',#5845,#5847,'Body (1):1');
#1574=NEXT_ASSEMBLY_USAGE_OCCURRENCE('Pin_Shape (1):1',
'Pin_Shape (1):1','Pin_Shape (1):1',#5845,#5849,'Pin_Shape (1):1');
#1575=NEXT_ASSEMBLY_USAGE_OCCURRENCE('Pin_Shape (1):2',
'Pin_Shape (1):2','Pin_Shape (1):2',#5845,#5849,'Pin_Shape (1):2');
#1576=NEXT_ASSEMBLY_USAGE_OCCURRENCE('Pin_Shape (1):3',
'Pin_Shape (1):3','Pin_Shape (1):3',#5845,#5849,'Pin_Shape (1):3');
#1577=NEXT_ASSEMBLY_USAGE_OCCURRENCE('Pin_Shape (1):4',
'Pin_Shape (1):4','Pin_Shape (1):4',#5845,#5849,'Pin_Shape (1):4');
#1578=NEXT_ASSEMBLY_USAGE_OCCURRENCE('Pin_Shape (1):5',
'Pin_Shape (1):5','Pin_Shape (1):5',#5845,#5849,'Pin_Shape (1):5');
#1579=NEXT_ASSEMBLY_USAGE_OCCURRENCE('Pin_Shape (1):6',
'Pin_Shape (1):6','Pin_Shape (1):6',#5845,#5849,'Pin_Shape (1):6');
#1580=NEXT_ASSEMBLY_USAGE_OCCURRENCE('Pin_Shape (1):7',
'Pin_Shape (1):7','Pin_Shape (1):7',#5845,#5849,'Pin_Shape (1):7');
#1581=NEXT_ASSEMBLY_USAGE_OCCURRENCE('Pin_Shape (1):8',
'Pin_Shape (1):8','Pin_Shape (1):8',#5845,#5849,'Pin_Shape (1):8');
#1582=NEXT_ASSEMBLY_USAGE_OCCURRENCE('1361943407520:1',
'1361943407520:1','1361943407520:1',#5844,#5845,'1361943407520:1');
#1583=NEXT_ASSEMBLY_USAGE_OCCURRENCE('Extruded (10):1',
'Extruded (10):1','Extruded (10):1',#5852,#5853,'Extruded (10):1');
#1584=NEXT_ASSEMBLY_USAGE_OCCURRENCE('1361975689312:1',
'1361975689312:1','1361975689312:1',#5851,#5852,'1361975689312:1');
#1585=NEXT_ASSEMBLY_USAGE_OCCURRENCE('CAP-0201:1','CAP-0201:1',
'CAP-0201:1',#5732,#5855,'CAP-0201:1');
#1586=NEXT_ASSEMBLY_USAGE_OCCURRENCE('CAP-0201:2','CAP-0201:2',
'CAP-0201:2',#5838,#5855,'CAP-0201:2');
#1587=NEXT_ASSEMBLY_USAGE_OCCURRENCE('CAP-0201:3','CAP-0201:3',
'CAP-0201:3',#5839,#5855,'CAP-0201:3');
#1588=NEXT_ASSEMBLY_USAGE_OCCURRENCE('CAP-0201:4','CAP-0201:4',
'CAP-0201:4',#5854,#5855,'CAP-0201:4');
#1589=NEXT_ASSEMBLY_USAGE_OCCURRENCE('CAP-0402:1','CAP-0402:1',
'CAP-0402:1',#5728,#5858,'CAP-0402:1');
#1590=NEXT_ASSEMBLY_USAGE_OCCURRENCE('CAP-0402:2','CAP-0402:2',
'CAP-0402:2',#5837,#5858,'CAP-0402:2');
#1591=NEXT_ASSEMBLY_USAGE_OCCURRENCE('CAP-0402:3','CAP-0402:3',
'CAP-0402:3',#5841,#5858,'CAP-0402:3');
#1592=NEXT_ASSEMBLY_USAGE_OCCURRENCE('CAP-0402:4','CAP-0402:4',
'CAP-0402:4',#5842,#5858,'CAP-0402:4');
#1593=NEXT_ASSEMBLY_USAGE_OCCURRENCE('CAP-0402:5','CAP-0402:5',
'CAP-0402:5',#5856,#5858,'CAP-0402:5');
#1594=NEXT_ASSEMBLY_USAGE_OCCURRENCE('CAP-0402:6','CAP-0402:6',
'CAP-0402:6',#5857,#5858,'CAP-0402:6');
#1595=NEXT_ASSEMBLY_USAGE_OCCURRENCE('CAP-0603:1','CAP-0603:1',
'CAP-0603:1',#5840,#5862,'CAP-0603:1');
#1596=NEXT_ASSEMBLY_USAGE_OCCURRENCE('CAP-0603:2','CAP-0603:2',
'CAP-0603:2',#5843,#5862,'CAP-0603:2');
#1597=NEXT_ASSEMBLY_USAGE_OCCURRENCE('CAP-0603:3','CAP-0603:3',
'CAP-0603:3',#5859,#5862,'CAP-0603:3');
#1598=NEXT_ASSEMBLY_USAGE_OCCURRENCE('CAP-0603:4','CAP-0603:4',
'CAP-0603:4',#5860,#5862,'CAP-0603:4');
#1599=NEXT_ASSEMBLY_USAGE_OCCURRENCE('CAP-0603:5','CAP-0603:5',
'CAP-0603:5',#5861,#5862,'CAP-0603:5');
#1600=NEXT_ASSEMBLY_USAGE_OCCURRENCE(
'Open CASCADE STEP translator 7.5 15.1.1:1',
'Open CASCADE STEP translator 7.5 15.1.1:1',
'Open CASCADE STEP translator 7.5 15.1.1:1',#5868,#5869,
'Open CASCADE STEP translator 7.5 15.1.1:1');
#1601=NEXT_ASSEMBLY_USAGE_OCCURRENCE('Body (2):1','Body (2):1',
'Body (2):1',#5867,#5868,'Body (2):1');
#1602=NEXT_ASSEMBLY_USAGE_OCCURRENCE('lead:1','lead:1','lead:1',#5867,#5870,
'lead:1');
#1603=NEXT_ASSEMBLY_USAGE_OCCURRENCE('lead:2','lead:2','lead:2',#5867,#5870,
'lead:2');
#1604=NEXT_ASSEMBLY_USAGE_OCCURRENCE('8279795424:1','8279795424:1',
'8279795424:1',#5866,#5867,'8279795424:1');
#1605=NEXT_ASSEMBLY_USAGE_OCCURRENCE('SOD123FL:1','SOD123FL:1',
'SOD123FL:1',#5865,#5866,'SOD123FL:1');
#1606=NEXT_ASSEMBLY_USAGE_OCCURRENCE('RES-0201:1','RES-0201:1',
'RES-0201:1',#5725,#5873,'RES-0201:1');
#1607=NEXT_ASSEMBLY_USAGE_OCCURRENCE('RES-0201:2','RES-0201:2',
'RES-0201:2',#5726,#5873,'RES-0201:2');
#1608=NEXT_ASSEMBLY_USAGE_OCCURRENCE('RES-0201:3','RES-0201:3',
'RES-0201:3',#5727,#5873,'RES-0201:3');
#1609=NEXT_ASSEMBLY_USAGE_OCCURRENCE('RES-0201:4','RES-0201:4',
'RES-0201:4',#5820,#5873,'RES-0201:4');
#1610=NEXT_ASSEMBLY_USAGE_OCCURRENCE('RES-0201:5','RES-0201:5',
'RES-0201:5',#5821,#5873,'RES-0201:5');
#1611=NEXT_ASSEMBLY_USAGE_OCCURRENCE('RES-0201:6','RES-0201:6',
'RES-0201:6',#5822,#5873,'RES-0201:6');
#1612=NEXT_ASSEMBLY_USAGE_OCCURRENCE('RES-0201:7','RES-0201:7',
'RES-0201:7',#5823,#5873,'RES-0201:7');
#1613=NEXT_ASSEMBLY_USAGE_OCCURRENCE('RES-0201:8','RES-0201:8',
'RES-0201:8',#5824,#5873,'RES-0201:8');
#1614=NEXT_ASSEMBLY_USAGE_OCCURRENCE('RES-0201:9','RES-0201:9',
'RES-0201:9',#5825,#5873,'RES-0201:9');
#1615=NEXT_ASSEMBLY_USAGE_OCCURRENCE('RES-0201:10','RES-0201:10',
'RES-0201:10',#5826,#5873,'RES-0201:10');
#1616=NEXT_ASSEMBLY_USAGE_OCCURRENCE('RES-0201:11','RES-0201:11',
'RES-0201:11',#5827,#5873,'RES-0201:11');
#1617=NEXT_ASSEMBLY_USAGE_OCCURRENCE('RES-0201:12','RES-0201:12',
'RES-0201:12',#5828,#5873,'RES-0201:12');
#1618=NEXT_ASSEMBLY_USAGE_OCCURRENCE('RES-0201:13','RES-0201:13',
'RES-0201:13',#5829,#5873,'RES-0201:13');
#1619=NEXT_ASSEMBLY_USAGE_OCCURRENCE('RES-0201:14','RES-0201:14',
'RES-0201:14',#5830,#5873,'RES-0201:14');
#1620=NEXT_ASSEMBLY_USAGE_OCCURRENCE('RES-0201:15','RES-0201:15',
'RES-0201:15',#5831,#5873,'RES-0201:15');
#1621=NEXT_ASSEMBLY_USAGE_OCCURRENCE('RES-0201:16','RES-0201:16',
'RES-0201:16',#5832,#5873,'RES-0201:16');
#1622=NEXT_ASSEMBLY_USAGE_OCCURRENCE('RES-0201:17','RES-0201:17',
'RES-0201:17',#5833,#5873,'RES-0201:17');
#1623=NEXT_ASSEMBLY_USAGE_OCCURRENCE('RES-0201:18','RES-0201:18',
'RES-0201:18',#5863,#5873,'RES-0201:18');
#1624=NEXT_ASSEMBLY_USAGE_OCCURRENCE('RES-0201:19','RES-0201:19',
'RES-0201:19',#5864,#5873,'RES-0201:19');
#1625=NEXT_ASSEMBLY_USAGE_OCCURRENCE('RES-0201:20','RES-0201:20',
'RES-0201:20',#5871,#5873,'RES-0201:20');
#1626=NEXT_ASSEMBLY_USAGE_OCCURRENCE('RES-0201:21','RES-0201:21',
'RES-0201:21',#5872,#5873,'RES-0201:21');
#1627=NEXT_ASSEMBLY_USAGE_OCCURRENCE('SMLP34RGB:1','SMLP34RGB:1',
'SMLP34RGB:1',#5874,#5875,'SMLP34RGB:1');
#1628=NEXT_ASSEMBLY_USAGE_OCCURRENCE('HSMx-190:1','HSMx-190:1',
'HSMx-190:1',#5836,#5877,'HSMx-190:1');
#1629=NEXT_ASSEMBLY_USAGE_OCCURRENCE('HSMx-190:2','HSMx-190:2',
'HSMx-190:2',#5876,#5877,'HSMx-190:2');
#1630=NEXT_ASSEMBLY_USAGE_OCCURRENCE('Header _Fem_1X8:1',
'Header _Fem_1X8:1','Header _Fem_1X8:1',#5878,#5880,'Header _Fem_1X8:1');
#1631=NEXT_ASSEMBLY_USAGE_OCCURRENCE('Header _Fem_1X8:2',
'Header _Fem_1X8:2','Header _Fem_1X8:2',#5878,#5880,'Header _Fem_1X8:2');
#1632=NEXT_ASSEMBLY_USAGE_OCCURRENCE('Header _Fem_1X8:3',
'Header _Fem_1X8:3','Header _Fem_1X8:3',#5879,#5880,'Header _Fem_1X8:3');
#1633=NEXT_ASSEMBLY_USAGE_OCCURRENCE('Header _Fem_1X8:4',
'Header _Fem_1X8:4','Header _Fem_1X8:4',#5879,#5880,'Header _Fem_1X8:4');
#1634=NEXT_ASSEMBLY_USAGE_OCCURRENCE('PTS820J20KSMTRLFS:1',
'PTS820J20KSMTRLFS:1','PTS820J20KSMTRLFS:1',#5881,#5882,
'PTS820J20KSMTRLFS:1');
#1635=NEXT_ASSEMBLY_USAGE_OCCURRENCE('CX90B-16P_3D:1','CX90B-16P_3D:1',
'CX90B-16P_3D:1',#5884,#5885,'CX90B-16P_3D:1');
#1636=NEXT_ASSEMBLY_USAGE_OCCURRENCE(
'CX90B-16P_CL0480-0755-0-00_3DDrawing_STEP_CX90B-16P_3D_48007525000_3D
_STP:1',
'CX90B-16P_CL0480-0755-0-00_3DDrawing_STEP_CX90B-16P_3D_48007525000_3D
_STP:1',
'CX90B-16P_CL0480-0755-0-00_3DDrawing_STEP_CX90B-16P_3D_48007525000_3D
_STP:1',#5883,#5884,
'CX90B-16P_CL0480-0755-0-00_3DDrawing_STEP_CX90B-16P_3D_48007525000_3D
_STP:1');
#1637=NEXT_ASSEMBLY_USAGE_OCCURRENCE('PRTR5V0U2X:1','PRTR5V0U2X:1',
'PRTR5V0U2X:1',#5886,#5887,'PRTR5V0U2X:1');
#1638=NEXT_ASSEMBLY_USAGE_OCCURRENCE('CAP-0805:1','CAP-0805:1',
'CAP-0805:1',#5888,#5889,'CAP-0805:1');
#1639=NEXT_ASSEMBLY_USAGE_OCCURRENCE('Board:1','Board:1','Board:1',#5722,
#5723,'Board:1');
#1640=NEXT_ASSEMBLY_USAGE_OCCURRENCE('R22:1','R22:1','R22:1',#5722,#5725,
'R22:1');
#1641=NEXT_ASSEMBLY_USAGE_OCCURRENCE('R2:1','R2:1','R2:1',#5722,#5726,
'R2:1');
#1642=NEXT_ASSEMBLY_USAGE_OCCURRENCE('R1:1','R1:1','R1:1',#5722,#5727,
'R1:1');
#1643=NEXT_ASSEMBLY_USAGE_OCCURRENCE('C2:1','C2:1','C2:1',#5722,#5728,
'C2:1');
#1644=NEXT_ASSEMBLY_USAGE_OCCURRENCE('Y1:1','Y1:1','Y1:1',#5722,#5729,
'Y1:1');
#1645=NEXT_ASSEMBLY_USAGE_OCCURRENCE('C1:1','C1:1','C1:1',#5722,#5732,
'C1:1');
#1646=NEXT_ASSEMBLY_USAGE_OCCURRENCE('M1:1','M1:1','M1:1',#5722,#5733,
'M1:1');
#1647=NEXT_ASSEMBLY_USAGE_OCCURRENCE('R7:1','R7:1','R7:1',#5722,#5808,
'R7:1');
#1648=NEXT_ASSEMBLY_USAGE_OCCURRENCE('L2:1','L2:1','L2:1',#5722,#5809,
'L2:1');
#1649=NEXT_ASSEMBLY_USAGE_OCCURRENCE('U3:1','U3:1','U3:1',#5722,#5811,
'U3:1');
#1650=NEXT_ASSEMBLY_USAGE_OCCURRENCE('R13:1','R13:1','R13:1',#5722,#5820,
'R13:1');
#1651=NEXT_ASSEMBLY_USAGE_OCCURRENCE('R9:1','R9:1','R9:1',#5722,#5821,
'R9:1');
#1652=NEXT_ASSEMBLY_USAGE_OCCURRENCE('R6:1','R6:1','R6:1',#5722,#5822,
'R6:1');
#1653=NEXT_ASSEMBLY_USAGE_OCCURRENCE('R5:1','R5:1','R5:1',#5722,#5823,
'R5:1');
#1654=NEXT_ASSEMBLY_USAGE_OCCURRENCE('R4:1','R4:1','R4:1',#5722,#5824,
'R4:1');
#1655=NEXT_ASSEMBLY_USAGE_OCCURRENCE('R20:1','R20:1','R20:1',#5722,#5825,
'R20:1');
#1656=NEXT_ASSEMBLY_USAGE_OCCURRENCE('R19:1','R19:1','R19:1',#5722,#5826,
'R19:1');
#1657=NEXT_ASSEMBLY_USAGE_OCCURRENCE('R17:1','R17:1','R17:1',#5722,#5827,
'R17:1');
#1658=NEXT_ASSEMBLY_USAGE_OCCURRENCE('R16:1','R16:1','R16:1',#5722,#5828,
'R16:1');
#1659=NEXT_ASSEMBLY_USAGE_OCCURRENCE('R15:1','R15:1','R15:1',#5722,#5829,
'R15:1');
#1660=NEXT_ASSEMBLY_USAGE_OCCURRENCE('R14:1','R14:1','R14:1',#5722,#5830,
'R14:1');
#1661=NEXT_ASSEMBLY_USAGE_OCCURRENCE('R12:1','R12:1','R12:1',#5722,#5831,
'R12:1');
#1662=NEXT_ASSEMBLY_USAGE_OCCURRENCE('R3:1','R3:1','R3:1',#5722,#5832,
'R3:1');
#1663=NEXT_ASSEMBLY_USAGE_OCCURRENCE('R8:1','R8:1','R8:1',#5722,#5833,
'R8:1');
#1664=NEXT_ASSEMBLY_USAGE_OCCURRENCE('Q1:1','Q1:1','Q1:1',#5722,#5834,
'Q1:1');
#1665=NEXT_ASSEMBLY_USAGE_OCCURRENCE('DL2:1','DL2:1','DL2:1',#5722,#5836,
'DL2:1');
#1666=NEXT_ASSEMBLY_USAGE_OCCURRENCE('C12 (1):1','C12 (1):1',
'C12 (1):1',#5722,#5837,'C12 (1):1');
#1667=NEXT_ASSEMBLY_USAGE_OCCURRENCE('C5 (1):1','C5 (1):1','C5 (1):1',#5722,
#5838,'C5 (1):1');
#1668=NEXT_ASSEMBLY_USAGE_OCCURRENCE('C4 (1):1','C4 (1):1','C4 (1):1',#5722,
#5839,'C4 (1):1');
#1669=NEXT_ASSEMBLY_USAGE_OCCURRENCE('C9 (1):1','C9 (1):1','C9 (1):1',#5722,
#5840,'C9 (1):1');
#1670=NEXT_ASSEMBLY_USAGE_OCCURRENCE('C21:1','C21:1','C21:1',#5722,#5841,
'C21:1');
#1671=NEXT_ASSEMBLY_USAGE_OCCURRENCE('C22:1','C22:1','C22:1',#5722,#5842,
'C22:1');
#1672=NEXT_ASSEMBLY_USAGE_OCCURRENCE('C23:1','C23:1','C23:1',#5722,#5843,
'C23:1');
#1673=NEXT_ASSEMBLY_USAGE_OCCURRENCE('U2:1','U2:1','U2:1',#5722,#5844,
'U2:1');
#1674=NEXT_ASSEMBLY_USAGE_OCCURRENCE('L3:1','L3:1','L3:1',#5722,#5851,
'L3:1');
#1675=NEXT_ASSEMBLY_USAGE_OCCURRENCE('C28:1','C28:1','C28:1',#5722,#5854,
'C28:1');
#1676=NEXT_ASSEMBLY_USAGE_OCCURRENCE('C25:1','C25:1','C25:1',#5722,#5856,
'C25:1');
#1677=NEXT_ASSEMBLY_USAGE_OCCURRENCE('C20:1','C20:1','C20:1',#5722,#5857,
'C20:1');
#1678=NEXT_ASSEMBLY_USAGE_OCCURRENCE('C27:1','C27:1','C27:1',#5722,#5859,
'C27:1');
#1679=NEXT_ASSEMBLY_USAGE_OCCURRENCE('C26:1','C26:1','C26:1',#5722,#5860,
'C26:1');
#1680=NEXT_ASSEMBLY_USAGE_OCCURRENCE('C24:1','C24:1','C24:1',#5722,#5861,
'C24:1');
#1681=NEXT_ASSEMBLY_USAGE_OCCURRENCE('R21:1','R21:1','R21:1',#5722,#5863,
'R21:1');
#1682=NEXT_ASSEMBLY_USAGE_OCCURRENCE('R18:1','R18:1','R18:1',#5722,#5864,
'R18:1');
#1683=NEXT_ASSEMBLY_USAGE_OCCURRENCE('D2:1','D2:1','D2:1',#5722,#5865,
'D2:1');
#1684=NEXT_ASSEMBLY_USAGE_OCCURRENCE('R11:1','R11:1','R11:1',#5722,#5871,
'R11:1');
#1685=NEXT_ASSEMBLY_USAGE_OCCURRENCE('R10:1','R10:1','R10:1',#5722,#5872,
'R10:1');
#1686=NEXT_ASSEMBLY_USAGE_OCCURRENCE('DL1:1','DL1:1','DL1:1',#5722,#5874,
'DL1:1');
#1687=NEXT_ASSEMBLY_USAGE_OCCURRENCE('DL3:1','DL3:1','DL3:1',#5722,#5876,
'DL3:1');
#1688=NEXT_ASSEMBLY_USAGE_OCCURRENCE('JP1:1','JP1:1','JP1:1',#5722,#5878,
'JP1:1');
#1689=NEXT_ASSEMBLY_USAGE_OCCURRENCE('JP2:1','JP2:1','JP2:1',#5722,#5879,
'JP2:1');
#1690=NEXT_ASSEMBLY_USAGE_OCCURRENCE('PB1:1','PB1:1','PB1:1',#5722,#5881,
'PB1:1');
#1691=NEXT_ASSEMBLY_USAGE_OCCURRENCE('J1:1','J1:1','J1:1',#5722,#5883,
'J1:1');
#1692=NEXT_ASSEMBLY_USAGE_OCCURRENCE('D1:1','D1:1','D1:1',#5722,#5886,
'D1:1');
#1693=NEXT_ASSEMBLY_USAGE_OCCURRENCE('C16 (1):1','C16 (1):1',
'C16 (1):1',#5722,#5888,'C16 (1):1');
#1694=DERIVED_UNIT_ELEMENT(#1794,1.);
#1695=DERIVED_UNIT_ELEMENT(#4920,-3.);
#1696=DERIVED_UNIT_ELEMENT(#1794,1.);
#1697=DERIVED_UNIT_ELEMENT(#4920,-3.);
#1698=DERIVED_UNIT_ELEMENT(#1794,1.);
#1699=DERIVED_UNIT_ELEMENT(#4920,-3.);
#1700=DERIVED_UNIT_ELEMENT(#1794,1.);
#1701=DERIVED_UNIT_ELEMENT(#4920,-3.);
#1702=DERIVED_UNIT_ELEMENT(#1794,1.);
#1703=DERIVED_UNIT_ELEMENT(#4920,-3.);
#1704=DERIVED_UNIT_ELEMENT(#1794,1.);
#1705=DERIVED_UNIT_ELEMENT(#4920,-3.);
#1706=DERIVED_UNIT_ELEMENT(#1794,1.);
#1707=DERIVED_UNIT_ELEMENT(#4920,-3.);
#1708=DERIVED_UNIT_ELEMENT(#1794,1.);
#1709=DERIVED_UNIT_ELEMENT(#4920,-3.);
#1710=DERIVED_UNIT_ELEMENT(#1794,1.);
#1711=DERIVED_UNIT_ELEMENT(#4920,-3.);
#1712=DERIVED_UNIT_ELEMENT(#1794,1.);
#1713=DERIVED_UNIT_ELEMENT(#4920,-3.);
#1714=DERIVED_UNIT_ELEMENT(#1794,1.);
#1715=DERIVED_UNIT_ELEMENT(#4920,-3.);
#1716=DERIVED_UNIT_ELEMENT(#1794,1.);
#1717=DERIVED_UNIT_ELEMENT(#4920,-3.);
#1718=DERIVED_UNIT_ELEMENT(#1794,1.);
#1719=DERIVED_UNIT_ELEMENT(#4920,-3.);
#1720=DERIVED_UNIT_ELEMENT(#1794,1.);
#1721=DERIVED_UNIT_ELEMENT(#4920,-3.);
#1722=DERIVED_UNIT_ELEMENT(#1794,1.);
#1723=DERIVED_UNIT_ELEMENT(#4920,-3.);
#1724=DERIVED_UNIT_ELEMENT(#1794,1.);
#1725=DERIVED_UNIT_ELEMENT(#4920,-3.);
#1726=DERIVED_UNIT_ELEMENT(#1794,1.);
#1727=DERIVED_UNIT_ELEMENT(#4920,-3.);
#1728=DERIVED_UNIT_ELEMENT(#1794,1.);
#1729=DERIVED_UNIT_ELEMENT(#4920,-3.);
#1730=DERIVED_UNIT_ELEMENT(#1794,1.);
#1731=DERIVED_UNIT_ELEMENT(#4920,-3.);
#1732=DERIVED_UNIT_ELEMENT(#1794,1.);
#1733=DERIVED_UNIT_ELEMENT(#4920,-3.);
#1734=DERIVED_UNIT_ELEMENT(#1794,1.);
#1735=DERIVED_UNIT_ELEMENT(#4920,-3.);
#1736=DERIVED_UNIT_ELEMENT(#1794,1.);
#1737=DERIVED_UNIT_ELEMENT(#4920,-3.);
#1738=DERIVED_UNIT_ELEMENT(#1794,1.);
#1739=DERIVED_UNIT_ELEMENT(#4920,-3.);
#1740=DERIVED_UNIT_ELEMENT(#1794,1.);
#1741=DERIVED_UNIT_ELEMENT(#4920,-3.);
#1742=DERIVED_UNIT_ELEMENT(#1794,1.);
#1743=DERIVED_UNIT_ELEMENT(#4920,-3.);
#1744=DERIVED_UNIT_ELEMENT(#1794,1.);
#1745=DERIVED_UNIT_ELEMENT(#4920,-3.);
#1746=DERIVED_UNIT_ELEMENT(#1794,1.);
#1747=DERIVED_UNIT_ELEMENT(#4920,-3.);
#1748=DERIVED_UNIT_ELEMENT(#1794,1.);
#1749=DERIVED_UNIT_ELEMENT(#4920,-3.);
#1750=DERIVED_UNIT_ELEMENT(#1794,1.);
#1751=DERIVED_UNIT_ELEMENT(#4920,-3.);
#1752=DERIVED_UNIT_ELEMENT(#1794,1.);
#1753=DERIVED_UNIT_ELEMENT(#4920,-3.);
#1754=DERIVED_UNIT_ELEMENT(#1794,1.);
#1755=DERIVED_UNIT_ELEMENT(#4920,-3.);
#1756=DERIVED_UNIT_ELEMENT(#1794,1.);
#1757=DERIVED_UNIT_ELEMENT(#4920,-3.);
#1758=DERIVED_UNIT_ELEMENT(#1794,1.);
#1759=DERIVED_UNIT_ELEMENT(#4920,-3.);
#1760=DERIVED_UNIT_ELEMENT(#1794,1.);
#1761=DERIVED_UNIT_ELEMENT(#4920,-3.);
#1762=DERIVED_UNIT_ELEMENT(#1794,1.);
#1763=DERIVED_UNIT_ELEMENT(#4920,-3.);
#1764=DERIVED_UNIT_ELEMENT(#1794,1.);
#1765=DERIVED_UNIT_ELEMENT(#4920,-3.);
#1766=DERIVED_UNIT_ELEMENT(#1794,1.);
#1767=DERIVED_UNIT_ELEMENT(#4920,-3.);
#1768=DERIVED_UNIT_ELEMENT(#1794,1.);
#1769=DERIVED_UNIT_ELEMENT(#4920,-3.);
#1770=DERIVED_UNIT_ELEMENT(#1794,1.);
#1771=DERIVED_UNIT_ELEMENT(#4920,-3.);
#1772=DERIVED_UNIT_ELEMENT(#1794,1.);
#1773=DERIVED_UNIT_ELEMENT(#4920,-3.);
#1774=DERIVED_UNIT_ELEMENT(#1794,1.);
#1775=DERIVED_UNIT_ELEMENT(#4920,-3.);
#1776=DERIVED_UNIT_ELEMENT(#1794,1.);
#1777=DERIVED_UNIT_ELEMENT(#4920,-3.);
#1778=DERIVED_UNIT_ELEMENT(#1794,1.);
#1779=DERIVED_UNIT_ELEMENT(#4920,-3.);
#1780=DERIVED_UNIT_ELEMENT(#1794,1.);
#1781=DERIVED_UNIT_ELEMENT(#4920,-3.);
#1782=DERIVED_UNIT_ELEMENT(#1794,1.);
#1783=DERIVED_UNIT_ELEMENT(#4920,-3.);
#1784=DERIVED_UNIT_ELEMENT(#1794,1.);
#1785=DERIVED_UNIT_ELEMENT(#4920,-3.);
#1786=DERIVED_UNIT_ELEMENT(#1794,1.);
#1787=DERIVED_UNIT_ELEMENT(#4920,-3.);
#1788=DERIVED_UNIT_ELEMENT(#1794,1.);
#1789=DERIVED_UNIT_ELEMENT(#4920,-3.);
#1790=DERIVED_UNIT_ELEMENT(#1794,1.);
#1791=DERIVED_UNIT_ELEMENT(#4920,-3.);
#1792=DERIVED_UNIT_ELEMENT(#1794,1.);
#1793=DERIVED_UNIT_ELEMENT(#4920,-3.);
#1794=(
MASS_UNIT()
NAMED_UNIT(*)
SI_UNIT(.KILO.,.GRAM.)
);
#1795=DERIVED_UNIT((#1694,#1695));
#1796=DERIVED_UNIT((#1696,#1697));
#1797=DERIVED_UNIT((#1698,#1699));
#1798=DERIVED_UNIT((#1700,#1701));
#1799=DERIVED_UNIT((#1702,#1703));
#1800=DERIVED_UNIT((#1704,#1705));
#1801=DERIVED_UNIT((#1706,#1707));
#1802=DERIVED_UNIT((#1708,#1709));
#1803=DERIVED_UNIT((#1710,#1711));
#1804=DERIVED_UNIT((#1712,#1713));
#1805=DERIVED_UNIT((#1714,#1715));
#1806=DERIVED_UNIT((#1716,#1717));
#1807=DERIVED_UNIT((#1718,#1719));
#1808=DERIVED_UNIT((#1720,#1721));
#1809=DERIVED_UNIT((#1722,#1723));
#1810=DERIVED_UNIT((#1724,#1725));
#1811=DERIVED_UNIT((#1726,#1727));
#1812=DERIVED_UNIT((#1728,#1729));
#1813=DERIVED_UNIT((#1730,#1731));
#1814=DERIVED_UNIT((#1732,#1733));
#1815=DERIVED_UNIT((#1734,#1735));
#1816=DERIVED_UNIT((#1736,#1737));
#1817=DERIVED_UNIT((#1738,#1739));
#1818=DERIVED_UNIT((#1740,#1741));
#1819=DERIVED_UNIT((#1742,#1743));
#1820=DERIVED_UNIT((#1744,#1745));
#1821=DERIVED_UNIT((#1746,#1747));
#1822=DERIVED_UNIT((#1748,#1749));
#1823=DERIVED_UNIT((#1750,#1751));
#1824=DERIVED_UNIT((#1752,#1753));
#1825=DERIVED_UNIT((#1754,#1755));
#1826=DERIVED_UNIT((#1756,#1757));
#1827=DERIVED_UNIT((#1758,#1759));
#1828=DERIVED_UNIT((#1760,#1761));
#1829=DERIVED_UNIT((#1762,#1763));
#1830=DERIVED_UNIT((#1764,#1765));
#1831=DERIVED_UNIT((#1766,#1767));
#1832=DERIVED_UNIT((#1768,#1769));
#1833=DERIVED_UNIT((#1770,#1771));
#1834=DERIVED_UNIT((#1772,#1773));
#1835=DERIVED_UNIT((#1774,#1775));
#1836=DERIVED_UNIT((#1776,#1777));
#1837=DERIVED_UNIT((#1778,#1779));
#1838=DERIVED_UNIT((#1780,#1781));
#1839=DERIVED_UNIT((#1782,#1783));
#1840=DERIVED_UNIT((#1784,#1785));
#1841=DERIVED_UNIT((#1786,#1787));
#1842=DERIVED_UNIT((#1788,#1789));
#1843=DERIVED_UNIT((#1790,#1791));
#1844=DERIVED_UNIT((#1792,#1793));
#1845=MEASURE_REPRESENTATION_ITEM('density measure',
POSITIVE_RATIO_MEASURE(7850.),#1795);
#1846=MEASURE_REPRESENTATION_ITEM('density measure',
POSITIVE_RATIO_MEASURE(7850.),#1796);
#1847=MEASURE_REPRESENTATION_ITEM('density measure',
POSITIVE_RATIO_MEASURE(7850.),#1797);
#1848=MEASURE_REPRESENTATION_ITEM('density measure',
POSITIVE_RATIO_MEASURE(7850.),#1798);
#1849=MEASURE_REPRESENTATION_ITEM('density measure',
POSITIVE_RATIO_MEASURE(7850.),#1799);
#1850=MEASURE_REPRESENTATION_ITEM('density measure',
POSITIVE_RATIO_MEASURE(1000.),#1800);
#1851=MEASURE_REPRESENTATION_ITEM('density measure',
POSITIVE_RATIO_MEASURE(7850.),#1801);
#1852=MEASURE_REPRESENTATION_ITEM('density measure',
POSITIVE_RATIO_MEASURE(7850.),#1802);
#1853=MEASURE_REPRESENTATION_ITEM('density measure',
POSITIVE_RATIO_MEASURE(7850.),#1803);
#1854=MEASURE_REPRESENTATION_ITEM('density measure',
POSITIVE_RATIO_MEASURE(7850.),#1804);
#1855=MEASURE_REPRESENTATION_ITEM('density measure',
POSITIVE_RATIO_MEASURE(7850.),#1805);
#1856=MEASURE_REPRESENTATION_ITEM('density measure',
POSITIVE_RATIO_MEASURE(7850.),#1806);
#1857=MEASURE_REPRESENTATION_ITEM('density measure',
POSITIVE_RATIO_MEASURE(7850.),#1807);
#1858=MEASURE_REPRESENTATION_ITEM('density measure',
POSITIVE_RATIO_MEASURE(7850.),#1808);
#1859=MEASURE_REPRESENTATION_ITEM('density measure',
POSITIVE_RATIO_MEASURE(7850.),#1809);
#1860=MEASURE_REPRESENTATION_ITEM('density measure',
POSITIVE_RATIO_MEASURE(7850.),#1810);
#1861=MEASURE_REPRESENTATION_ITEM('density measure',
POSITIVE_RATIO_MEASURE(7850.),#1811);
#1862=MEASURE_REPRESENTATION_ITEM('density measure',
POSITIVE_RATIO_MEASURE(7850.),#1812);
#1863=MEASURE_REPRESENTATION_ITEM('density measure',
POSITIVE_RATIO_MEASURE(7850.),#1813);
#1864=MEASURE_REPRESENTATION_ITEM('density measure',
POSITIVE_RATIO_MEASURE(7850.),#1814);
#1865=MEASURE_REPRESENTATION_ITEM('density measure',
POSITIVE_RATIO_MEASURE(7850.),#1815);
#1866=MEASURE_REPRESENTATION_ITEM('density measure',
POSITIVE_RATIO_MEASURE(7850.),#1816);
#1867=MEASURE_REPRESENTATION_ITEM('density measure',
POSITIVE_RATIO_MEASURE(7850.),#1817);
#1868=MEASURE_REPRESENTATION_ITEM('density measure',
POSITIVE_RATIO_MEASURE(7850.),#1818);
#1869=MEASURE_REPRESENTATION_ITEM('density measure',
POSITIVE_RATIO_MEASURE(7850.),#1819);
#1870=MEASURE_REPRESENTATION_ITEM('density measure',
POSITIVE_RATIO_MEASURE(7850.),#1820);
#1871=MEASURE_REPRESENTATION_ITEM('density measure',
POSITIVE_RATIO_MEASURE(7850.),#1821);
#1872=MEASURE_REPRESENTATION_ITEM('density measure',
POSITIVE_RATIO_MEASURE(7850.),#1822);
#1873=MEASURE_REPRESENTATION_ITEM('density measure',
POSITIVE_RATIO_MEASURE(7850.),#1823);
#1874=MEASURE_REPRESENTATION_ITEM('density measure',
POSITIVE_RATIO_MEASURE(7850.),#1824);
#1875=MEASURE_REPRESENTATION_ITEM('density measure',
POSITIVE_RATIO_MEASURE(7850.),#1825);
#1876=MEASURE_REPRESENTATION_ITEM('density measure',
POSITIVE_RATIO_MEASURE(7850.),#1826);
#1877=MEASURE_REPRESENTATION_ITEM('density measure',
POSITIVE_RATIO_MEASURE(7850.),#1827);
#1878=MEASURE_REPRESENTATION_ITEM('density measure',
POSITIVE_RATIO_MEASURE(7850.),#1828);
#1879=MEASURE_REPRESENTATION_ITEM('density measure',
POSITIVE_RATIO_MEASURE(7850.),#1829);
#1880=MEASURE_REPRESENTATION_ITEM('density measure',
POSITIVE_RATIO_MEASURE(7850.),#1830);
#1881=MEASURE_REPRESENTATION_ITEM('density measure',
POSITIVE_RATIO_MEASURE(7850.),#1831);
#1882=MEASURE_REPRESENTATION_ITEM('density measure',
POSITIVE_RATIO_MEASURE(1000.),#1832);
#1883=MEASURE_REPRESENTATION_ITEM('density measure',
POSITIVE_RATIO_MEASURE(7850.),#1833);
#1884=MEASURE_REPRESENTATION_ITEM('density measure',
POSITIVE_RATIO_MEASURE(7850.),#1834);
#1885=MEASURE_REPRESENTATION_ITEM('density measure',
POSITIVE_RATIO_MEASURE(7.85),#1835);
#1886=MEASURE_REPRESENTATION_ITEM('density measure',
POSITIVE_RATIO_MEASURE(7.85),#1836);
#1887=MEASURE_REPRESENTATION_ITEM('density measure',
POSITIVE_RATIO_MEASURE(1000.),#1837);
#1888=MEASURE_REPRESENTATION_ITEM('density measure',
POSITIVE_RATIO_MEASURE(1000.),#1838);
#1889=MEASURE_REPRESENTATION_ITEM('density measure',
POSITIVE_RATIO_MEASURE(1000.),#1839);
#1890=MEASURE_REPRESENTATION_ITEM('density measure',
POSITIVE_RATIO_MEASURE(7850.),#1840);
#1891=MEASURE_REPRESENTATION_ITEM('density measure',
POSITIVE_RATIO_MEASURE(1000.),#1841);
#1892=MEASURE_REPRESENTATION_ITEM('density measure',
POSITIVE_RATIO_MEASURE(7850.),#1842);
#1893=MEASURE_REPRESENTATION_ITEM('density measure',
POSITIVE_RATIO_MEASURE(1000.),#1843);
#1894=MEASURE_REPRESENTATION_ITEM('density measure',
POSITIVE_RATIO_MEASURE(7850.),#1844);
#1895=PROPERTY_DEFINITION_REPRESENTATION(#2145,#1995);
#1896=PROPERTY_DEFINITION_REPRESENTATION(#2146,#1996);
#1897=PROPERTY_DEFINITION_REPRESENTATION(#2147,#1997);
#1898=PROPERTY_DEFINITION_REPRESENTATION(#2148,#1998);
#1899=PROPERTY_DEFINITION_REPRESENTATION(#2149,#1999);
#1900=PROPERTY_DEFINITION_REPRESENTATION(#2150,#2000);
#1901=PROPERTY_DEFINITION_REPRESENTATION(#2151,#2001);
#1902=PROPERTY_DEFINITION_REPRESENTATION(#2152,#2002);
#1903=PROPERTY_DEFINITION_REPRESENTATION(#2153,#2003);
#1904=PROPERTY_DEFINITION_REPRESENTATION(#2154,#2004);
#1905=PROPERTY_DEFINITION_REPRESENTATION(#2155,#2005);
#1906=PROPERTY_DEFINITION_REPRESENTATION(#2156,#2006);
#1907=PROPERTY_DEFINITION_REPRESENTATION(#2157,#2007);
#1908=PROPERTY_DEFINITION_REPRESENTATION(#2158,#2008);
#1909=PROPERTY_DEFINITION_REPRESENTATION(#2159,#2009);
#1910=PROPERTY_DEFINITION_REPRESENTATION(#2160,#2010);
#1911=PROPERTY_DEFINITION_REPRESENTATION(#2161,#2011);
#1912=PROPERTY_DEFINITION_REPRESENTATION(#2162,#2012);
#1913=PROPERTY_DEFINITION_REPRESENTATION(#2163,#2013);
#1914=PROPERTY_DEFINITION_REPRESENTATION(#2164,#2014);
#1915=PROPERTY_DEFINITION_REPRESENTATION(#2165,#2015);
#1916=PROPERTY_DEFINITION_REPRESENTATION(#2166,#2016);
#1917=PROPERTY_DEFINITION_REPRESENTATION(#2167,#2017);
#1918=PROPERTY_DEFINITION_REPRESENTATION(#2168,#2018);
#1919=PROPERTY_DEFINITION_REPRESENTATION(#2169,#2019);
#1920=PROPERTY_DEFINITION_REPRESENTATION(#2170,#2020);
#1921=PROPERTY_DEFINITION_REPRESENTATION(#2171,#2021);
#1922=PROPERTY_DEFINITION_REPRESENTATION(#2172,#2022);
#1923=PROPERTY_DEFINITION_REPRESENTATION(#2173,#2023);
#1924=PROPERTY_DEFINITION_REPRESENTATION(#2174,#2024);
#1925=PROPERTY_DEFINITION_REPRESENTATION(#2175,#2025);
#1926=PROPERTY_DEFINITION_REPRESENTATION(#2176,#2026);
#1927=PROPERTY_DEFINITION_REPRESENTATION(#2177,#2027);
#1928=PROPERTY_DEFINITION_REPRESENTATION(#2178,#2028);
#1929=PROPERTY_DEFINITION_REPRESENTATION(#2179,#2029);
#1930=PROPERTY_DEFINITION_REPRESENTATION(#2180,#2030);
#1931=PROPERTY_DEFINITION_REPRESENTATION(#2181,#2031);
#1932=PROPERTY_DEFINITION_REPRESENTATION(#2182,#2032);
#1933=PROPERTY_DEFINITION_REPRESENTATION(#2183,#2033);
#1934=PROPERTY_DEFINITION_REPRESENTATION(#2184,#2034);
#1935=PROPERTY_DEFINITION_REPRESENTATION(#2185,#2035);
#1936=PROPERTY_DEFINITION_REPRESENTATION(#2186,#2036);
#1937=PROPERTY_DEFINITION_REPRESENTATION(#2187,#2037);
#1938=PROPERTY_DEFINITION_REPRESENTATION(#2188,#2038);
#1939=PROPERTY_DEFINITION_REPRESENTATION(#2189,#2039);
#1940=PROPERTY_DEFINITION_REPRESENTATION(#2190,#2040);
#1941=PROPERTY_DEFINITION_REPRESENTATION(#2191,#2041);
#1942=PROPERTY_DEFINITION_REPRESENTATION(#2192,#2042);
#1943=PROPERTY_DEFINITION_REPRESENTATION(#2193,#2043);
#1944=PROPERTY_DEFINITION_REPRESENTATION(#2194,#2044);
#1945=PROPERTY_DEFINITION_REPRESENTATION(#2195,#2045);
#1946=PROPERTY_DEFINITION_REPRESENTATION(#2196,#2046);
#1947=PROPERTY_DEFINITION_REPRESENTATION(#2197,#2047);
#1948=PROPERTY_DEFINITION_REPRESENTATION(#2198,#2048);
#1949=PROPERTY_DEFINITION_REPRESENTATION(#2199,#2049);
#1950=PROPERTY_DEFINITION_REPRESENTATION(#2200,#2050);
#1951=PROPERTY_DEFINITION_REPRESENTATION(#2201,#2051);
#1952=PROPERTY_DEFINITION_REPRESENTATION(#2202,#2052);
#1953=PROPERTY_DEFINITION_REPRESENTATION(#2203,#2053);
#1954=PROPERTY_DEFINITION_REPRESENTATION(#2204,#2054);
#1955=PROPERTY_DEFINITION_REPRESENTATION(#2205,#2055);
#1956=PROPERTY_DEFINITION_REPRESENTATION(#2206,#2056);
#1957=PROPERTY_DEFINITION_REPRESENTATION(#2207,#2057);
#1958=PROPERTY_DEFINITION_REPRESENTATION(#2208,#2058);
#1959=PROPERTY_DEFINITION_REPRESENTATION(#2209,#2059);
#1960=PROPERTY_DEFINITION_REPRESENTATION(#2210,#2060);
#1961=PROPERTY_DEFINITION_REPRESENTATION(#2211,#2061);
#1962=PROPERTY_DEFINITION_REPRESENTATION(#2212,#2062);
#1963=PROPERTY_DEFINITION_REPRESENTATION(#2213,#2063);
#1964=PROPERTY_DEFINITION_REPRESENTATION(#2214,#2064);
#1965=PROPERTY_DEFINITION_REPRESENTATION(#2215,#2065);
#1966=PROPERTY_DEFINITION_REPRESENTATION(#2216,#2066);
#1967=PROPERTY_DEFINITION_REPRESENTATION(#2217,#2067);
#1968=PROPERTY_DEFINITION_REPRESENTATION(#2218,#2068);
#1969=PROPERTY_DEFINITION_REPRESENTATION(#2219,#2069);
#1970=PROPERTY_DEFINITION_REPRESENTATION(#2220,#2070);
#1971=PROPERTY_DEFINITION_REPRESENTATION(#2221,#2071);
#1972=PROPERTY_DEFINITION_REPRESENTATION(#2222,#2072);
#1973=PROPERTY_DEFINITION_REPRESENTATION(#2223,#2073);
#1974=PROPERTY_DEFINITION_REPRESENTATION(#2224,#2074);
#1975=PROPERTY_DEFINITION_REPRESENTATION(#2225,#2075);
#1976=PROPERTY_DEFINITION_REPRESENTATION(#2226,#2076);
#1977=PROPERTY_DEFINITION_REPRESENTATION(#2227,#2077);
#1978=PROPERTY_DEFINITION_REPRESENTATION(#2228,#2078);
#1979=PROPERTY_DEFINITION_REPRESENTATION(#2229,#2079);
#1980=PROPERTY_DEFINITION_REPRESENTATION(#2230,#2080);
#1981=PROPERTY_DEFINITION_REPRESENTATION(#2231,#2081);
#1982=PROPERTY_DEFINITION_REPRESENTATION(#2232,#2082);
#1983=PROPERTY_DEFINITION_REPRESENTATION(#2233,#2083);
#1984=PROPERTY_DEFINITION_REPRESENTATION(#2234,#2084);
#1985=PROPERTY_DEFINITION_REPRESENTATION(#2235,#2085);
#1986=PROPERTY_DEFINITION_REPRESENTATION(#2236,#2086);
#1987=PROPERTY_DEFINITION_REPRESENTATION(#2237,#2087);
#1988=PROPERTY_DEFINITION_REPRESENTATION(#2238,#2088);
#1989=PROPERTY_DEFINITION_REPRESENTATION(#2239,#2089);
#1990=PROPERTY_DEFINITION_REPRESENTATION(#2240,#2090);
#1991=PROPERTY_DEFINITION_REPRESENTATION(#2241,#2091);
#1992=PROPERTY_DEFINITION_REPRESENTATION(#2242,#2092);
#1993=PROPERTY_DEFINITION_REPRESENTATION(#2243,#2093);
#1994=PROPERTY_DEFINITION_REPRESENTATION(#2244,#2094);
#1995=REPRESENTATION('material name',(#2095),#4752);
#1996=REPRESENTATION('density',(#1845),#4752);
#1997=REPRESENTATION('material name',(#2096),#4759);
#1998=REPRESENTATION('density',(#1846),#4759);
#1999=REPRESENTATION('material name',(#2097),#4764);
#2000=REPRESENTATION('density',(#1847),#4764);
#2001=REPRESENTATION('material name',(#2098),#4769);
#2002=REPRESENTATION('density',(#1848),#4769);
#2003=REPRESENTATION('material name',(#2099),#4771);
#2004=REPRESENTATION('density',(#1849),#4771);
#2005=REPRESENTATION('material name',(#2100),#4774);
#2006=REPRESENTATION('density',(#1850),#4774);
#2007=REPRESENTATION('material name',(#2101),#4775);
#2008=REPRESENTATION('density',(#1851),#4775);
#2009=REPRESENTATION('material name',(#2102),#4776);
#2010=REPRESENTATION('density',(#1852),#4776);
#2011=REPRESENTATION('material name',(#2103),#4780);
#2012=REPRESENTATION('density',(#1853),#4780);
#2013=REPRESENTATION('material name',(#2104),#4783);
#2014=REPRESENTATION('density',(#1854),#4783);
#2015=REPRESENTATION('material name',(#2105),#4785);
#2016=REPRESENTATION('density',(#1855),#4785);
#2017=REPRESENTATION('material name',(#2106),#4796);
#2018=REPRESENTATION('density',(#1856),#4796);
#2019=REPRESENTATION('material name',(#2107),#4800);
#2020=REPRESENTATION('density',(#1857),#4800);
#2021=REPRESENTATION('material name',(#2108),#4802);
#2022=REPRESENTATION('density',(#1858),#4802);
#2023=REPRESENTATION('material name',(#2109),#4803);
#2024=REPRESENTATION('density',(#1859),#4803);
#2025=REPRESENTATION('material name',(#2110),#4804);
#2026=REPRESENTATION('density',(#1860),#4804);
#2027=REPRESENTATION('material name',(#2111),#4805);
#2028=REPRESENTATION('density',(#1861),#4805);
#2029=REPRESENTATION('material name',(#2112),#4806);
#2030=REPRESENTATION('density',(#1862),#4806);
#2031=REPRESENTATION('material name',(#2113),#4807);
#2032=REPRESENTATION('density',(#1863),#4807);
#2033=REPRESENTATION('material name',(#2114),#4810);
#2034=REPRESENTATION('density',(#1864),#4810);
#2035=REPRESENTATION('material name',(#2115),#4814);
#2036=REPRESENTATION('density',(#1865),#4814);
#2037=REPRESENTATION('material name',(#2116),#4825);
#2038=REPRESENTATION('density',(#1866),#4825);
#2039=REPRESENTATION('material name',(#2117),#4827);
#2040=REPRESENTATION('density',(#1867),#4827);
#2041=REPRESENTATION('material name',(#2118),#4830);
#2042=REPRESENTATION('density',(#1868),#4830);
#2043=REPRESENTATION('material name',(#2119),#4833);
#2044=REPRESENTATION('density',(#1869),#4833);
#2045=REPRESENTATION('material name',(#2120),#4835);
#2046=REPRESENTATION('density',(#1870),#4835);
#2047=REPRESENTATION('material name',(#2121),#4838);
#2048=REPRESENTATION('density',(#1871),#4838);
#2049=REPRESENTATION('material name',(#2122),#4841);
#2050=REPRESENTATION('density',(#1872),#4841);
#2051=REPRESENTATION('material name',(#2123),#4843);
#2052=REPRESENTATION('density',(#1873),#4843);
#2053=REPRESENTATION('material name',(#2124),#4844);
#2054=REPRESENTATION('density',(#1874),#4844);
#2055=REPRESENTATION('material name',(#2125),#4846);
#2056=REPRESENTATION('density',(#1875),#4846);
#2057=REPRESENTATION('material name',(#2126),#4847);
#2058=REPRESENTATION('density',(#1876),#4847);
#2059=REPRESENTATION('material name',(#2127),#4863);
#2060=REPRESENTATION('density',(#1877),#4863);
#2061=REPRESENTATION('material name',(#2128),#4874);
#2062=REPRESENTATION('density',(#1878),#4874);
#2063=REPRESENTATION('material name',(#2129),#4876);
#2064=REPRESENTATION('density',(#1879),#4876);
#2065=REPRESENTATION('material name',(#2130),#4878);
#2066=REPRESENTATION('density',(#1880),#4878);
#2067=REPRESENTATION('material name',(#2131),#4881);
#2068=REPRESENTATION('density',(#1881),#4881);
#2069=REPRESENTATION('material name',(#2132),#4883);
#2070=REPRESENTATION('density',(#1882),#4883);
#2071=REPRESENTATION('material name',(#2133),#4886);
#2072=REPRESENTATION('density',(#1883),#4886);
#2073=REPRESENTATION('material name',(#2134),#4890);
#2074=REPRESENTATION('density',(#1884),#4890);
#2075=REPRESENTATION('material name',(#2135),#4897);
#2076=REPRESENTATION('density',(#1885),#4897);
#2077=REPRESENTATION('material name',(#2136),#4898);
#2078=REPRESENTATION('density',(#1886),#4898);
#2079=REPRESENTATION('material name',(#2137),#4901);
#2080=REPRESENTATION('density',(#1887),#4901);
#2081=REPRESENTATION('material name',(#2138),#4903);
#2082=REPRESENTATION('density',(#1888),#4903);
#2083=REPRESENTATION('material name',(#2139),#4905);
#2084=REPRESENTATION('density',(#1889),#4905);
#2085=REPRESENTATION('material name',(#2140),#4908);
#2086=REPRESENTATION('density',(#1890),#4908);
#2087=REPRESENTATION('material name',(#2141),#4910);
#2088=REPRESENTATION('density',(#1891),#4910);
#2089=REPRESENTATION('material name',(#2142),#4913);
#2090=REPRESENTATION('density',(#1892),#4913);
#2091=REPRESENTATION('material name',(#2143),#4915);
#2092=REPRESENTATION('density',(#1893),#4915);
#2093=REPRESENTATION('material name',(#2144),#4917);
#2094=REPRESENTATION('density',(#1894),#4917);
#2095=DESCRIPTIVE_REPRESENTATION_ITEM('Acier','Acier');
#2096=DESCRIPTIVE_REPRESENTATION_ITEM('Acier','Acier');
#2097=DESCRIPTIVE_REPRESENTATION_ITEM('Acier','Acier');
#2098=DESCRIPTIVE_REPRESENTATION_ITEM('Acier','Acier');
#2099=DESCRIPTIVE_REPRESENTATION_ITEM('Acier','Acier');
#2100=DESCRIPTIVE_REPRESENTATION_ITEM('G\X\E9n\X\E9rique','G\X\E9n\X\E9
rique');
#2101=DESCRIPTIVE_REPRESENTATION_ITEM('Acier','Acier');
#2102=DESCRIPTIVE_REPRESENTATION_ITEM('Acier','Acier');
#2103=DESCRIPTIVE_REPRESENTATION_ITEM('Acier','Acier');
#2104=DESCRIPTIVE_REPRESENTATION_ITEM('Acier','Acier');
#2105=DESCRIPTIVE_REPRESENTATION_ITEM('Acier','Acier');
#2106=DESCRIPTIVE_REPRESENTATION_ITEM('Acier','Acier');
#2107=DESCRIPTIVE_REPRESENTATION_ITEM('Acier','Acier');
#2108=DESCRIPTIVE_REPRESENTATION_ITEM('Acier','Acier');
#2109=DESCRIPTIVE_REPRESENTATION_ITEM('Acier','Acier');
#2110=DESCRIPTIVE_REPRESENTATION_ITEM('Acier','Acier');
#2111=DESCRIPTIVE_REPRESENTATION_ITEM('Acier','Acier');
#2112=DESCRIPTIVE_REPRESENTATION_ITEM('Acier','Acier');
#2113=DESCRIPTIVE_REPRESENTATION_ITEM('Acier','Acier');
#2114=DESCRIPTIVE_REPRESENTATION_ITEM('Acier','Acier');
#2115=DESCRIPTIVE_REPRESENTATION_ITEM('Acier','Acier');
#2116=DESCRIPTIVE_REPRESENTATION_ITEM('Acier','Acier');
#2117=DESCRIPTIVE_REPRESENTATION_ITEM('Acier','Acier');
#2118=DESCRIPTIVE_REPRESENTATION_ITEM('Acier','Acier');
#2119=DESCRIPTIVE_REPRESENTATION_ITEM('Acier','Acier');
#2120=DESCRIPTIVE_REPRESENTATION_ITEM('Acier','Acier');
#2121=DESCRIPTIVE_REPRESENTATION_ITEM('Acier','Acier');
#2122=DESCRIPTIVE_REPRESENTATION_ITEM('Acier','Acier');
#2123=DESCRIPTIVE_REPRESENTATION_ITEM('Acier','Acier');
#2124=DESCRIPTIVE_REPRESENTATION_ITEM('Acier','Acier');
#2125=DESCRIPTIVE_REPRESENTATION_ITEM('Acier','Acier');
#2126=DESCRIPTIVE_REPRESENTATION_ITEM('Acier','Acier');
#2127=DESCRIPTIVE_REPRESENTATION_ITEM('Acier','Acier');
#2128=DESCRIPTIVE_REPRESENTATION_ITEM('Acier','Acier');
#2129=DESCRIPTIVE_REPRESENTATION_ITEM('Acier','Acier');
#2130=DESCRIPTIVE_REPRESENTATION_ITEM('Acier','Acier');
#2131=DESCRIPTIVE_REPRESENTATION_ITEM('Acier','Acier');
#2132=DESCRIPTIVE_REPRESENTATION_ITEM('\X2\04220438043F043E0432044B0435\X0\',
'\X2\04220438043F043E0432044B0435\X0\');
#2133=DESCRIPTIVE_REPRESENTATION_ITEM('Acier','Acier');
#2134=DESCRIPTIVE_REPRESENTATION_ITEM('Acier','Acier');
#2135=DESCRIPTIVE_REPRESENTATION_ITEM('Acier','Acier');
#2136=DESCRIPTIVE_REPRESENTATION_ITEM('Acier','Acier');
#2137=DESCRIPTIVE_REPRESENTATION_ITEM('\X2\04220438043F043E0432044B0435\X0\',
'\X2\04220438043F043E0432044B0435\X0\');
#2138=DESCRIPTIVE_REPRESENTATION_ITEM('\X2\04220438043F043E0432044B0435\X0\',
'\X2\04220438043F043E0432044B0435\X0\');
#2139=DESCRIPTIVE_REPRESENTATION_ITEM('\X2\04220438043F043E0432044B0435\X0\',
'\X2\04220438043F043E0432044B0435\X0\');
#2140=DESCRIPTIVE_REPRESENTATION_ITEM('Acier','Acier');
#2141=DESCRIPTIVE_REPRESENTATION_ITEM('\X2\04220438043F043E0432044B0435\X0\',
'\X2\04220438043F043E0432044B0435\X0\');
#2142=DESCRIPTIVE_REPRESENTATION_ITEM('Acier','Acier');
#2143=DESCRIPTIVE_REPRESENTATION_ITEM('\X2\04220438043F043E0432044B0435\X0\',
'\X2\04220438043F043E0432044B0435\X0\');
#2144=DESCRIPTIVE_REPRESENTATION_ITEM('Acier','Acier');
#2145=PROPERTY_DEFINITION('material property','material name',#5724);
#2146=PROPERTY_DEFINITION('material property','density of part',#5724);
#2147=PROPERTY_DEFINITION('material property','material name',#5731);
#2148=PROPERTY_DEFINITION('material property','density of part',#5731);
#2149=PROPERTY_DEFINITION('material property','material name',#5736);
#2150=PROPERTY_DEFINITION('material property','density of part',#5736);
#2151=PROPERTY_DEFINITION('material property','material name',#5741);
#2152=PROPERTY_DEFINITION('material property','density of part',#5741);
#2153=PROPERTY_DEFINITION('material property','material name',#5743);
#2154=PROPERTY_DEFINITION('material property','density of part',#5743);
#2155=PROPERTY_DEFINITION('material property','material name',#5746);
#2156=PROPERTY_DEFINITION('material property','density of part',#5746);
#2157=PROPERTY_DEFINITION('material property','material name',#5747);
#2158=PROPERTY_DEFINITION('material property','density of part',#5747);
#2159=PROPERTY_DEFINITION('material property','material name',#5748);
#2160=PROPERTY_DEFINITION('material property','density of part',#5748);
#2161=PROPERTY_DEFINITION('material property','material name',#5752);
#2162=PROPERTY_DEFINITION('material property','density of part',#5752);
#2163=PROPERTY_DEFINITION('material property','material name',#5755);
#2164=PROPERTY_DEFINITION('material property','density of part',#5755);
#2165=PROPERTY_DEFINITION('material property','material name',#5757);
#2166=PROPERTY_DEFINITION('material property','density of part',#5757);
#2167=PROPERTY_DEFINITION('material property','material name',#5768);
#2168=PROPERTY_DEFINITION('material property','density of part',#5768);
#2169=PROPERTY_DEFINITION('material property','material name',#5772);
#2170=PROPERTY_DEFINITION('material property','density of part',#5772);
#2171=PROPERTY_DEFINITION('material property','material name',#5774);
#2172=PROPERTY_DEFINITION('material property','density of part',#5774);
#2173=PROPERTY_DEFINITION('material property','material name',#5775);
#2174=PROPERTY_DEFINITION('material property','density of part',#5775);
#2175=PROPERTY_DEFINITION('material property','material name',#5776);
#2176=PROPERTY_DEFINITION('material property','density of part',#5776);
#2177=PROPERTY_DEFINITION('material property','material name',#5777);
#2178=PROPERTY_DEFINITION('material property','density of part',#5777);
#2179=PROPERTY_DEFINITION('material property','material name',#5778);
#2180=PROPERTY_DEFINITION('material property','density of part',#5778);
#2181=PROPERTY_DEFINITION('material property','material name',#5779);
#2182=PROPERTY_DEFINITION('material property','density of part',#5779);
#2183=PROPERTY_DEFINITION('material property','material name',#5782);
#2184=PROPERTY_DEFINITION('material property','density of part',#5782);
#2185=PROPERTY_DEFINITION('material property','material name',#5786);
#2186=PROPERTY_DEFINITION('material property','density of part',#5786);
#2187=PROPERTY_DEFINITION('material property','material name',#5797);
#2188=PROPERTY_DEFINITION('material property','density of part',#5797);
#2189=PROPERTY_DEFINITION('material property','material name',#5799);
#2190=PROPERTY_DEFINITION('material property','density of part',#5799);
#2191=PROPERTY_DEFINITION('material property','material name',#5802);
#2192=PROPERTY_DEFINITION('material property','density of part',#5802);
#2193=PROPERTY_DEFINITION('material property','material name',#5805);
#2194=PROPERTY_DEFINITION('material property','density of part',#5805);
#2195=PROPERTY_DEFINITION('material property','material name',#5807);
#2196=PROPERTY_DEFINITION('material property','density of part',#5807);
#2197=PROPERTY_DEFINITION('material property','material name',#5810);
#2198=PROPERTY_DEFINITION('material property','density of part',#5810);
#2199=PROPERTY_DEFINITION('material property','material name',#5813);
#2200=PROPERTY_DEFINITION('material property','density of part',#5813);
#2201=PROPERTY_DEFINITION('material property','material name',#5815);
#2202=PROPERTY_DEFINITION('material property','density of part',#5815);
#2203=PROPERTY_DEFINITION('material property','material name',#5816);
#2204=PROPERTY_DEFINITION('material property','density of part',#5816);
#2205=PROPERTY_DEFINITION('material property','material name',#5818);
#2206=PROPERTY_DEFINITION('material property','density of part',#5818);
#2207=PROPERTY_DEFINITION('material property','material name',#5819);
#2208=PROPERTY_DEFINITION('material property','density of part',#5819);
#2209=PROPERTY_DEFINITION('material property','material name',#5835);
#2210=PROPERTY_DEFINITION('material property','density of part',#5835);
#2211=PROPERTY_DEFINITION('material property','material name',#5846);
#2212=PROPERTY_DEFINITION('material property','density of part',#5846);
#2213=PROPERTY_DEFINITION('material property','material name',#5848);
#2214=PROPERTY_DEFINITION('material property','density of part',#5848);
#2215=PROPERTY_DEFINITION('material property','material name',#5850);
#2216=PROPERTY_DEFINITION('material property','density of part',#5850);
#2217=PROPERTY_DEFINITION('material property','material name',#5853);
#2218=PROPERTY_DEFINITION('material property','density of part',#5853);
#2219=PROPERTY_DEFINITION('material property','material name',#5855);
#2220=PROPERTY_DEFINITION('material property','density of part',#5855);
#2221=PROPERTY_DEFINITION('material property','material name',#5858);
#2222=PROPERTY_DEFINITION('material property','density of part',#5858);
#2223=PROPERTY_DEFINITION('material property','material name',#5862);
#2224=PROPERTY_DEFINITION('material property','density of part',#5862);
#2225=PROPERTY_DEFINITION('material property','material name',#5869);
#2226=PROPERTY_DEFINITION('material property','density of part',#5869);
#2227=PROPERTY_DEFINITION('material property','material name',#5870);
#2228=PROPERTY_DEFINITION('material property','density of part',#5870);
#2229=PROPERTY_DEFINITION('material property','material name',#5873);
#2230=PROPERTY_DEFINITION('material property','density of part',#5873);
#2231=PROPERTY_DEFINITION('material property','material name',#5875);
#2232=PROPERTY_DEFINITION('material property','density of part',#5875);
#2233=PROPERTY_DEFINITION('material property','material name',#5877);
#2234=PROPERTY_DEFINITION('material property','density of part',#5877);
#2235=PROPERTY_DEFINITION('material property','material name',#5880);
#2236=PROPERTY_DEFINITION('material property','density of part',#5880);
#2237=PROPERTY_DEFINITION('material property','material name',#5882);
#2238=PROPERTY_DEFINITION('material property','density of part',#5882);
#2239=PROPERTY_DEFINITION('material property','material name',#5885);
#2240=PROPERTY_DEFINITION('material property','density of part',#5885);
#2241=PROPERTY_DEFINITION('material property','material name',#5887);
#2242=PROPERTY_DEFINITION('material property','density of part',#5887);
#2243=PROPERTY_DEFINITION('material property','material name',#5889);
#2244=PROPERTY_DEFINITION('material property','density of part',#5889);
#2245=AXIS2_PLACEMENT_3D('',#3728,#2722,#2723);
#2246=AXIS2_PLACEMENT_3D('',#3729,#2724,#2725);
#2247=AXIS2_PLACEMENT_3D('',#3730,#2726,#2727);
#2248=AXIS2_PLACEMENT_3D('',#3731,#2728,#2729);
#2249=AXIS2_PLACEMENT_3D('',#3732,#2730,#2731);
#2250=AXIS2_PLACEMENT_3D('',#3733,#2732,#2733);
#2251=AXIS2_PLACEMENT_3D('',#3734,#2734,#2735);
#2252=AXIS2_PLACEMENT_3D('',#3735,#2736,#2737);
#2253=AXIS2_PLACEMENT_3D('',#3736,#2738,#2739);
#2254=AXIS2_PLACEMENT_3D('',#3737,#2740,#2741);
#2255=AXIS2_PLACEMENT_3D('',#3738,#2742,#2743);
#2256=AXIS2_PLACEMENT_3D('',#3739,#2744,#2745);
#2257=AXIS2_PLACEMENT_3D('',#3740,#2746,#2747);
#2258=AXIS2_PLACEMENT_3D('',#3741,#2748,#2749);
#2259=AXIS2_PLACEMENT_3D('',#3742,#2750,#2751);
#2260=AXIS2_PLACEMENT_3D('',#3743,#2752,#2753);
#2261=AXIS2_PLACEMENT_3D('',#3744,#2754,#2755);
#2262=AXIS2_PLACEMENT_3D('',#3745,#2756,#2757);
#2263=AXIS2_PLACEMENT_3D('',#3746,#2758,#2759);
#2264=AXIS2_PLACEMENT_3D('',#3747,#2760,#2761);
#2265=AXIS2_PLACEMENT_3D('',#3748,#2762,#2763);
#2266=AXIS2_PLACEMENT_3D('',#3749,#2764,#2765);
#2267=AXIS2_PLACEMENT_3D('',#3750,#2766,#2767);
#2268=AXIS2_PLACEMENT_3D('',#3751,#2768,#2769);
#2269=AXIS2_PLACEMENT_3D('',#3752,#2770,#2771);
#2270=AXIS2_PLACEMENT_3D('',#3753,#2772,#2773);
#2271=AXIS2_PLACEMENT_3D('',#3754,#2774,#2775);
#2272=AXIS2_PLACEMENT_3D('',#3755,#2776,#2777);
#2273=AXIS2_PLACEMENT_3D('',#3756,#2778,#2779);
#2274=AXIS2_PLACEMENT_3D('',#3757,#2780,#2781);
#2275=AXIS2_PLACEMENT_3D('',#3758,#2782,#2783);
#2276=AXIS2_PLACEMENT_3D('',#3759,#2784,#2785);
#2277=AXIS2_PLACEMENT_3D('',#3760,#2786,#2787);
#2278=AXIS2_PLACEMENT_3D('',#3761,#2788,#2789);
#2279=AXIS2_PLACEMENT_3D('',#3762,#2790,#2791);
#2280=AXIS2_PLACEMENT_3D('',#3763,#2792,#2793);
#2281=AXIS2_PLACEMENT_3D('',#3764,#2794,#2795);
#2282=AXIS2_PLACEMENT_3D('',#3765,#2796,#2797);
#2283=AXIS2_PLACEMENT_3D('',#3766,#2798,#2799);
#2284=AXIS2_PLACEMENT_3D('',#3767,#2800,#2801);
#2285=AXIS2_PLACEMENT_3D('',#3768,#2802,#2803);
#2286=AXIS2_PLACEMENT_3D('',#3769,#2804,#2805);
#2287=AXIS2_PLACEMENT_3D('',#3770,#2806,#2807);
#2288=AXIS2_PLACEMENT_3D('',#3771,#2808,#2809);
#2289=AXIS2_PLACEMENT_3D('',#3772,#2810,#2811);
#2290=AXIS2_PLACEMENT_3D('',#3773,#2812,#2813);
#2291=AXIS2_PLACEMENT_3D('',#3774,#2814,#2815);
#2292=AXIS2_PLACEMENT_3D('',#3775,#2816,#2817);
#2293=AXIS2_PLACEMENT_3D('',#3776,#2818,#2819);
#2294=AXIS2_PLACEMENT_3D('',#3777,#2820,#2821);
#2295=AXIS2_PLACEMENT_3D('',#3778,#2822,#2823);
#2296=AXIS2_PLACEMENT_3D('',#3779,#2824,#2825);
#2297=AXIS2_PLACEMENT_3D('',#3780,#2826,#2827);
#2298=AXIS2_PLACEMENT_3D('',#3781,#2828,#2829);
#2299=AXIS2_PLACEMENT_3D('',#3782,#2830,#2831);
#2300=AXIS2_PLACEMENT_3D('',#3783,#2832,#2833);
#2301=AXIS2_PLACEMENT_3D('',#3784,#2834,#2835);
#2302=AXIS2_PLACEMENT_3D('',#3785,#2836,#2837);
#2303=AXIS2_PLACEMENT_3D('',#3786,#2838,#2839);
#2304=AXIS2_PLACEMENT_3D('',#3787,#2840,#2841);
#2305=AXIS2_PLACEMENT_3D('',#3788,#2842,#2843);
#2306=AXIS2_PLACEMENT_3D('',#3789,#2844,#2845);
#2307=AXIS2_PLACEMENT_3D('',#3790,#2846,#2847);
#2308=AXIS2_PLACEMENT_3D('',#3791,#2848,#2849);
#2309=AXIS2_PLACEMENT_3D('',#3792,#2850,#2851);
#2310=AXIS2_PLACEMENT_3D('',#3793,#2852,#2853);
#2311=AXIS2_PLACEMENT_3D('',#3794,#2854,#2855);
#2312=AXIS2_PLACEMENT_3D('',#3795,#2856,#2857);
#2313=AXIS2_PLACEMENT_3D('',#3796,#2858,#2859);
#2314=AXIS2_PLACEMENT_3D('',#3797,#2860,#2861);
#2315=AXIS2_PLACEMENT_3D('',#3798,#2862,#2863);
#2316=AXIS2_PLACEMENT_3D('',#3799,#2864,#2865);
#2317=AXIS2_PLACEMENT_3D('',#3800,#2866,#2867);
#2318=AXIS2_PLACEMENT_3D('',#3801,#2868,#2869);
#2319=AXIS2_PLACEMENT_3D('',#3802,#2870,#2871);
#2320=AXIS2_PLACEMENT_3D('',#3803,#2872,#2873);
#2321=AXIS2_PLACEMENT_3D('',#3804,#2874,#2875);
#2322=AXIS2_PLACEMENT_3D('',#3805,#2876,#2877);
#2323=AXIS2_PLACEMENT_3D('',#3806,#2878,#2879);
#2324=AXIS2_PLACEMENT_3D('',#3807,#2880,#2881);
#2325=AXIS2_PLACEMENT_3D('',#3808,#2882,#2883);
#2326=AXIS2_PLACEMENT_3D('',#3809,#2884,#2885);
#2327=AXIS2_PLACEMENT_3D('',#3810,#2886,#2887);
#2328=AXIS2_PLACEMENT_3D('',#3811,#2888,#2889);
#2329=AXIS2_PLACEMENT_3D('',#3812,#2890,#2891);
#2330=AXIS2_PLACEMENT_3D('',#3813,#2892,#2893);
#2331=AXIS2_PLACEMENT_3D('',#3814,#2894,#2895);
#2332=AXIS2_PLACEMENT_3D('',#3815,#2896,#2897);
#2333=AXIS2_PLACEMENT_3D('',#3816,#2898,#2899);
#2334=AXIS2_PLACEMENT_3D('',#3817,#2900,#2901);
#2335=AXIS2_PLACEMENT_3D('',#3818,#2902,#2903);
#2336=AXIS2_PLACEMENT_3D('',#3819,#2904,#2905);
#2337=AXIS2_PLACEMENT_3D('',#3820,#2906,#2907);
#2338=AXIS2_PLACEMENT_3D('',#3821,#2908,#2909);
#2339=AXIS2_PLACEMENT_3D('',#3822,#2910,#2911);
#2340=AXIS2_PLACEMENT_3D('',#3823,#2912,#2913);
#2341=AXIS2_PLACEMENT_3D('',#3824,#2914,#2915);
#2342=AXIS2_PLACEMENT_3D('',#3825,#2916,#2917);
#2343=AXIS2_PLACEMENT_3D('',#3826,#2918,#2919);
#2344=AXIS2_PLACEMENT_3D('',#3827,#2920,#2921);
#2345=AXIS2_PLACEMENT_3D('',#3828,#2922,#2923);
#2346=AXIS2_PLACEMENT_3D('',#3829,#2924,#2925);
#2347=AXIS2_PLACEMENT_3D('',#3830,#2926,#2927);
#2348=AXIS2_PLACEMENT_3D('',#3831,#2928,#2929);
#2349=AXIS2_PLACEMENT_3D('',#3832,#2930,#2931);
#2350=AXIS2_PLACEMENT_3D('',#3833,#2932,#2933);
#2351=AXIS2_PLACEMENT_3D('',#3834,#2934,#2935);
#2352=AXIS2_PLACEMENT_3D('',#3835,#2936,#2937);
#2353=AXIS2_PLACEMENT_3D('',#3836,#2938,#2939);
#2354=AXIS2_PLACEMENT_3D('',#3837,#2940,#2941);
#2355=AXIS2_PLACEMENT_3D('',#3838,#2942,#2943);
#2356=AXIS2_PLACEMENT_3D('',#3839,#2944,#2945);
#2357=AXIS2_PLACEMENT_3D('',#3840,#2946,#2947);
#2358=AXIS2_PLACEMENT_3D('',#3841,#2948,#2949);
#2359=AXIS2_PLACEMENT_3D('',#3842,#2950,#2951);
#2360=AXIS2_PLACEMENT_3D('',#3843,#2952,#2953);
#2361=AXIS2_PLACEMENT_3D('',#3844,#2954,#2955);
#2362=AXIS2_PLACEMENT_3D('',#3845,#2956,#2957);
#2363=AXIS2_PLACEMENT_3D('',#3846,#2958,#2959);
#2364=AXIS2_PLACEMENT_3D('',#3847,#2960,#2961);
#2365=AXIS2_PLACEMENT_3D('',#3848,#2962,#2963);
#2366=AXIS2_PLACEMENT_3D('',#3849,#2964,#2965);
#2367=AXIS2_PLACEMENT_3D('',#3850,#2966,#2967);
#2368=AXIS2_PLACEMENT_3D('',#3851,#2968,#2969);
#2369=AXIS2_PLACEMENT_3D('',#3852,#2970,#2971);
#2370=AXIS2_PLACEMENT_3D('',#3853,#2972,#2973);
#2371=AXIS2_PLACEMENT_3D('',#3854,#2974,#2975);
#2372=AXIS2_PLACEMENT_3D('',#3855,#2976,#2977);
#2373=AXIS2_PLACEMENT_3D('',#3856,#2978,#2979);
#2374=AXIS2_PLACEMENT_3D('',#3857,#2980,#2981);
#2375=AXIS2_PLACEMENT_3D('',#3858,#2982,#2983);
#2376=AXIS2_PLACEMENT_3D('',#3859,#2984,#2985);
#2377=AXIS2_PLACEMENT_3D('',#3860,#2986,#2987);
#2378=AXIS2_PLACEMENT_3D('',#3861,#2988,#2989);
#2379=AXIS2_PLACEMENT_3D('',#3862,#2990,#2991);
#2380=AXIS2_PLACEMENT_3D('',#3863,#2992,#2993);
#2381=AXIS2_PLACEMENT_3D('',#3864,#2994,#2995);
#2382=AXIS2_PLACEMENT_3D('',#3865,#2996,#2997);
#2383=AXIS2_PLACEMENT_3D('',#3866,#2998,#2999);
#2384=AXIS2_PLACEMENT_3D('',#3867,#3000,#3001);
#2385=AXIS2_PLACEMENT_3D('',#3868,#3002,#3003);
#2386=AXIS2_PLACEMENT_3D('',#3869,#3004,#3005);
#2387=AXIS2_PLACEMENT_3D('',#3870,#3006,#3007);
#2388=AXIS2_PLACEMENT_3D('',#3871,#3008,#3009);
#2389=AXIS2_PLACEMENT_3D('',#3872,#3010,#3011);
#2390=AXIS2_PLACEMENT_3D('',#3873,#3012,#3013);
#2391=AXIS2_PLACEMENT_3D('',#3874,#3014,#3015);
#2392=AXIS2_PLACEMENT_3D('',#3875,#3016,#3017);
#2393=AXIS2_PLACEMENT_3D('',#3876,#3018,#3019);
#2394=AXIS2_PLACEMENT_3D('',#3877,#3020,#3021);
#2395=AXIS2_PLACEMENT_3D('',#3878,#3022,#3023);
#2396=AXIS2_PLACEMENT_3D('',#3879,#3024,#3025);
#2397=AXIS2_PLACEMENT_3D('',#3880,#3026,#3027);
#2398=AXIS2_PLACEMENT_3D('',#3881,#3028,#3029);
#2399=AXIS2_PLACEMENT_3D('',#3882,#3030,#3031);
#2400=AXIS2_PLACEMENT_3D('',#3883,#3032,#3033);
#2401=AXIS2_PLACEMENT_3D('',#3884,#3034,#3035);
#2402=AXIS2_PLACEMENT_3D('',#3885,#3036,#3037);
#2403=AXIS2_PLACEMENT_3D('',#3886,#3038,#3039);
#2404=AXIS2_PLACEMENT_3D('',#3887,#3040,#3041);
#2405=AXIS2_PLACEMENT_3D('',#3888,#3042,#3043);
#2406=AXIS2_PLACEMENT_3D('',#3889,#3044,#3045);
#2407=AXIS2_PLACEMENT_3D('',#3890,#3046,#3047);
#2408=AXIS2_PLACEMENT_3D('',#3891,#3048,#3049);
#2409=AXIS2_PLACEMENT_3D('',#3892,#3050,#3051);
#2410=AXIS2_PLACEMENT_3D('',#3893,#3052,#3053);
#2411=AXIS2_PLACEMENT_3D('',#3894,#3054,#3055);
#2412=AXIS2_PLACEMENT_3D('',#3895,#3056,#3057);
#2413=AXIS2_PLACEMENT_3D('',#3896,#3058,#3059);
#2414=AXIS2_PLACEMENT_3D('',#3897,#3060,#3061);
#2415=AXIS2_PLACEMENT_3D('',#3898,#3062,#3063);
#2416=AXIS2_PLACEMENT_3D('',#3899,#3064,#3065);
#2417=AXIS2_PLACEMENT_3D('',#3900,#3066,#3067);
#2418=AXIS2_PLACEMENT_3D('',#3901,#3068,#3069);
#2419=AXIS2_PLACEMENT_3D('',#3902,#3070,#3071);
#2420=AXIS2_PLACEMENT_3D('',#3903,#3072,#3073);
#2421=AXIS2_PLACEMENT_3D('',#3904,#3074,#3075);
#2422=AXIS2_PLACEMENT_3D('',#3905,#3076,#3077);
#2423=AXIS2_PLACEMENT_3D('',#3906,#3078,#3079);
#2424=AXIS2_PLACEMENT_3D('',#3907,#3080,#3081);
#2425=AXIS2_PLACEMENT_3D('',#3908,#3082,#3083);
#2426=AXIS2_PLACEMENT_3D('',#3909,#3084,#3085);
#2427=AXIS2_PLACEMENT_3D('',#3910,#3086,#3087);
#2428=AXIS2_PLACEMENT_3D('',#3911,#3088,#3089);
#2429=AXIS2_PLACEMENT_3D('',#3912,#3090,#3091);
#2430=AXIS2_PLACEMENT_3D('',#3913,#3092,#3093);
#2431=AXIS2_PLACEMENT_3D('',#3914,#3094,#3095);
#2432=AXIS2_PLACEMENT_3D('',#3915,#3096,#3097);
#2433=AXIS2_PLACEMENT_3D('',#3916,#3098,#3099);
#2434=AXIS2_PLACEMENT_3D('',#3917,#3100,#3101);
#2435=AXIS2_PLACEMENT_3D('',#3918,#3102,#3103);
#2436=AXIS2_PLACEMENT_3D('',#3919,#3104,#3105);
#2437=AXIS2_PLACEMENT_3D('',#3920,#3106,#3107);
#2438=AXIS2_PLACEMENT_3D('',#3921,#3108,#3109);
#2439=AXIS2_PLACEMENT_3D('',#3922,#3110,#3111);
#2440=AXIS2_PLACEMENT_3D('',#3923,#3112,#3113);
#2441=AXIS2_PLACEMENT_3D('',#3924,#3114,#3115);
#2442=AXIS2_PLACEMENT_3D('',#3925,#3116,#3117);
#2443=AXIS2_PLACEMENT_3D('',#3926,#3118,#3119);
#2444=AXIS2_PLACEMENT_3D('',#3927,#3120,#3121);
#2445=AXIS2_PLACEMENT_3D('',#3928,#3122,#3123);
#2446=AXIS2_PLACEMENT_3D('',#3929,#3124,#3125);
#2447=AXIS2_PLACEMENT_3D('',#3930,#3126,#3127);
#2448=AXIS2_PLACEMENT_3D('',#3931,#3128,#3129);
#2449=AXIS2_PLACEMENT_3D('',#3932,#3130,#3131);
#2450=AXIS2_PLACEMENT_3D('',#3933,#3132,#3133);
#2451=AXIS2_PLACEMENT_3D('',#3934,#3134,#3135);
#2452=AXIS2_PLACEMENT_3D('',#3935,#3136,#3137);
#2453=AXIS2_PLACEMENT_3D('',#3936,#3138,#3139);
#2454=AXIS2_PLACEMENT_3D('',#3937,#3140,#3141);
#2455=AXIS2_PLACEMENT_3D('',#3938,#3142,#3143);
#2456=AXIS2_PLACEMENT_3D('',#3939,#3144,#3145);
#2457=AXIS2_PLACEMENT_3D('',#3940,#3146,#3147);
#2458=AXIS2_PLACEMENT_3D('',#3941,#3148,#3149);
#2459=AXIS2_PLACEMENT_3D('',#3942,#3150,#3151);
#2460=AXIS2_PLACEMENT_3D('',#3943,#3152,#3153);
#2461=AXIS2_PLACEMENT_3D('',#3944,#3154,#3155);
#2462=AXIS2_PLACEMENT_3D('',#3945,#3156,#3157);
#2463=AXIS2_PLACEMENT_3D('',#3946,#3158,#3159);
#2464=AXIS2_PLACEMENT_3D('',#3947,#3160,#3161);
#2465=AXIS2_PLACEMENT_3D('',#3948,#3162,#3163);
#2466=AXIS2_PLACEMENT_3D('',#3949,#3164,#3165);
#2467=AXIS2_PLACEMENT_3D('',#3950,#3166,#3167);
#2468=AXIS2_PLACEMENT_3D('',#3951,#3168,#3169);
#2469=AXIS2_PLACEMENT_3D('',#3952,#3170,#3171);
#2470=AXIS2_PLACEMENT_3D('',#3953,#3172,#3173);
#2471=AXIS2_PLACEMENT_3D('',#3954,#3174,#3175);
#2472=AXIS2_PLACEMENT_3D('',#3955,#3176,#3177);
#2473=AXIS2_PLACEMENT_3D('',#3956,#3178,#3179);
#2474=AXIS2_PLACEMENT_3D('',#3957,#3180,#3181);
#2475=AXIS2_PLACEMENT_3D('',#3958,#3182,#3183);
#2476=AXIS2_PLACEMENT_3D('',#3959,#3184,#3185);
#2477=AXIS2_PLACEMENT_3D('',#3960,#3186,#3187);
#2478=AXIS2_PLACEMENT_3D('',#3961,#3188,#3189);
#2479=AXIS2_PLACEMENT_3D('',#3962,#3190,#3191);
#2480=AXIS2_PLACEMENT_3D('',#3963,#3192,#3193);
#2481=AXIS2_PLACEMENT_3D('',#3964,#3194,#3195);
#2482=AXIS2_PLACEMENT_3D('',#3965,#3196,#3197);
#2483=AXIS2_PLACEMENT_3D('',#3966,#3198,#3199);
#2484=AXIS2_PLACEMENT_3D('',#3967,#3200,#3201);
#2485=AXIS2_PLACEMENT_3D('',#3968,#3202,#3203);
#2486=AXIS2_PLACEMENT_3D('',#3969,#3204,#3205);
#2487=AXIS2_PLACEMENT_3D('',#3970,#3206,#3207);
#2488=AXIS2_PLACEMENT_3D('',#3971,#3208,#3209);
#2489=AXIS2_PLACEMENT_3D('',#3972,#3210,#3211);
#2490=AXIS2_PLACEMENT_3D('',#3973,#3212,#3213);
#2491=AXIS2_PLACEMENT_3D('',#3974,#3214,#3215);
#2492=AXIS2_PLACEMENT_3D('',#3975,#3216,#3217);
#2493=AXIS2_PLACEMENT_3D('',#3976,#3218,#3219);
#2494=AXIS2_PLACEMENT_3D('',#3977,#3220,#3221);
#2495=AXIS2_PLACEMENT_3D('',#3978,#3222,#3223);
#2496=AXIS2_PLACEMENT_3D('',#3979,#3224,#3225);
#2497=AXIS2_PLACEMENT_3D('',#3980,#3226,#3227);
#2498=AXIS2_PLACEMENT_3D('',#3981,#3228,#3229);
#2499=AXIS2_PLACEMENT_3D('',#3982,#3230,#3231);
#2500=AXIS2_PLACEMENT_3D('',#3983,#3232,#3233);
#2501=AXIS2_PLACEMENT_3D('',#3984,#3234,#3235);
#2502=AXIS2_PLACEMENT_3D('',#3985,#3236,#3237);
#2503=AXIS2_PLACEMENT_3D('',#3986,#3238,#3239);
#2504=AXIS2_PLACEMENT_3D('',#3987,#3240,#3241);
#2505=AXIS2_PLACEMENT_3D('',#3988,#3242,#3243);
#2506=AXIS2_PLACEMENT_3D('',#3989,#3244,#3245);
#2507=AXIS2_PLACEMENT_3D('',#3990,#3246,#3247);
#2508=AXIS2_PLACEMENT_3D('',#3991,#3248,#3249);
#2509=AXIS2_PLACEMENT_3D('',#3992,#3250,#3251);
#2510=AXIS2_PLACEMENT_3D('',#3993,#3252,#3253);
#2511=AXIS2_PLACEMENT_3D('',#3994,#3254,#3255);
#2512=AXIS2_PLACEMENT_3D('',#3995,#3256,#3257);
#2513=AXIS2_PLACEMENT_3D('',#3996,#3258,#3259);
#2514=AXIS2_PLACEMENT_3D('',#3997,#3260,#3261);
#2515=AXIS2_PLACEMENT_3D('',#3998,#3262,#3263);
#2516=AXIS2_PLACEMENT_3D('',#3999,#3264,#3265);
#2517=AXIS2_PLACEMENT_3D('',#4000,#3266,#3267);
#2518=AXIS2_PLACEMENT_3D('',#4001,#3268,#3269);
#2519=AXIS2_PLACEMENT_3D('',#4002,#3270,#3271);
#2520=AXIS2_PLACEMENT_3D('',#4003,#3272,#3273);
#2521=AXIS2_PLACEMENT_3D('',#4004,#3274,#3275);
#2522=AXIS2_PLACEMENT_3D('',#4005,#3276,#3277);
#2523=AXIS2_PLACEMENT_3D('',#4006,#3278,#3279);
#2524=AXIS2_PLACEMENT_3D('',#4007,#3280,#3281);
#2525=AXIS2_PLACEMENT_3D('',#4008,#3282,#3283);
#2526=AXIS2_PLACEMENT_3D('',#4009,#3284,#3285);
#2527=AXIS2_PLACEMENT_3D('',#4010,#3286,#3287);
#2528=AXIS2_PLACEMENT_3D('',#4011,#3288,#3289);
#2529=AXIS2_PLACEMENT_3D('',#4012,#3290,#3291);
#2530=AXIS2_PLACEMENT_3D('',#4013,#3292,#3293);
#2531=AXIS2_PLACEMENT_3D('',#4014,#3294,#3295);
#2532=AXIS2_PLACEMENT_3D('',#4015,#3296,#3297);
#2533=AXIS2_PLACEMENT_3D('',#4016,#3298,#3299);
#2534=AXIS2_PLACEMENT_3D('',#4017,#3300,#3301);
#2535=AXIS2_PLACEMENT_3D('',#4018,#3302,#3303);
#2536=AXIS2_PLACEMENT_3D('',#4019,#3304,#3305);
#2537=AXIS2_PLACEMENT_3D('',#4020,#3306,#3307);
#2538=AXIS2_PLACEMENT_3D('',#4021,#3308,#3309);
#2539=AXIS2_PLACEMENT_3D('',#4022,#3310,#3311);
#2540=AXIS2_PLACEMENT_3D('',#4023,#3312,#3313);
#2541=AXIS2_PLACEMENT_3D('',#4024,#3314,#3315);
#2542=AXIS2_PLACEMENT_3D('',#4025,#3316,#3317);
#2543=AXIS2_PLACEMENT_3D('',#4026,#3318,#3319);
#2544=AXIS2_PLACEMENT_3D('',#4027,#3320,#3321);
#2545=AXIS2_PLACEMENT_3D('',#4028,#3322,#3323);
#2546=AXIS2_PLACEMENT_3D('',#4029,#3324,#3325);
#2547=AXIS2_PLACEMENT_3D('',#4030,#3326,#3327);
#2548=AXIS2_PLACEMENT_3D('',#4031,#3328,#3329);
#2549=AXIS2_PLACEMENT_3D('',#4032,#3330,#3331);
#2550=AXIS2_PLACEMENT_3D('',#4033,#3332,#3333);
#2551=AXIS2_PLACEMENT_3D('',#4034,#3334,#3335);
#2552=AXIS2_PLACEMENT_3D('',#4035,#3336,#3337);
#2553=AXIS2_PLACEMENT_3D('',#4036,#3338,#3339);
#2554=AXIS2_PLACEMENT_3D('',#4037,#3340,#3341);
#2555=AXIS2_PLACEMENT_3D('',#4038,#3342,#3343);
#2556=AXIS2_PLACEMENT_3D('',#4039,#3344,#3345);
#2557=AXIS2_PLACEMENT_3D('',#4040,#3346,#3347);
#2558=AXIS2_PLACEMENT_3D('',#4041,#3348,#3349);
#2559=AXIS2_PLACEMENT_3D('',#4042,#3350,#3351);
#2560=AXIS2_PLACEMENT_3D('',#4043,#3352,#3353);
#2561=AXIS2_PLACEMENT_3D('',#4044,#3354,#3355);
#2562=AXIS2_PLACEMENT_3D('',#4045,#3356,#3357);
#2563=AXIS2_PLACEMENT_3D('',#4046,#3358,#3359);
#2564=AXIS2_PLACEMENT_3D('',#4047,#3360,#3361);
#2565=AXIS2_PLACEMENT_3D('',#4048,#3362,#3363);
#2566=AXIS2_PLACEMENT_3D('',#4049,#3364,#3365);
#2567=AXIS2_PLACEMENT_3D('',#4050,#3366,#3367);
#2568=AXIS2_PLACEMENT_3D('',#4051,#3368,#3369);
#2569=AXIS2_PLACEMENT_3D('',#4052,#3370,#3371);
#2570=AXIS2_PLACEMENT_3D('',#4053,#3372,#3373);
#2571=AXIS2_PLACEMENT_3D('',#4054,#3374,#3375);
#2572=AXIS2_PLACEMENT_3D('',#4055,#3376,#3377);
#2573=AXIS2_PLACEMENT_3D('',#4056,#3378,#3379);
#2574=AXIS2_PLACEMENT_3D('',#4057,#3380,#3381);
#2575=AXIS2_PLACEMENT_3D('',#4058,#3382,#3383);
#2576=AXIS2_PLACEMENT_3D('',#4059,#3384,#3385);
#2577=AXIS2_PLACEMENT_3D('',#4060,#3386,#3387);
#2578=AXIS2_PLACEMENT_3D('',#4061,#3388,#3389);
#2579=AXIS2_PLACEMENT_3D('',#4062,#3390,#3391);
#2580=AXIS2_PLACEMENT_3D('',#4063,#3392,#3393);
#2581=AXIS2_PLACEMENT_3D('',#4064,#3394,#3395);
#2582=AXIS2_PLACEMENT_3D('',#4065,#3396,#3397);
#2583=AXIS2_PLACEMENT_3D('',#4066,#3398,#3399);
#2584=AXIS2_PLACEMENT_3D('',#4067,#3400,#3401);
#2585=AXIS2_PLACEMENT_3D('',#4068,#3402,#3403);
#2586=AXIS2_PLACEMENT_3D('',#4069,#3404,#3405);
#2587=AXIS2_PLACEMENT_3D('',#4070,#3406,#3407);
#2588=AXIS2_PLACEMENT_3D('',#4071,#3408,#3409);
#2589=AXIS2_PLACEMENT_3D('',#4072,#3410,#3411);
#2590=AXIS2_PLACEMENT_3D('',#4073,#3412,#3413);
#2591=AXIS2_PLACEMENT_3D('',#4074,#3414,#3415);
#2592=AXIS2_PLACEMENT_3D('',#4075,#3416,#3417);
#2593=AXIS2_PLACEMENT_3D('',#4076,#3418,#3419);
#2594=AXIS2_PLACEMENT_3D('',#4077,#3420,#3421);
#2595=AXIS2_PLACEMENT_3D('',#4078,#3422,#3423);
#2596=AXIS2_PLACEMENT_3D('',#4079,#3424,#3425);
#2597=AXIS2_PLACEMENT_3D('',#4080,#3426,#3427);
#2598=AXIS2_PLACEMENT_3D('',#4081,#3428,#3429);
#2599=AXIS2_PLACEMENT_3D('',#4082,#3430,#3431);
#2600=AXIS2_PLACEMENT_3D('',#4083,#3432,#3433);
#2601=AXIS2_PLACEMENT_3D('',#4084,#3434,#3435);
#2602=AXIS2_PLACEMENT_3D('',#4085,#3436,#3437);
#2603=AXIS2_PLACEMENT_3D('',#4086,#3438,#3439);
#2604=AXIS2_PLACEMENT_3D('',#4087,#3440,#3441);
#2605=AXIS2_PLACEMENT_3D('',#4088,#3442,#3443);
#2606=AXIS2_PLACEMENT_3D('',#4089,#3444,#3445);
#2607=AXIS2_PLACEMENT_3D('',#4090,#3446,#3447);
#2608=AXIS2_PLACEMENT_3D('',#4091,#3448,#3449);
#2609=AXIS2_PLACEMENT_3D('',#4092,#3450,#3451);
#2610=AXIS2_PLACEMENT_3D('',#4093,#3452,#3453);
#2611=AXIS2_PLACEMENT_3D('',#4094,#3454,#3455);
#2612=AXIS2_PLACEMENT_3D('',#4095,#3456,#3457);
#2613=AXIS2_PLACEMENT_3D('',#4096,#3458,#3459);
#2614=AXIS2_PLACEMENT_3D('',#4097,#3460,#3461);
#2615=AXIS2_PLACEMENT_3D('',#4098,#3462,#3463);
#2616=AXIS2_PLACEMENT_3D('',#4099,#3464,#3465);
#2617=AXIS2_PLACEMENT_3D('',#4100,#3466,#3467);
#2618=AXIS2_PLACEMENT_3D('',#4101,#3468,#3469);
#2619=AXIS2_PLACEMENT_3D('',#4102,#3470,#3471);
#2620=AXIS2_PLACEMENT_3D('',#4103,#3472,#3473);
#2621=AXIS2_PLACEMENT_3D('',#4104,#3474,#3475);
#2622=AXIS2_PLACEMENT_3D('',#4105,#3476,#3477);
#2623=AXIS2_PLACEMENT_3D('',#4106,#3478,#3479);
#2624=AXIS2_PLACEMENT_3D('',#4107,#3480,#3481);
#2625=AXIS2_PLACEMENT_3D('',#4108,#3482,#3483);
#2626=AXIS2_PLACEMENT_3D('',#4109,#3484,#3485);
#2627=AXIS2_PLACEMENT_3D('',#4110,#3486,#3487);
#2628=AXIS2_PLACEMENT_3D('',#4111,#3488,#3489);
#2629=AXIS2_PLACEMENT_3D('',#4112,#3490,#3491);
#2630=AXIS2_PLACEMENT_3D('',#4113,#3492,#3493);
#2631=AXIS2_PLACEMENT_3D('',#4114,#3494,#3495);
#2632=AXIS2_PLACEMENT_3D('',#4115,#3496,#3497);
#2633=AXIS2_PLACEMENT_3D('',#4116,#3498,#3499);
#2634=AXIS2_PLACEMENT_3D('',#4117,#3500,#3501);
#2635=AXIS2_PLACEMENT_3D('',#4118,#3502,#3503);
#2636=AXIS2_PLACEMENT_3D('',#4119,#3504,#3505);
#2637=AXIS2_PLACEMENT_3D('',#4120,#3506,#3507);
#2638=AXIS2_PLACEMENT_3D('',#4121,#3508,#3509);
#2639=AXIS2_PLACEMENT_3D('',#4122,#3510,#3511);
#2640=AXIS2_PLACEMENT_3D('',#4123,#3512,#3513);
#2641=AXIS2_PLACEMENT_3D('',#4124,#3514,#3515);
#2642=AXIS2_PLACEMENT_3D('',#4125,#3516,#3517);
#2643=AXIS2_PLACEMENT_3D('',#4126,#3518,#3519);
#2644=AXIS2_PLACEMENT_3D('',#4127,#3520,#3521);
#2645=AXIS2_PLACEMENT_3D('',#4128,#3522,#3523);
#2646=AXIS2_PLACEMENT_3D('',#4129,#3524,#3525);
#2647=AXIS2_PLACEMENT_3D('',#4130,#3526,#3527);
#2648=AXIS2_PLACEMENT_3D('',#4131,#3528,#3529);
#2649=AXIS2_PLACEMENT_3D('',#4132,#3530,#3531);
#2650=AXIS2_PLACEMENT_3D('',#4133,#3532,#3533);
#2651=AXIS2_PLACEMENT_3D('',#4134,#3534,#3535);
#2652=AXIS2_PLACEMENT_3D('',#4351,#3544,#3545);
#2653=AXIS2_PLACEMENT_3D('',#4364,#3554,#3555);
#2654=AXIS2_PLACEMENT_3D('',#4370,#3559,#3560);
#2655=AXIS2_PLACEMENT_3D('',#4374,#3563,#3564);
#2656=AXIS2_PLACEMENT_3D('',#4378,#3567,#3568);
#2657=AXIS2_PLACEMENT_3D('',#4387,#3573,#3574);
#2658=AXIS2_PLACEMENT_3D('',#4410,#3579,#3580);
#2659=AXIS2_PLACEMENT_3D('',#4411,#3581,#3582);
#2660=AXIS2_PLACEMENT_3D('',#4486,#3595,#3596);
#2661=AXIS2_PLACEMENT_3D('',#4488,#3598,#3599);
#2662=AXIS2_PLACEMENT_3D('',#4490,#3601,#3602);
#2663=AXIS2_PLACEMENT_3D('',#4499,#3605,#3606);
#2664=AXIS2_PLACEMENT_3D('',#4509,#3610,#3611);
#2665=AXIS2_PLACEMENT_3D('',#4524,#3614,#3615);
#2666=AXIS2_PLACEMENT_3D('',#4525,#3616,#3617);
#2667=AXIS2_PLACEMENT_3D('',#4526,#3618,#3619);
#2668=AXIS2_PLACEMENT_3D('',#4527,#3620,#3621);
#2669=AXIS2_PLACEMENT_3D('',#4528,#3622,#3623);
#2670=AXIS2_PLACEMENT_3D('',#4529,#3624,#3625);
#2671=AXIS2_PLACEMENT_3D('',#4530,#3626,#3627);
#2672=AXIS2_PLACEMENT_3D('',#4531,#3628,#3629);
#2673=AXIS2_PLACEMENT_3D('',#4532,#3630,#3631);
#2674=AXIS2_PLACEMENT_3D('',#4533,#3632,#3633);
#2675=AXIS2_PLACEMENT_3D('',#4534,#3634,#3635);
#2676=AXIS2_PLACEMENT_3D('',#4535,#3636,#3637);
#2677=AXIS2_PLACEMENT_3D('',#4536,#3638,#3639);
#2678=AXIS2_PLACEMENT_3D('',#4537,#3640,#3641);
#2679=AXIS2_PLACEMENT_3D('',#4538,#3642,#3643);
#2680=AXIS2_PLACEMENT_3D('',#4539,#3644,#3645);
#2681=AXIS2_PLACEMENT_3D('',#4540,#3646,#3647);
#2682=AXIS2_PLACEMENT_3D('',#4541,#3648,#3649);
#2683=AXIS2_PLACEMENT_3D('',#4542,#3650,#3651);
#2684=AXIS2_PLACEMENT_3D('',#4543,#3652,#3653);
#2685=AXIS2_PLACEMENT_3D('',#4544,#3654,#3655);
#2686=AXIS2_PLACEMENT_3D('',#4545,#3656,#3657);
#2687=AXIS2_PLACEMENT_3D('',#4546,#3658,#3659);
#2688=AXIS2_PLACEMENT_3D('',#4547,#3660,#3661);
#2689=AXIS2_PLACEMENT_3D('',#4548,#3662,#3663);
#2690=AXIS2_PLACEMENT_3D('',#4549,#3664,#3665);
#2691=AXIS2_PLACEMENT_3D('',#4550,#3666,#3667);
#2692=AXIS2_PLACEMENT_3D('',#4551,#3668,#3669);
#2693=AXIS2_PLACEMENT_3D('',#4552,#3670,#3671);
#2694=AXIS2_PLACEMENT_3D('',#4553,#3672,#3673);
#2695=AXIS2_PLACEMENT_3D('',#4554,#3674,#3675);
#2696=AXIS2_PLACEMENT_3D('',#4555,#3676,#3677);
#2697=AXIS2_PLACEMENT_3D('',#4556,#3678,#3679);
#2698=AXIS2_PLACEMENT_3D('',#4557,#3680,#3681);
#2699=AXIS2_PLACEMENT_3D('',#4558,#3682,#3683);
#2700=AXIS2_PLACEMENT_3D('',#4559,#3684,#3685);
#2701=AXIS2_PLACEMENT_3D('',#4560,#3686,#3687);
#2702=AXIS2_PLACEMENT_3D('',#4561,#3688,#3689);
#2703=AXIS2_PLACEMENT_3D('',#4562,#3690,#3691);
#2704=AXIS2_PLACEMENT_3D('',#4563,#3692,#3693);
#2705=AXIS2_PLACEMENT_3D('',#4564,#3694,#3695);
#2706=AXIS2_PLACEMENT_3D('',#4565,#3696,#3697);
#2707=AXIS2_PLACEMENT_3D('',#4566,#3698,#3699);
#2708=AXIS2_PLACEMENT_3D('',#4567,#3700,#3701);
#2709=AXIS2_PLACEMENT_3D('',#4568,#3702,#3703);
#2710=AXIS2_PLACEMENT_3D('',#4569,#3704,#3705);
#2711=AXIS2_PLACEMENT_3D('',#4570,#3706,#3707);
#2712=AXIS2_PLACEMENT_3D('',#4571,#3708,#3709);
#2713=AXIS2_PLACEMENT_3D('',#4572,#3710,#3711);
#2714=AXIS2_PLACEMENT_3D('',#4573,#3712,#3713);
#2715=AXIS2_PLACEMENT_3D('',#4574,#3714,#3715);
#2716=AXIS2_PLACEMENT_3D('',#4575,#3716,#3717);
#2717=AXIS2_PLACEMENT_3D('',#4576,#3718,#3719);
#2718=AXIS2_PLACEMENT_3D('',#4577,#3720,#3721);
#2719=AXIS2_PLACEMENT_3D('',#4578,#3722,#3723);
#2720=AXIS2_PLACEMENT_3D('',#4579,#3724,#3725);
#2721=AXIS2_PLACEMENT_3D('',#4580,#3726,#3727);
#2722=DIRECTION('axis',(0.,0.,1.));
#2723=DIRECTION('refdir',(1.,0.,0.));
#2724=DIRECTION('axis',(0.,0.,1.));
#2725=DIRECTION('refdir',(1.,0.,0.));
#2726=DIRECTION('axis',(0.,0.,1.));
#2727=DIRECTION('refdir',(1.,0.,0.));
#2728=DIRECTION('',(0.,0.,1.));
#2729=DIRECTION('',(1.,0.,0.));
#2730=DIRECTION('axis',(0.,0.,1.));
#2731=DIRECTION('refdir',(1.,0.,0.));
#2732=DIRECTION('axis',(0.,0.,1.));
#2733=DIRECTION('refdir',(1.,0.,0.));
#2734=DIRECTION('axis',(0.,0.,1.));
#2735=DIRECTION('refdir',(1.,0.,0.));
#2736=DIRECTION('axis',(0.,0.,1.));
#2737=DIRECTION('refdir',(1.,0.,0.));
#2738=DIRECTION('axis',(0.,0.,1.));
#2739=DIRECTION('refdir',(1.,0.,0.));
#2740=DIRECTION('axis',(0.,0.,1.));
#2741=DIRECTION('refdir',(1.,0.,0.));
#2742=DIRECTION('axis',(0.,0.,1.));
#2743=DIRECTION('refdir',(1.,0.,0.));
#2744=DIRECTION('',(0.,0.,1.));
#2745=DIRECTION('',(1.,0.,0.));
#2746=DIRECTION('',(0.,0.,1.));
#2747=DIRECTION('',(1.,0.,0.));
#2748=DIRECTION('axis',(0.,0.,1.));
#2749=DIRECTION('refdir',(1.,0.,0.));
#2750=DIRECTION('axis',(0.,0.,1.));
#2751=DIRECTION('refdir',(1.,0.,0.));
#2752=DIRECTION('axis',(0.,0.,1.));
#2753=DIRECTION('refdir',(1.,0.,0.));
#2754=DIRECTION('axis',(0.,0.,1.));
#2755=DIRECTION('refdir',(1.,0.,0.));
#2756=DIRECTION('axis',(0.,0.,1.));
#2757=DIRECTION('refdir',(1.,0.,0.));
#2758=DIRECTION('',(0.,0.,1.));
#2759=DIRECTION('',(1.,0.,0.));
#2760=DIRECTION('axis',(0.,0.,1.));
#2761=DIRECTION('refdir',(1.,0.,0.));
#2762=DIRECTION('axis',(0.,0.,1.));
#2763=DIRECTION('refdir',(1.,0.,0.));
#2764=DIRECTION('axis',(0.,0.,1.));
#2765=DIRECTION('refdir',(1.,0.,0.));
#2766=DIRECTION('axis',(0.,0.,1.));
#2767=DIRECTION('refdir',(1.,0.,0.));
#2768=DIRECTION('axis',(0.,0.,1.));
#2769=DIRECTION('refdir',(1.,0.,0.));
#2770=DIRECTION('',(0.,0.,1.));
#2771=DIRECTION('',(1.,0.,0.));
#2772=DIRECTION('axis',(0.,0.,1.));
#2773=DIRECTION('refdir',(1.,0.,0.));
#2774=DIRECTION('axis',(0.,0.,1.));
#2775=DIRECTION('refdir',(1.,0.,0.));
#2776=DIRECTION('',(0.,0.,1.));
#2777=DIRECTION('',(1.,0.,0.));
#2778=DIRECTION('',(0.,0.,1.));
#2779=DIRECTION('',(1.,0.,0.));
#2780=DIRECTION('',(0.,0.,1.));
#2781=DIRECTION('',(1.,0.,0.));
#2782=DIRECTION('',(0.,0.,1.));
#2783=DIRECTION('',(1.,0.,0.));
#2784=DIRECTION('axis',(0.,0.,1.));
#2785=DIRECTION('refdir',(1.,0.,0.));
#2786=DIRECTION('axis',(0.,0.,1.));
#2787=DIRECTION('refdir',(1.,0.,0.));
#2788=DIRECTION('axis',(0.,0.,1.));
#2789=DIRECTION('refdir',(1.,0.,0.));
#2790=DIRECTION('axis',(0.,0.,1.));
#2791=DIRECTION('refdir',(1.,0.,0.));
#2792=DIRECTION('axis',(0.,0.,1.));
#2793=DIRECTION('refdir',(1.,0.,0.));
#2794=DIRECTION('',(0.,0.,1.));
#2795=DIRECTION('',(1.,0.,0.));
#2796=DIRECTION('',(0.,0.,1.));
#2797=DIRECTION('',(1.,0.,0.));
#2798=DIRECTION('',(0.,0.,1.));
#2799=DIRECTION('',(1.,0.,0.));
#2800=DIRECTION('',(0.,0.,1.));
#2801=DIRECTION('',(1.,0.,0.));
#2802=DIRECTION('axis',(0.,0.,1.));
#2803=DIRECTION('refdir',(1.,0.,0.));
#2804=DIRECTION('axis',(0.,0.,1.));
#2805=DIRECTION('refdir',(1.,0.,0.));
#2806=DIRECTION('axis',(0.,0.,1.));
#2807=DIRECTION('refdir',(1.,0.,0.));
#2808=DIRECTION('axis',(0.,0.,1.));
#2809=DIRECTION('refdir',(1.,0.,0.));
#2810=DIRECTION('',(0.,0.,1.));
#2811=DIRECTION('',(1.,0.,0.));
#2812=DIRECTION('axis',(0.,0.,1.));
#2813=DIRECTION('refdir',(1.,0.,0.));
#2814=DIRECTION('axis',(0.,0.,1.));
#2815=DIRECTION('refdir',(1.,0.,0.));
#2816=DIRECTION('axis',(0.,0.,1.));
#2817=DIRECTION('refdir',(1.,0.,0.));
#2818=DIRECTION('',(0.,0.,1.));
#2819=DIRECTION('',(1.,0.,0.));
#2820=DIRECTION('',(0.,0.,1.));
#2821=DIRECTION('',(1.,0.,0.));
#2822=DIRECTION('',(0.,0.,1.));
#2823=DIRECTION('',(1.,0.,0.));
#2824=DIRECTION('',(0.,0.,1.));
#2825=DIRECTION('',(1.,0.,0.));
#2826=DIRECTION('axis',(0.,0.,1.));
#2827=DIRECTION('refdir',(1.,0.,0.));
#2828=DIRECTION('axis',(0.,0.,1.));
#2829=DIRECTION('refdir',(1.,0.,0.));
#2830=DIRECTION('',(0.,0.,1.));
#2831=DIRECTION('',(1.,0.,0.));
#2832=DIRECTION('',(0.,0.,1.));
#2833=DIRECTION('',(1.,0.,0.));
#2834=DIRECTION('',(0.,0.,1.));
#2835=DIRECTION('',(1.,0.,0.));
#2836=DIRECTION('',(0.,0.,1.));
#2837=DIRECTION('',(1.,0.,0.));
#2838=DIRECTION('',(0.,0.,1.));
#2839=DIRECTION('',(1.,0.,0.));
#2840=DIRECTION('',(0.,0.,1.));
#2841=DIRECTION('',(1.,0.,0.));
#2842=DIRECTION('',(0.,0.,1.));
#2843=DIRECTION('',(1.,0.,0.));
#2844=DIRECTION('axis',(0.,0.,1.));
#2845=DIRECTION('refdir',(1.,0.,0.));
#2846=DIRECTION('axis',(0.,0.,1.));
#2847=DIRECTION('refdir',(1.,0.,0.));
#2848=DIRECTION('axis',(0.,0.,1.));
#2849=DIRECTION('refdir',(1.,0.,0.));
#2850=DIRECTION('axis',(0.,0.,1.));
#2851=DIRECTION('refdir',(1.,0.,0.));
#2852=DIRECTION('axis',(0.,0.,1.));
#2853=DIRECTION('refdir',(1.,0.,0.));
#2854=DIRECTION('axis',(0.,0.,1.));
#2855=DIRECTION('refdir',(1.,0.,0.));
#2856=DIRECTION('axis',(0.,0.,1.));
#2857=DIRECTION('refdir',(1.,0.,0.));
#2858=DIRECTION('axis',(0.,0.,1.));
#2859=DIRECTION('refdir',(1.,0.,0.));
#2860=DIRECTION('axis',(0.,0.,1.));
#2861=DIRECTION('refdir',(1.,0.,0.));
#2862=DIRECTION('axis',(0.,0.,1.));
#2863=DIRECTION('refdir',(1.,0.,0.));
#2864=DIRECTION('axis',(0.,0.,1.));
#2865=DIRECTION('refdir',(1.,0.,0.));
#2866=DIRECTION('',(0.,0.,1.));
#2867=DIRECTION('',(1.,0.,0.));
#2868=DIRECTION('axis',(0.,0.,1.));
#2869=DIRECTION('refdir',(1.,0.,0.));
#2870=DIRECTION('axis',(0.,0.,1.));
#2871=DIRECTION('refdir',(1.,0.,0.));
#2872=DIRECTION('axis',(0.,0.,1.));
#2873=DIRECTION('refdir',(1.,0.,0.));
#2874=DIRECTION('axis',(0.,0.,1.));
#2875=DIRECTION('refdir',(1.,0.,0.));
#2876=DIRECTION('axis',(0.,0.,1.));
#2877=DIRECTION('refdir',(1.,0.,0.));
#2878=DIRECTION('axis',(0.,0.,1.));
#2879=DIRECTION('refdir',(1.,0.,0.));
#2880=DIRECTION('axis',(0.,0.,1.));
#2881=DIRECTION('refdir',(1.,0.,0.));
#2882=DIRECTION('axis',(0.,0.,1.));
#2883=DIRECTION('refdir',(1.,0.,0.));
#2884=DIRECTION('axis',(0.,0.,1.));
#2885=DIRECTION('refdir',(1.,0.,0.));
#2886=DIRECTION('axis',(0.,0.,1.));
#2887=DIRECTION('refdir',(1.,0.,0.));
#2888=DIRECTION('',(0.,0.,1.));
#2889=DIRECTION('',(1.,0.,0.));
#2890=DIRECTION('',(0.,0.,1.));
#2891=DIRECTION('',(1.,0.,0.));
#2892=DIRECTION('',(0.,0.,1.));
#2893=DIRECTION('',(1.,0.,0.));
#2894=DIRECTION('',(0.,0.,1.));
#2895=DIRECTION('',(1.,0.,0.));
#2896=DIRECTION('',(0.,0.,1.));
#2897=DIRECTION('',(1.,0.,0.));
#2898=DIRECTION('',(0.,0.,1.));
#2899=DIRECTION('',(1.,0.,0.));
#2900=DIRECTION('',(0.,0.,1.));
#2901=DIRECTION('',(1.,0.,0.));
#2902=DIRECTION('axis',(0.,0.,1.));
#2903=DIRECTION('refdir',(1.,0.,0.));
#2904=DIRECTION('',(0.,0.,1.));
#2905=DIRECTION('',(-4.371138828674E-8,0.999999999999999,0.));
#2906=DIRECTION('',(-8.74227803948496E-8,0.999999999999995,4.37113877494198E-8));
#2907=DIRECTION('',(0.999999999999992,8.74227765734785E-8,8.74227765734793E-8));
#2908=DIRECTION('axis',(0.,0.,1.));
#2909=DIRECTION('refdir',(1.,0.,0.));
#2910=DIRECTION('axis',(0.,0.,1.));
#2911=DIRECTION('refdir',(1.,0.,0.));
#2912=DIRECTION('axis',(0.,0.,1.));
#2913=DIRECTION('refdir',(1.,0.,0.));
#2914=DIRECTION('',(0.,0.,1.));
#2915=DIRECTION('',(1.,0.,0.));
#2916=DIRECTION('',(0.,0.,1.));
#2917=DIRECTION('',(1.,0.,0.));
#2918=DIRECTION('axis',(0.,0.,1.));
#2919=DIRECTION('refdir',(1.,0.,0.));
#2920=DIRECTION('axis',(0.,0.,1.));
#2921=DIRECTION('refdir',(1.,0.,0.));
#2922=DIRECTION('axis',(0.,0.,1.));
#2923=DIRECTION('refdir',(1.,0.,0.));
#2924=DIRECTION('axis',(0.,0.,1.));
#2925=DIRECTION('refdir',(1.,0.,0.));
#2926=DIRECTION('',(0.,0.,1.));
#2927=DIRECTION('',(1.,0.,0.));
#2928=DIRECTION('axis',(0.,0.,1.));
#2929=DIRECTION('refdir',(1.,0.,0.));
#2930=DIRECTION('axis',(0.,0.,1.));
#2931=DIRECTION('refdir',(1.,0.,0.));
#2932=DIRECTION('axis',(0.,0.,1.));
#2933=DIRECTION('refdir',(1.,0.,0.));
#2934=DIRECTION('axis',(0.,0.,1.));
#2935=DIRECTION('refdir',(1.,0.,0.));
#2936=DIRECTION('axis',(0.,0.,1.));
#2937=DIRECTION('refdir',(1.,0.,0.));
#2938=DIRECTION('axis',(0.,0.,1.));
#2939=DIRECTION('refdir',(1.,0.,0.));
#2940=DIRECTION('axis',(0.,0.,1.));
#2941=DIRECTION('refdir',(1.,0.,0.));
#2942=DIRECTION('axis',(0.,0.,1.));
#2943=DIRECTION('refdir',(1.,0.,0.));
#2944=DIRECTION('axis',(0.,0.,1.));
#2945=DIRECTION('refdir',(1.,0.,0.));
#2946=DIRECTION('axis',(0.,0.,1.));
#2947=DIRECTION('refdir',(1.,0.,0.));
#2948=DIRECTION('axis',(0.,0.,1.));
#2949=DIRECTION('refdir',(1.,0.,0.));
#2950=DIRECTION('',(0.,0.,1.));
#2951=DIRECTION('',(1.,0.,0.));
#2952=DIRECTION('axis',(0.,0.,1.));
#2953=DIRECTION('refdir',(1.,0.,0.));
#2954=DIRECTION('axis',(0.,0.,1.));
#2955=DIRECTION('refdir',(1.,0.,0.));
#2956=DIRECTION('',(0.,0.,1.));
#2957=DIRECTION('',(1.,0.,0.));
#2958=DIRECTION('',(0.,0.,1.));
#2959=DIRECTION('',(1.,0.,0.));
#2960=DIRECTION('',(0.,0.,1.));
#2961=DIRECTION('',(1.,0.,0.));
#2962=DIRECTION('',(0.,0.,1.));
#2963=DIRECTION('',(1.,0.,0.));
#2964=DIRECTION('',(0.,0.,1.));
#2965=DIRECTION('',(1.,0.,0.));
#2966=DIRECTION('',(0.,0.,1.));
#2967=DIRECTION('',(1.,0.,0.));
#2968=DIRECTION('',(0.,0.,1.));
#2969=DIRECTION('',(1.,0.,0.));
#2970=DIRECTION('axis',(0.,0.,1.));
#2971=DIRECTION('refdir',(1.,0.,0.));
#2972=DIRECTION('axis',(0.,0.,1.));
#2973=DIRECTION('refdir',(1.,0.,0.));
#2974=DIRECTION('axis',(0.,0.,1.));
#2975=DIRECTION('refdir',(1.,0.,0.));
#2976=DIRECTION('',(0.,0.,1.));
#2977=DIRECTION('',(1.,0.,0.));
#2978=DIRECTION('',(0.,0.,1.));
#2979=DIRECTION('',(1.,0.,0.));
#2980=DIRECTION('',(0.,0.,1.));
#2981=DIRECTION('',(1.,0.,0.));
#2982=DIRECTION('',(0.,0.,1.));
#2983=DIRECTION('',(1.,0.,0.));
#2984=DIRECTION('axis',(0.,0.,1.));
#2985=DIRECTION('refdir',(1.,0.,0.));
#2986=DIRECTION('axis',(0.,0.,1.));
#2987=DIRECTION('refdir',(1.,0.,0.));
#2988=DIRECTION('axis',(0.,0.,1.));
#2989=DIRECTION('refdir',(1.,0.,0.));
#2990=DIRECTION('',(0.,0.,1.));
#2991=DIRECTION('',(1.,0.,0.));
#2992=DIRECTION('',(0.,0.,1.));
#2993=DIRECTION('',(1.,0.,0.));
#2994=DIRECTION('',(0.,0.,1.));
#2995=DIRECTION('',(1.,0.,0.));
#2996=DIRECTION('',(0.,0.,1.));
#2997=DIRECTION('',(1.,0.,0.));
#2998=DIRECTION('',(0.,0.,1.));
#2999=DIRECTION('',(1.,0.,0.));
#3000=DIRECTION('',(0.,0.,1.));
#3001=DIRECTION('',(1.,0.,0.));
#3002=DIRECTION('',(0.,0.,1.));
#3003=DIRECTION('',(1.,0.,0.));
#3004=DIRECTION('',(0.,0.,1.));
#3005=DIRECTION('',(1.,0.,0.));
#3006=DIRECTION('',(0.,0.,1.));
#3007=DIRECTION('',(1.,0.,0.));
#3008=DIRECTION('',(0.,0.,1.));
#3009=DIRECTION('',(1.,0.,0.));
#3010=DIRECTION('',(0.,0.,1.));
#3011=DIRECTION('',(1.,0.,0.));
#3012=DIRECTION('',(0.,0.,1.));
#3013=DIRECTION('',(1.,0.,0.));
#3014=DIRECTION('',(0.,0.,1.));
#3015=DIRECTION('',(1.,0.,0.));
#3016=DIRECTION('axis',(0.,0.,1.));
#3017=DIRECTION('refdir',(1.,0.,0.));
#3018=DIRECTION('axis',(0.,0.,1.));
#3019=DIRECTION('refdir',(1.,0.,0.));
#3020=DIRECTION('',(0.,0.,1.));
#3021=DIRECTION('',(1.,0.,0.));
#3022=DIRECTION('',(0.,0.,1.));
#3023=DIRECTION('',(1.,0.,0.));
#3024=DIRECTION('',(0.,0.,1.));
#3025=DIRECTION('',(1.,0.,0.));
#3026=DIRECTION('',(0.,0.,1.));
#3027=DIRECTION('',(1.,0.,0.));
#3028=DIRECTION('',(0.,0.,1.));
#3029=DIRECTION('',(1.,0.,0.));
#3030=DIRECTION('',(0.,0.,1.));
#3031=DIRECTION('',(1.,0.,0.));
#3032=DIRECTION('',(0.,0.,1.));
#3033=DIRECTION('',(1.,0.,0.));
#3034=DIRECTION('',(0.,0.,1.));
#3035=DIRECTION('',(1.,0.,0.));
#3036=DIRECTION('',(0.,0.,1.));
#3037=DIRECTION('',(1.,0.,0.));
#3038=DIRECTION('',(0.,0.,1.));
#3039=DIRECTION('',(1.,0.,0.));
#3040=DIRECTION('',(0.,0.,1.));
#3041=DIRECTION('',(1.,0.,0.));
#3042=DIRECTION('',(0.,0.,1.));
#3043=DIRECTION('',(1.,0.,0.));
#3044=DIRECTION('',(0.,0.,1.));
#3045=DIRECTION('',(1.,0.,0.));
#3046=DIRECTION('',(0.,0.,1.));
#3047=DIRECTION('',(1.,0.,0.));
#3048=DIRECTION('',(0.,0.,1.));
#3049=DIRECTION('',(1.,0.,0.));
#3050=DIRECTION('',(0.,0.,1.));
#3051=DIRECTION('',(1.,0.,0.));
#3052=DIRECTION('',(0.,0.,1.));
#3053=DIRECTION('',(1.,0.,0.));
#3054=DIRECTION('',(0.,0.,1.));
#3055=DIRECTION('',(1.,0.,0.));
#3056=DIRECTION('',(0.,0.,1.));
#3057=DIRECTION('',(1.,0.,0.));
#3058=DIRECTION('',(0.,0.,1.));
#3059=DIRECTION('',(1.,0.,0.));
#3060=DIRECTION('',(0.,0.,1.));
#3061=DIRECTION('',(1.,0.,0.));
#3062=DIRECTION('',(0.,0.,1.));
#3063=DIRECTION('',(1.,0.,0.));
#3064=DIRECTION('',(0.,0.,1.));
#3065=DIRECTION('',(1.,0.,0.));
#3066=DIRECTION('',(0.,0.,1.));
#3067=DIRECTION('',(1.,0.,0.));
#3068=DIRECTION('',(0.,0.,1.));
#3069=DIRECTION('',(1.,0.,0.));
#3070=DIRECTION('',(0.,0.,1.));
#3071=DIRECTION('',(1.,0.,0.));
#3072=DIRECTION('',(0.,0.,1.));
#3073=DIRECTION('',(1.,0.,0.));
#3074=DIRECTION('',(0.,0.,1.));
#3075=DIRECTION('',(1.,0.,0.));
#3076=DIRECTION('',(0.,0.,1.));
#3077=DIRECTION('',(1.,0.,0.));
#3078=DIRECTION('',(0.,0.,1.));
#3079=DIRECTION('',(1.,0.,0.));
#3080=DIRECTION('',(0.,0.,1.));
#3081=DIRECTION('',(1.,0.,0.));
#3082=DIRECTION('',(0.,0.,1.));
#3083=DIRECTION('',(1.,0.,0.));
#3084=DIRECTION('',(0.,0.,1.));
#3085=DIRECTION('',(1.,0.,0.));
#3086=DIRECTION('',(0.,0.,1.));
#3087=DIRECTION('',(1.,0.,0.));
#3088=DIRECTION('',(0.,0.,1.));
#3089=DIRECTION('',(1.,0.,0.));
#3090=DIRECTION('',(0.,0.,1.));
#3091=DIRECTION('',(1.,0.,0.));
#3092=DIRECTION('',(0.,0.,1.));
#3093=DIRECTION('',(1.,0.,0.));
#3094=DIRECTION('',(0.,0.,1.));
#3095=DIRECTION('',(1.,0.,0.));
#3096=DIRECTION('',(0.,0.,1.));
#3097=DIRECTION('',(1.,0.,0.));
#3098=DIRECTION('',(0.,0.,1.));
#3099=DIRECTION('',(1.,0.,0.));
#3100=DIRECTION('',(0.,0.,1.));
#3101=DIRECTION('',(1.,0.,0.));
#3102=DIRECTION('',(0.,0.,1.));
#3103=DIRECTION('',(1.,0.,0.));
#3104=DIRECTION('',(0.,0.,1.));
#3105=DIRECTION('',(1.,0.,0.));
#3106=DIRECTION('',(0.,0.,1.));
#3107=DIRECTION('',(1.,0.,0.));
#3108=DIRECTION('',(0.,0.,1.));
#3109=DIRECTION('',(1.,0.,0.));
#3110=DIRECTION('',(0.,0.,1.));
#3111=DIRECTION('',(1.,0.,0.));
#3112=DIRECTION('',(0.,0.,1.));
#3113=DIRECTION('',(1.,0.,0.));
#3114=DIRECTION('',(0.,0.,1.));
#3115=DIRECTION('',(1.,0.,0.));
#3116=DIRECTION('',(0.,0.,1.));
#3117=DIRECTION('',(1.,0.,0.));
#3118=DIRECTION('',(0.,0.,1.));
#3119=DIRECTION('',(1.,0.,0.));
#3120=DIRECTION('',(0.,0.,1.));
#3121=DIRECTION('',(1.,0.,0.));
#3122=DIRECTION('',(0.,0.,1.));
#3123=DIRECTION('',(1.,0.,0.));
#3124=DIRECTION('',(0.,0.,1.));
#3125=DIRECTION('',(1.,0.,0.));
#3126=DIRECTION('',(0.,0.,1.));
#3127=DIRECTION('',(1.,0.,0.));
#3128=DIRECTION('',(0.,0.,1.));
#3129=DIRECTION('',(1.,0.,0.));
#3130=DIRECTION('',(0.,0.,1.));
#3131=DIRECTION('',(1.,0.,0.));
#3132=DIRECTION('',(0.,0.,1.));
#3133=DIRECTION('',(1.,0.,0.));
#3134=DIRECTION('',(0.,0.,1.));
#3135=DIRECTION('',(1.,0.,0.));
#3136=DIRECTION('',(0.,0.,1.));
#3137=DIRECTION('',(1.,0.,0.));
#3138=DIRECTION('',(0.,0.,1.));
#3139=DIRECTION('',(1.,0.,0.));
#3140=DIRECTION('',(0.,0.,1.));
#3141=DIRECTION('',(1.,0.,0.));
#3142=DIRECTION('',(0.,0.,1.));
#3143=DIRECTION('',(1.,0.,0.));
#3144=DIRECTION('',(0.,0.,1.));
#3145=DIRECTION('',(1.,0.,0.));
#3146=DIRECTION('',(0.,0.,1.));
#3147=DIRECTION('',(1.,0.,0.));
#3148=DIRECTION('',(0.,0.,1.));
#3149=DIRECTION('',(1.,0.,0.));
#3150=DIRECTION('',(0.,0.,1.));
#3151=DIRECTION('',(1.,0.,0.));
#3152=DIRECTION('',(0.,0.,1.));
#3153=DIRECTION('',(1.,0.,0.));
#3154=DIRECTION('',(0.,0.,1.));
#3155=DIRECTION('',(1.,0.,0.));
#3156=DIRECTION('',(0.,0.,1.));
#3157=DIRECTION('',(1.,0.,0.));
#3158=DIRECTION('',(0.,0.,1.));
#3159=DIRECTION('',(1.,0.,0.));
#3160=DIRECTION('',(0.,0.,1.));
#3161=DIRECTION('',(1.,0.,0.));
#3162=DIRECTION('',(0.,0.,1.));
#3163=DIRECTION('',(1.,0.,0.));
#3164=DIRECTION('',(0.,0.,1.));
#3165=DIRECTION('',(1.,0.,0.));
#3166=DIRECTION('',(0.,0.,1.));
#3167=DIRECTION('',(1.,0.,0.));
#3168=DIRECTION('',(0.,0.,1.));
#3169=DIRECTION('',(1.,0.,0.));
#3170=DIRECTION('',(0.,0.,1.));
#3171=DIRECTION('',(1.,0.,0.));
#3172=DIRECTION('',(0.,0.,1.));
#3173=DIRECTION('',(1.,0.,0.));
#3174=DIRECTION('',(0.,0.,1.));
#3175=DIRECTION('',(1.,0.,0.));
#3176=DIRECTION('',(0.,0.,1.));
#3177=DIRECTION('',(1.,0.,0.));
#3178=DIRECTION('',(0.,0.,1.));
#3179=DIRECTION('',(1.,0.,0.));
#3180=DIRECTION('',(0.,0.,1.));
#3181=DIRECTION('',(1.,0.,0.));
#3182=DIRECTION('',(0.,0.,1.));
#3183=DIRECTION('',(1.,0.,0.));
#3184=DIRECTION('',(0.,0.,1.));
#3185=DIRECTION('',(1.,0.,0.));
#3186=DIRECTION('',(0.,0.,1.));
#3187=DIRECTION('',(1.,0.,0.));
#3188=DIRECTION('',(0.,0.,1.));
#3189=DIRECTION('',(1.,0.,0.));
#3190=DIRECTION('',(0.,0.,1.));
#3191=DIRECTION('',(1.,0.,0.));
#3192=DIRECTION('',(0.,0.,1.));
#3193=DIRECTION('',(1.,0.,0.));
#3194=DIRECTION('',(0.,0.,1.));
#3195=DIRECTION('',(1.,0.,0.));
#3196=DIRECTION('',(0.,0.,1.));
#3197=DIRECTION('',(1.19248806385E-8,-1.,0.));
#3198=DIRECTION('axis',(0.,0.,1.));
#3199=DIRECTION('refdir',(1.,0.,0.));
#3200=DIRECTION('axis',(0.,0.,1.));
#3201=DIRECTION('refdir',(1.,0.,0.));
#3202=DIRECTION('axis',(0.,0.,1.));
#3203=DIRECTION('refdir',(1.,0.,0.));
#3204=DIRECTION('',(0.,0.,1.));
#3205=DIRECTION('',(1.19248806385E-8,-1.,0.));
#3206=DIRECTION('',(0.,0.,1.));
#3207=DIRECTION('',(1.,0.,0.));
#3208=DIRECTION('axis',(0.,0.,1.));
#3209=DIRECTION('refdir',(1.,0.,0.));
#3210=DIRECTION('axis',(0.,0.,1.));
#3211=DIRECTION('refdir',(1.,0.,0.));
#3212=DIRECTION('axis',(0.,0.,1.));
#3213=DIRECTION('refdir',(1.,0.,0.));
#3214=DIRECTION('axis',(0.,0.,1.));
#3215=DIRECTION('refdir',(1.,0.,0.));
#3216=DIRECTION('axis',(0.,0.,1.));
#3217=DIRECTION('refdir',(1.,0.,0.));
#3218=DIRECTION('',(0.,0.,1.));
#3219=DIRECTION('',(1.,0.,0.));
#3220=DIRECTION('axis',(0.,0.,1.));
#3221=DIRECTION('refdir',(1.,0.,0.));
#3222=DIRECTION('axis',(0.,0.,1.));
#3223=DIRECTION('refdir',(1.,0.,0.));
#3224=DIRECTION('axis',(0.,0.,1.));
#3225=DIRECTION('refdir',(1.,0.,0.));
#3226=DIRECTION('axis',(0.,0.,1.));
#3227=DIRECTION('refdir',(1.,0.,0.));
#3228=DIRECTION('',(0.,0.,1.));
#3229=DIRECTION('',(1.,0.,0.));
#3230=DIRECTION('',(0.,0.,1.));
#3231=DIRECTION('',(1.,0.,0.));
#3232=DIRECTION('',(0.,0.,1.));
#3233=DIRECTION('',(1.,0.,0.));
#3234=DIRECTION('',(0.,0.,1.));
#3235=DIRECTION('',(1.,0.,0.));
#3236=DIRECTION('',(0.,0.,1.));
#3237=DIRECTION('',(1.,0.,0.));
#3238=DIRECTION('',(0.,0.,1.));
#3239=DIRECTION('',(1.,0.,0.));
#3240=DIRECTION('',(0.,0.,1.));
#3241=DIRECTION('',(1.,0.,0.));
#3242=DIRECTION('',(0.,0.,1.));
#3243=DIRECTION('',(1.,0.,0.));
#3244=DIRECTION('',(0.,0.,1.));
#3245=DIRECTION('',(1.,0.,0.));
#3246=DIRECTION('',(0.,0.,1.));
#3247=DIRECTION('',(-1.,1.224646799147E-16,0.));
#3248=DIRECTION('',(0.,0.,1.));
#3249=DIRECTION('',(-1.,1.224646799147E-16,0.));
#3250=DIRECTION('',(0.,0.,1.));
#3251=DIRECTION('',(-1.,1.224646799147E-16,0.));
#3252=DIRECTION('',(0.,0.,1.));
#3253=DIRECTION('',(-1.,1.224646799147E-16,0.));
#3254=DIRECTION('',(0.,0.,1.));
#3255=DIRECTION('',(-4.371138828674E-8,0.999999999999999,0.));
#3256=DIRECTION('axis',(0.,0.,1.));
#3257=DIRECTION('refdir',(1.,0.,0.));
#3258=DIRECTION('axis',(0.,0.,1.));
#3259=DIRECTION('refdir',(1.,0.,0.));
#3260=DIRECTION('axis',(0.,0.,1.));
#3261=DIRECTION('refdir',(1.,0.,0.));
#3262=DIRECTION('axis',(0.,0.,1.));
#3263=DIRECTION('refdir',(1.,0.,0.));
#3264=DIRECTION('axis',(0.,0.,1.));
#3265=DIRECTION('refdir',(1.,0.,0.));
#3266=DIRECTION('axis',(0.,0.,1.));
#3267=DIRECTION('refdir',(1.,0.,0.));
#3268=DIRECTION('axis',(0.,0.,1.));
#3269=DIRECTION('refdir',(1.,0.,0.));
#3270=DIRECTION('axis',(0.,0.,1.));
#3271=DIRECTION('refdir',(1.,0.,0.));
#3272=DIRECTION('axis',(0.,0.,1.));
#3273=DIRECTION('refdir',(1.,0.,0.));
#3274=DIRECTION('axis',(0.,0.,1.));
#3275=DIRECTION('refdir',(1.,0.,0.));
#3276=DIRECTION('axis',(0.,0.,1.));
#3277=DIRECTION('refdir',(1.,0.,0.));
#3278=DIRECTION('axis',(0.,0.,1.));
#3279=DIRECTION('refdir',(1.,0.,0.));
#3280=DIRECTION('axis',(0.,0.,1.));
#3281=DIRECTION('refdir',(1.,0.,0.));
#3282=DIRECTION('axis',(0.,0.,1.));
#3283=DIRECTION('refdir',(1.,0.,0.));
#3284=DIRECTION('axis',(0.,0.,1.));
#3285=DIRECTION('refdir',(1.,0.,0.));
#3286=DIRECTION('axis',(0.,0.,1.));
#3287=DIRECTION('refdir',(1.,0.,0.));
#3288=DIRECTION('',(1.74845553146897E-7,-0.999999999999984,-4.37113882867393E-8));
#3289=DIRECTION('',(0.999999999999985,1.74845553146897E-7,1.577721810442E-30));
#3290=DIRECTION('axis',(0.,0.,1.));
#3291=DIRECTION('refdir',(1.,0.,0.));
#3292=DIRECTION('axis',(0.,0.,1.));
#3293=DIRECTION('refdir',(1.,0.,0.));
#3294=DIRECTION('axis',(0.,0.,1.));
#3295=DIRECTION('refdir',(1.,0.,0.));
#3296=DIRECTION('axis',(0.,0.,1.));
#3297=DIRECTION('refdir',(1.,0.,0.));
#3298=DIRECTION('axis',(0.,0.,1.));
#3299=DIRECTION('refdir',(1.,0.,0.));
#3300=DIRECTION('axis',(0.,0.,1.));
#3301=DIRECTION('refdir',(1.,0.,0.));
#3302=DIRECTION('axis',(0.,0.,1.));
#3303=DIRECTION('refdir',(1.,0.,0.));
#3304=DIRECTION('axis',(0.,0.,1.));
#3305=DIRECTION('refdir',(1.,0.,0.));
#3306=DIRECTION('axis',(0.,0.,1.));
#3307=DIRECTION('refdir',(1.,0.,0.));
#3308=DIRECTION('axis',(0.,0.,1.));
#3309=DIRECTION('refdir',(1.,0.,0.));
#3310=DIRECTION('axis',(0.,0.,1.));
#3311=DIRECTION('refdir',(1.,0.,0.));
#3312=DIRECTION('axis',(0.,0.,1.));
#3313=DIRECTION('refdir',(1.,0.,0.));
#3314=DIRECTION('axis',(0.,0.,1.));
#3315=DIRECTION('refdir',(1.,0.,0.));
#3316=DIRECTION('',(0.,0.,1.));
#3317=DIRECTION('',(1.,0.,0.));
#3318=DIRECTION('axis',(0.,0.,1.));
#3319=DIRECTION('refdir',(1.,0.,0.));
#3320=DIRECTION('axis',(0.,0.,1.));
#3321=DIRECTION('refdir',(1.,0.,0.));
#3322=DIRECTION('',(0.,0.,1.));
#3323=DIRECTION('',(1.,0.,0.));
#3324=DIRECTION('',(0.,0.,1.));
#3325=DIRECTION('',(1.,0.,0.));
#3326=DIRECTION('',(0.,0.,1.));
#3327=DIRECTION('',(1.,0.,0.));
#3328=DIRECTION('',(0.,0.,1.));
#3329=DIRECTION('',(1.,0.,0.));
#3330=DIRECTION('',(0.,0.,1.));
#3331=DIRECTION('',(-1.,1.224646799147E-16,0.));
#3332=DIRECTION('',(0.,0.,1.));
#3333=DIRECTION('',(1.,0.,0.));
#3334=DIRECTION('',(0.,0.,1.));
#3335=DIRECTION('',(-1.,1.224646799147E-16,0.));
#3336=DIRECTION('',(0.,0.,1.));
#3337=DIRECTION('',(1.,0.,0.));
#3338=DIRECTION('',(0.,0.,1.));
#3339=DIRECTION('',(-1.,1.224646799147E-16,0.));
#3340=DIRECTION('',(0.,0.,1.));
#3341=DIRECTION('',(1.,0.,0.));
#3342=DIRECTION('',(0.,0.,1.));
#3343=DIRECTION('',(-1.,1.224646799147E-16,0.));
#3344=DIRECTION('',(0.,0.,1.));
#3345=DIRECTION('',(1.,0.,0.));
#3346=DIRECTION('axis',(0.,0.,1.));
#3347=DIRECTION('refdir',(1.,0.,0.));
#3348=DIRECTION('axis',(0.,0.,1.));
#3349=DIRECTION('refdir',(1.,0.,0.));
#3350=DIRECTION('axis',(0.,0.,1.));
#3351=DIRECTION('refdir',(1.,0.,0.));
#3352=DIRECTION('',(0.,0.,1.));
#3353=DIRECTION('',(1.,0.,0.));
#3354=DIRECTION('',(0.,0.,1.));
#3355=DIRECTION('',(1.,0.,0.));
#3356=DIRECTION('axis',(0.,0.,1.));
#3357=DIRECTION('refdir',(1.,0.,0.));
#3358=DIRECTION('axis',(0.,0.,1.));
#3359=DIRECTION('refdir',(1.,0.,0.));
#3360=DIRECTION('',(0.,0.,1.));
#3361=DIRECTION('',(0.999999999999985,1.74845553146897E-7,0.));
#3362=DIRECTION('',(0.,0.,1.));
#3363=DIRECTION('',(-0.999999999999996,-8.74227765734797E-8,0.));
#3364=DIRECTION('',(0.,0.,1.));
#3365=DIRECTION('',(-0.999999999999996,-8.74227765734797E-8,0.));
#3366=DIRECTION('',(0.,0.,1.));
#3367=DIRECTION('',(-0.999999999999996,-8.74227765734797E-8,0.));
#3368=DIRECTION('axis',(0.,0.,1.));
#3369=DIRECTION('refdir',(1.,0.,0.));
#3370=DIRECTION('axis',(0.,0.,1.));
#3371=DIRECTION('refdir',(1.,0.,0.));
#3372=DIRECTION('axis',(0.,0.,1.));
#3373=DIRECTION('refdir',(1.,0.,0.));
#3374=DIRECTION('',(0.,0.,1.));
#3375=DIRECTION('',(1.,0.,0.));
#3376=DIRECTION('',(0.,0.,1.));
#3377=DIRECTION('',(-0.999999999999996,-8.74227765734797E-8,0.));
#3378=DIRECTION('',(0.,0.,1.));
#3379=DIRECTION('',(0.999999999999985,1.74845553146897E-7,0.));
#3380=DIRECTION('',(0.,0.,1.));
#3381=DIRECTION('',(-4.371138828674E-8,0.999999999999999,0.));
#3382=DIRECTION('',(0.,0.,1.));
#3383=DIRECTION('',(0.999999999999985,1.74845553146897E-7,0.));
#3384=DIRECTION('',(0.,0.,1.));
#3385=DIRECTION('',(1.19248806385E-8,-1.,0.));
#3386=DIRECTION('axis',(0.,0.,1.));
#3387=DIRECTION('refdir',(1.,0.,0.));
#3388=DIRECTION('axis',(0.,0.,1.));
#3389=DIRECTION('refdir',(1.,0.,0.));
#3390=DIRECTION('axis',(0.,0.,1.));
#3391=DIRECTION('refdir',(1.,0.,0.));
#3392=DIRECTION('axis',(0.,0.,1.));
#3393=DIRECTION('refdir',(1.,0.,0.));
#3394=DIRECTION('',(0.,0.,1.));
#3395=DIRECTION('',(0.999999999999985,1.74845553146897E-7,0.));
#3396=DIRECTION('',(0.,0.,1.));
#3397=DIRECTION('',(1.19248806385E-8,-1.,0.));
#3398=DIRECTION('',(0.,0.,1.));
#3399=DIRECTION('',(0.999999999999985,1.74845553146897E-7,0.));
#3400=DIRECTION('',(0.,0.,1.));
#3401=DIRECTION('',(0.999999999999985,1.74845553146897E-7,0.));
#3402=DIRECTION('',(0.,0.,1.));
#3403=DIRECTION('',(1.19248806385E-8,-1.,0.));
#3404=DIRECTION('axis',(0.,0.,1.));
#3405=DIRECTION('refdir',(1.,0.,0.));
#3406=DIRECTION('axis',(0.,0.,1.));
#3407=DIRECTION('refdir',(1.,0.,0.));
#3408=DIRECTION('axis',(0.,0.,1.));
#3409=DIRECTION('refdir',(1.,0.,0.));
#3410=DIRECTION('axis',(0.,0.,1.));
#3411=DIRECTION('refdir',(1.,0.,0.));
#3412=DIRECTION('axis',(0.,0.,1.));
#3413=DIRECTION('refdir',(1.,0.,0.));
#3414=DIRECTION('axis',(0.,0.,1.));
#3415=DIRECTION('refdir',(1.,0.,0.));
#3416=DIRECTION('axis',(0.,0.,1.));
#3417=DIRECTION('refdir',(1.,0.,0.));
#3418=DIRECTION('',(0.,0.,1.));
#3419=DIRECTION('',(1.,0.,0.));
#3420=DIRECTION('axis',(0.,0.,1.));
#3421=DIRECTION('refdir',(1.,0.,0.));
#3422=DIRECTION('',(0.,0.,1.));
#3423=DIRECTION('',(1.,0.,0.));
#3424=DIRECTION('',(0.,0.,1.));
#3425=DIRECTION('',(1.,0.,0.));
#3426=DIRECTION('',(0.,0.,1.));
#3427=DIRECTION('',(-1.,1.224646799147E-16,0.));
#3428=DIRECTION('',(0.,0.,1.));
#3429=DIRECTION('',(1.,0.,0.));
#3430=DIRECTION('',(0.,0.,1.));
#3431=DIRECTION('',(-4.371138828674E-8,0.999999999999999,0.));
#3432=DIRECTION('axis',(0.,0.,1.));
#3433=DIRECTION('refdir',(1.,0.,0.));
#3434=DIRECTION('axis',(0.,0.,1.));
#3435=DIRECTION('refdir',(1.,0.,0.));
#3436=DIRECTION('axis',(0.,0.,1.));
#3437=DIRECTION('refdir',(1.,0.,0.));
#3438=DIRECTION('',(0.,0.,1.));
#3439=DIRECTION('',(1.19248806385E-8,-1.,0.));
#3440=DIRECTION('',(0.,0.,1.));
#3441=DIRECTION('',(1.19248806385E-8,-1.,0.));
#3442=DIRECTION('',(0.,0.,1.));
#3443=DIRECTION('',(1.19248806385E-8,-1.,0.));
#3444=DIRECTION('',(0.,0.,1.));
#3445=DIRECTION('',(0.999999999999985,1.74845553146897E-7,0.));
#3446=DIRECTION('',(0.,0.,1.));
#3447=DIRECTION('',(0.999999999999985,1.74845553146897E-7,0.));
#3448=DIRECTION('',(0.,0.,1.));
#3449=DIRECTION('',(-0.999999999999996,-8.74227765734797E-8,0.));
#3450=DIRECTION('',(0.,0.,1.));
#3451=DIRECTION('',(-0.999999999999996,-8.74227765734797E-8,0.));
#3452=DIRECTION('',(0.,0.,1.));
#3453=DIRECTION('',(-0.999999999999996,-8.74227765734797E-8,0.));
#3454=DIRECTION('',(0.,0.,1.));
#3455=DIRECTION('',(-0.999999999999996,-8.74227765734797E-8,0.));
#3456=DIRECTION('',(0.,0.,1.));
#3457=DIRECTION('',(0.999999999999985,1.74845553146897E-7,0.));
#3458=DIRECTION('',(0.,0.,1.));
#3459=DIRECTION('',(-0.999999999999996,-8.74227765734797E-8,0.));
#3460=DIRECTION('',(0.,0.,1.));
#3461=DIRECTION('',(0.999999999999985,1.74845553146897E-7,0.));
#3462=DIRECTION('',(0.,0.,1.));
#3463=DIRECTION('',(-0.999999999999996,-8.74227765734797E-8,0.));
#3464=DIRECTION('',(0.,0.,1.));
#3465=DIRECTION('',(0.999999999999985,1.74845553146897E-7,0.));
#3466=DIRECTION('',(0.,0.,1.));
#3467=DIRECTION('',(1.19248806385E-8,-1.,0.));
#3468=DIRECTION('',(0.,0.,1.));
#3469=DIRECTION('',(1.19248806385E-8,-1.,0.));
#3470=DIRECTION('',(0.,0.,1.));
#3471=DIRECTION('',(0.999999999999985,1.74845553146897E-7,0.));
#3472=DIRECTION('',(0.,0.,1.));
#3473=DIRECTION('',(0.999999999999985,1.74845553146897E-7,0.));
#3474=DIRECTION('',(0.,0.,1.));
#3475=DIRECTION('',(0.999999999999985,1.74845553146897E-7,0.));
#3476=DIRECTION('',(0.,0.,1.));
#3477=DIRECTION('',(1.19248806385E-8,-1.,0.));
#3478=DIRECTION('',(0.,0.,1.));
#3479=DIRECTION('',(1.19248806385E-8,-1.,0.));
#3480=DIRECTION('axis',(0.,0.,1.));
#3481=DIRECTION('refdir',(1.,0.,0.));
#3482=DIRECTION('axis',(0.,0.,1.));
#3483=DIRECTION('refdir',(1.,0.,0.));
#3484=DIRECTION('',(0.,0.,1.));
#3485=DIRECTION('',(-4.371138828674E-8,0.999999999999999,0.));
#3486=DIRECTION('axis',(0.,0.,1.));
#3487=DIRECTION('refdir',(1.,0.,0.));
#3488=DIRECTION('axis',(0.,0.,1.));
#3489=DIRECTION('refdir',(1.,0.,0.));
#3490=DIRECTION('',(0.,0.,1.));
#3491=DIRECTION('',(0.999999999999985,1.74845553146897E-7,0.));
#3492=DIRECTION('',(0.,0.,1.));
#3493=DIRECTION('',(0.999999999999985,1.74845553146897E-7,0.));
#3494=DIRECTION('axis',(0.,0.,1.));
#3495=DIRECTION('refdir',(1.,0.,0.));
#3496=DIRECTION('axis',(0.,0.,1.));
#3497=DIRECTION('refdir',(1.,0.,0.));
#3498=DIRECTION('axis',(0.,0.,1.));
#3499=DIRECTION('refdir',(1.,0.,0.));
#3500=DIRECTION('',(-8.74227765734796E-8,0.999999999999995,-4.37113882867398E-8));
#3501=DIRECTION('',(-0.999999999999996,-8.74227765734797E-8,7.88860905221009E-31));
#3502=DIRECTION('',(1.74845553146897E-7,-0.999999999999984,-4.37113882867393E-8));
#3503=DIRECTION('',(0.999999999999985,1.74845553146897E-7,1.577721810442E-30));
#3504=DIRECTION('',(1.74845553146897E-7,-0.999999999999984,-4.37113882867393E-8));
#3505=DIRECTION('',(0.999999999999985,1.74845553146897E-7,1.577721810442E-30));
#3506=DIRECTION('',(-8.74227765734796E-8,0.999999999999995,-4.37113882867398E-8));
#3507=DIRECTION('',(-0.999999999999996,-8.74227765734797E-8,7.88860905221009E-31));
#3508=DIRECTION('axis',(0.,0.,1.));
#3509=DIRECTION('refdir',(1.,0.,0.));
#3510=DIRECTION('axis',(0.,0.,1.));
#3511=DIRECTION('refdir',(1.,0.,0.));
#3512=DIRECTION('',(0.,0.,1.));
#3513=DIRECTION('',(-4.371138828674E-8,0.999999999999999,0.));
#3514=DIRECTION('axis',(0.,0.,1.));
#3515=DIRECTION('refdir',(1.,0.,0.));
#3516=DIRECTION('axis',(0.,0.,1.));
#3517=DIRECTION('refdir',(1.,0.,0.));
#3518=DIRECTION('axis',(0.,0.,1.));
#3519=DIRECTION('refdir',(1.,0.,0.));
#3520=DIRECTION('',(6.170970167611E-13,-1.,1.110223024624E-16));
#3521=DIRECTION('',(1.,6.170970167611E-13,-1.795133192659E-16));
#3522=DIRECTION('',(0.,0.,1.));
#3523=DIRECTION('',(1.19248806385E-8,-1.,0.));
#3524=DIRECTION('axis',(0.,0.,1.));
#3525=DIRECTION('refdir',(1.,0.,0.));
#3526=DIRECTION('axis',(0.,0.,1.));
#3527=DIRECTION('refdir',(1.,0.,0.));
#3528=DIRECTION('',(0.,0.,1.));
#3529=DIRECTION('',(0.999999999999985,1.74845553146897E-7,0.));
#3530=DIRECTION('axis',(0.,0.,1.));
#3531=DIRECTION('refdir',(1.,0.,0.));
#3532=DIRECTION('axis',(0.,0.,1.));
#3533=DIRECTION('refdir',(1.,0.,0.));
#3534=DIRECTION('',(0.,0.,1.));
#3535=DIRECTION('',(-0.999999999999996,-8.74227765734797E-8,0.));
#3536=DIRECTION('',(0.,0.,1.));
#3537=DIRECTION('',(0.,0.,1.));
#3538=DIRECTION('',(0.,0.,1.));
#3539=DIRECTION('',(0.,0.,1.));
#3540=DIRECTION('',(0.,0.,1.));
#3541=DIRECTION('',(0.,0.,1.));
#3542=DIRECTION('',(0.,0.,1.));
#3543=DIRECTION('',(0.,0.,1.));
#3544=DIRECTION('center_axis',(-1.22464679914735E-16,0.,1.));
#3545=DIRECTION('ref_axis',(0.,-1.,0.));
#3546=DIRECTION('',(0.,-1.,0.));
#3547=DIRECTION('',(1.,0.,1.22464679914735E-16));
#3548=DIRECTION('',(0.,1.,0.));
#3549=DIRECTION('',(-1.,0.,-1.22464679914735E-16));
#3550=DIRECTION('',(-1.,0.,-1.22464679914735E-16));
#3551=DIRECTION('',(0.,1.,0.));
#3552=DIRECTION('',(1.,0.,1.22464679914735E-16));
#3553=DIRECTION('',(0.,-1.,0.));
#3554=DIRECTION('center_axis',(-1.,0.,0.));
#3555=DIRECTION('ref_axis',(0.,0.,1.));
#3556=DIRECTION('',(0.,-1.,0.));
#3557=DIRECTION('',(1.22464679914735E-16,0.,-1.));
#3558=DIRECTION('',(0.,0.,1.));
#3559=DIRECTION('center_axis',(0.,1.,0.));
#3560=DIRECTION('ref_axis',(0.,0.,1.));
#3561=DIRECTION('',(-1.,0.,0.));
#3562=DIRECTION('',(1.22464679914735E-16,0.,-1.));
#3563=DIRECTION('center_axis',(0.,-1.,0.));
#3564=DIRECTION('ref_axis',(0.,0.,-1.));
#3565=DIRECTION('',(1.,0.,1.22464679914735E-16));
#3566=DIRECTION('',(0.,0.,1.));
#3567=DIRECTION('center_axis',(1.22464679914735E-16,0.,-1.));
#3568=DIRECTION('ref_axis',(-1.,0.,-1.22464679914735E-16));
#3569=DIRECTION('',(0.,-1.,0.));
#3570=DIRECTION('',(1.,0.,1.22464679914735E-16));
#3571=DIRECTION('',(0.,-1.,0.));
#3572=DIRECTION('',(-1.,0.,-1.22464679914735E-16));
#3573=DIRECTION('center_axis',(-1.,0.,-1.22464679914735E-16));
#3574=DIRECTION('ref_axis',(-1.22464679914735E-16,0.,1.));
#3575=DIRECTION('',(0.,-1.,0.));
#3576=DIRECTION('',(-1.22464679914735E-16,0.,1.));
#3577=DIRECTION('',(0.,-1.,0.));
#3578=DIRECTION('',(1.22464679914735E-16,0.,-1.));
#3579=DIRECTION('center_axis',(-1.22464679914735E-16,0.,1.));
#3580=DIRECTION('ref_axis',(0.,1.,0.));
#3581=DIRECTION('center_axis',(1.,0.,1.22464679914735E-16));
#3582=DIRECTION('ref_axis',(1.22464679914735E-16,0.,-1.));
#3583=DIRECTION('',(-1.22464679914735E-16,0.,1.));
#3584=DIRECTION('',(-1.22464679914735E-16,0.,1.));
#3585=DIRECTION('',(0.,-1.,0.));
#3586=DIRECTION('',(-1.22464679914735E-16,0.,1.));
#3587=DIRECTION('',(0.,1.,0.));
#3588=DIRECTION('',(1.22464679914735E-16,0.,-1.));
#3589=DIRECTION('',(-1.22464679914735E-16,0.,1.));
#3590=DIRECTION('',(-1.22464679914735E-16,0.,1.));
#3591=DIRECTION('',(-1.22464679914735E-16,0.,1.));
#3592=DIRECTION('',(-1.22464679914735E-16,0.,1.));
#3593=DIRECTION('',(-1.22464679914735E-16,0.,1.));
#3594=DIRECTION('',(-1.22464679914735E-16,0.,1.));
#3595=DIRECTION('center_axis',(-1.,0.,-1.22464679914735E-16));
#3596=DIRECTION('ref_axis',(-1.22464679914735E-16,0.,1.));
#3597=DIRECTION('',(0.,-1.,0.));
#3598=DIRECTION('center_axis',(0.,-1.,0.));
#3599=DIRECTION('ref_axis',(-1.22464679914735E-16,0.,1.));
#3600=DIRECTION('',(-1.,0.,-1.22464679914735E-16));
#3601=DIRECTION('center_axis',(0.,1.,0.));
#3602=DIRECTION('ref_axis',(1.22464679914735E-16,0.,-1.));
#3603=DIRECTION('',(-1.,0.,-1.22464679914735E-16));
#3604=DIRECTION('',(1.,0.,1.22464679914735E-16));
#3605=DIRECTION('center_axis',(0.,1.,0.));
#3606=DIRECTION('ref_axis',(-1.22464679914735E-16,0.,1.));
#3607=DIRECTION('',(-1.,0.,-1.22464679914735E-16));
#3608=DIRECTION('',(1.,0.,1.22464679914735E-16));
#3609=DIRECTION('',(-1.,0.,-1.22464679914735E-16));
#3610=DIRECTION('center_axis',(0.,-1.,0.));
#3611=DIRECTION('ref_axis',(1.22464679914735E-16,0.,-1.));
#3612=DIRECTION('',(-1.,0.,-1.22464679914735E-16));
#3613=DIRECTION('',(1.,0.,1.22464679914735E-16));
#3614=DIRECTION('center_axis',(1.22464679914735E-16,0.,-1.));
#3615=DIRECTION('ref_axis',(-1.,0.,-1.22464679914735E-16));
#3616=DIRECTION('center_axis',(-1.22464679914735E-16,0.,1.));
#3617=DIRECTION('ref_axis',(0.,-1.,0.));
#3618=DIRECTION('',(0.,0.,1.));
#3619=DIRECTION('',(1.,0.,0.));
#3620=DIRECTION('',(0.,0.,1.));
#3621=DIRECTION('',(1.,0.,0.));
#3622=DIRECTION('',(0.,0.,1.));
#3623=DIRECTION('',(1.,0.,0.));
#3624=DIRECTION('',(0.,0.,1.));
#3625=DIRECTION('',(1.,0.,0.));
#3626=DIRECTION('',(0.,0.,1.));
#3627=DIRECTION('',(1.,0.,0.));
#3628=DIRECTION('',(0.,0.,1.));
#3629=DIRECTION('',(1.,0.,0.));
#3630=DIRECTION('',(0.,0.,1.));
#3631=DIRECTION('',(1.,0.,0.));
#3632=DIRECTION('',(0.,0.,1.));
#3633=DIRECTION('',(1.,0.,0.));
#3634=DIRECTION('',(0.,0.,1.));
#3635=DIRECTION('',(1.,0.,0.));
#3636=DIRECTION('',(0.,0.,1.));
#3637=DIRECTION('',(1.,0.,0.));
#3638=DIRECTION('',(0.,0.,1.));
#3639=DIRECTION('',(1.,0.,0.));
#3640=DIRECTION('',(0.,0.,1.));
#3641=DIRECTION('',(1.,0.,0.));
#3642=DIRECTION('',(0.,0.,1.));
#3643=DIRECTION('',(1.,0.,0.));
#3644=DIRECTION('',(0.,0.,1.));
#3645=DIRECTION('',(1.,0.,0.));
#3646=DIRECTION('',(0.,0.,1.));
#3647=DIRECTION('',(1.,0.,0.));
#3648=DIRECTION('',(0.,0.,1.));
#3649=DIRECTION('',(1.,0.,0.));
#3650=DIRECTION('',(0.,0.,1.));
#3651=DIRECTION('',(1.,0.,0.));
#3652=DIRECTION('',(0.,0.,1.));
#3653=DIRECTION('',(1.,0.,0.));
#3654=DIRECTION('',(0.,0.,1.));
#3655=DIRECTION('',(1.,0.,0.));
#3656=DIRECTION('',(0.,0.,1.));
#3657=DIRECTION('',(1.,0.,0.));
#3658=DIRECTION('',(0.,0.,1.));
#3659=DIRECTION('',(1.,0.,0.));
#3660=DIRECTION('',(0.,0.,1.));
#3661=DIRECTION('',(1.,0.,0.));
#3662=DIRECTION('',(0.,0.,1.));
#3663=DIRECTION('',(1.,0.,0.));
#3664=DIRECTION('',(0.,0.,1.));
#3665=DIRECTION('',(1.,0.,0.));
#3666=DIRECTION('',(0.,0.,1.));
#3667=DIRECTION('',(1.,0.,0.));
#3668=DIRECTION('',(0.,0.,1.));
#3669=DIRECTION('',(1.,0.,0.));
#3670=DIRECTION('',(0.,0.,1.));
#3671=DIRECTION('',(1.,0.,0.));
#3672=DIRECTION('',(0.,0.,1.));
#3673=DIRECTION('',(1.,0.,0.));
#3674=DIRECTION('',(0.,0.,1.));
#3675=DIRECTION('',(1.,0.,0.));
#3676=DIRECTION('',(0.,0.,1.));
#3677=DIRECTION('',(1.,0.,0.));
#3678=DIRECTION('',(0.,0.,1.));
#3679=DIRECTION('',(1.,0.,0.));
#3680=DIRECTION('',(0.,0.,1.));
#3681=DIRECTION('',(1.,0.,0.));
#3682=DIRECTION('',(0.,0.,1.));
#3683=DIRECTION('',(1.,0.,0.));
#3684=DIRECTION('',(0.,0.,1.));
#3685=DIRECTION('',(1.,0.,0.));
#3686=DIRECTION('',(0.,0.,1.));
#3687=DIRECTION('',(1.,0.,0.));
#3688=DIRECTION('',(0.,0.,1.));
#3689=DIRECTION('',(1.,0.,0.));
#3690=DIRECTION('',(0.,0.,1.));
#3691=DIRECTION('',(1.,0.,0.));
#3692=DIRECTION('',(0.,0.,1.));
#3693=DIRECTION('',(1.,0.,0.));
#3694=DIRECTION('',(0.,0.,1.));
#3695=DIRECTION('',(1.,0.,0.));
#3696=DIRECTION('',(0.,0.,1.));
#3697=DIRECTION('',(1.,0.,0.));
#3698=DIRECTION('',(0.,0.,1.));
#3699=DIRECTION('',(1.,0.,0.));
#3700=DIRECTION('',(0.,0.,1.));
#3701=DIRECTION('',(1.,0.,0.));
#3702=DIRECTION('',(0.,0.,1.));
#3703=DIRECTION('',(1.,0.,0.));
#3704=DIRECTION('',(0.,0.,1.));
#3705=DIRECTION('',(1.,0.,0.));
#3706=DIRECTION('',(0.,0.,1.));
#3707=DIRECTION('',(1.,0.,0.));
#3708=DIRECTION('',(0.,0.,1.));
#3709=DIRECTION('',(1.,0.,0.));
#3710=DIRECTION('',(0.,0.,1.));
#3711=DIRECTION('',(1.,0.,0.));
#3712=DIRECTION('',(0.,0.,1.));
#3713=DIRECTION('',(1.,0.,0.));
#3714=DIRECTION('',(0.,0.,1.));
#3715=DIRECTION('',(1.,0.,0.));
#3716=DIRECTION('',(0.,0.,1.));
#3717=DIRECTION('',(1.,0.,0.));
#3718=DIRECTION('',(0.,0.,1.));
#3719=DIRECTION('',(1.,0.,0.));
#3720=DIRECTION('',(0.,0.,1.));
#3721=DIRECTION('',(1.,0.,0.));
#3722=DIRECTION('',(0.,0.,1.));
#3723=DIRECTION('',(1.,0.,0.));
#3724=DIRECTION('',(0.,0.,1.));
#3725=DIRECTION('',(1.,0.,0.));
#3726=DIRECTION('',(0.,0.,1.));
#3727=DIRECTION('',(1.,0.,0.));
#3728=CARTESIAN_POINT('',(0.,0.,0.));
#3729=CARTESIAN_POINT('',(0.,0.,0.));
#3730=CARTESIAN_POINT('',(0.,0.,0.));
#3731=CARTESIAN_POINT('',(0.,0.,-1.6060039));
#3732=CARTESIAN_POINT('',(0.,0.,0.));
#3733=CARTESIAN_POINT('',(0.,0.,0.));
#3734=CARTESIAN_POINT('',(0.,0.,0.));
#3735=CARTESIAN_POINT('',(0.,0.,0.));
#3736=CARTESIAN_POINT('',(0.,0.,0.));
#3737=CARTESIAN_POINT('',(0.,0.,0.));
#3738=CARTESIAN_POINT('',(0.,0.,0.));
#3739=CARTESIAN_POINT('',(0.,0.,0.));
#3740=CARTESIAN_POINT('',(27.054900150137,7.163637395693,0.));
#3741=CARTESIAN_POINT('',(0.,0.,0.));
#3742=CARTESIAN_POINT('',(0.,0.,0.));
#3743=CARTESIAN_POINT('',(0.,0.,0.));
#3744=CARTESIAN_POINT('',(0.,0.,0.));
#3745=CARTESIAN_POINT('',(0.,0.,0.));
#3746=CARTESIAN_POINT('',(0.,0.,-0.48199802));
#3747=CARTESIAN_POINT('',(0.,0.,0.));
#3748=CARTESIAN_POINT('',(0.,0.,0.));
#3749=CARTESIAN_POINT('',(0.,0.,0.));
#3750=CARTESIAN_POINT('',(0.,0.,0.));
#3751=CARTESIAN_POINT('',(0.,0.,0.));
#3752=CARTESIAN_POINT('',(0.,0.,0.));
#3753=CARTESIAN_POINT('',(0.,0.,0.));
#3754=CARTESIAN_POINT('',(0.,0.,0.));
#3755=CARTESIAN_POINT('',(0.,0.,0.));
#3756=CARTESIAN_POINT('',(2.714158173945,9.914158516445,0.));
#3757=CARTESIAN_POINT('',(2.374756928828,9.574749641934,0.));
#3758=CARTESIAN_POINT('',(2.544449921992,9.744457893887,0.));
#3759=CARTESIAN_POINT('',(0.,0.,0.));
#3760=CARTESIAN_POINT('',(0.,0.,0.));
#3761=CARTESIAN_POINT('',(0.,0.,0.));
#3762=CARTESIAN_POINT('',(0.,0.,0.));
#3763=CARTESIAN_POINT('',(0.,0.,0.));
#3764=CARTESIAN_POINT('',(0.,0.,0.));
#3765=CARTESIAN_POINT('',(0.,0.,0.));
#3766=CARTESIAN_POINT('',(-2.5,0.,0.9));
#3767=CARTESIAN_POINT('',(5.627152558711,4.674999886074,0.));
#3768=CARTESIAN_POINT('',(0.,0.,0.));
#3769=CARTESIAN_POINT('',(0.,0.,0.));
#3770=CARTESIAN_POINT('',(0.,0.,0.));
#3771=CARTESIAN_POINT('',(0.,0.,0.));
#3772=CARTESIAN_POINT('',(0.,0.,0.));
#3773=CARTESIAN_POINT('',(0.,0.,0.));
#3774=CARTESIAN_POINT('',(0.,0.,0.));
#3775=CARTESIAN_POINT('',(0.,0.,0.));
#3776=CARTESIAN_POINT('',(0.,0.,0.));
#3777=CARTESIAN_POINT('',(9.22499191418,8.899998360195,0.));
#3778=CARTESIAN_POINT('',(9.464997407344,8.899998360195,0.));
#3779=CARTESIAN_POINT('',(8.985001679805,8.899998360195,0.));
#3780=CARTESIAN_POINT('',(0.,0.,0.));
#3781=CARTESIAN_POINT('',(0.,0.,0.));
#3782=CARTESIAN_POINT('',(0.,0.,0.));
#3783=CARTESIAN_POINT('',(3.949998017695,9.149998360195,0.));
#3784=CARTESIAN_POINT('',(3.949998017695,8.910000496426,0.));
#3785=CARTESIAN_POINT('',(3.949998017695,9.389996223965,0.));
#3786=CARTESIAN_POINT('',(5.175004121211,9.174999886074,0.));
#3787=CARTESIAN_POINT('',(5.175004121211,9.415005379238,0.));
#3788=CARTESIAN_POINT('',(5.175004121211,8.935002022305,0.));
#3789=CARTESIAN_POINT('',(0.,0.,0.));
#3790=CARTESIAN_POINT('',(0.,0.,0.));
#3791=CARTESIAN_POINT('',(0.,0.,0.));
#3792=CARTESIAN_POINT('',(0.,0.,0.));
#3793=CARTESIAN_POINT('',(0.,0.,0.));
#3794=CARTESIAN_POINT('',(0.,0.,0.));
#3795=CARTESIAN_POINT('',(0.,0.,0.));
#3796=CARTESIAN_POINT('',(0.,0.,0.));
#3797=CARTESIAN_POINT('',(0.,0.,0.));
#3798=CARTESIAN_POINT('',(0.,0.,0.));
#3799=CARTESIAN_POINT('',(0.,0.,0.));
#3800=CARTESIAN_POINT('',(0.,0.,0.));
#3801=CARTESIAN_POINT('',(0.,0.,0.));
#3802=CARTESIAN_POINT('',(0.,0.,0.));
#3803=CARTESIAN_POINT('',(0.,0.,0.));
#3804=CARTESIAN_POINT('',(0.,0.,0.));
#3805=CARTESIAN_POINT('',(0.,0.,0.));
#3806=CARTESIAN_POINT('',(0.,0.,0.));
#3807=CARTESIAN_POINT('',(0.,0.,0.));
#3808=CARTESIAN_POINT('',(0.,0.,0.));
#3809=CARTESIAN_POINT('',(0.,0.,0.));
#3810=CARTESIAN_POINT('',(0.,0.,0.));
#3811=CARTESIAN_POINT('',(0.,0.,0.));
#3812=CARTESIAN_POINT('',(0.,0.,0.));
#3813=CARTESIAN_POINT('',(0.,0.,0.));
#3814=CARTESIAN_POINT('',(0.,0.,0.));
#3815=CARTESIAN_POINT('',(0.,0.,0.));
#3816=CARTESIAN_POINT('',(0.,0.,0.));
#3817=CARTESIAN_POINT('',(-3.5,-3.5,0.1));
#3818=CARTESIAN_POINT('',(0.,0.,0.));
#3819=CARTESIAN_POINT('',(5.200043794063,5.462582283535,1.349999785423));
#3820=CARTESIAN_POINT('',(0.587632295039,10.47511737875,1.200000166893));
#3821=CARTESIAN_POINT('',(0.,0.,0.));
#3822=CARTESIAN_POINT('',(0.,0.,0.));
#3823=CARTESIAN_POINT('',(0.,0.,0.));
#3824=CARTESIAN_POINT('',(0.,0.,0.));
#3825=CARTESIAN_POINT('',(7.600007172969,9.549999886074,0.));
#3826=CARTESIAN_POINT('',(0.,0.,0.));
#3827=CARTESIAN_POINT('',(0.,0.,0.));
#3828=CARTESIAN_POINT('',(0.,0.,0.));
#3829=CARTESIAN_POINT('',(0.,0.,0.));
#3830=CARTESIAN_POINT('',(0.,0.,0.));
#3831=CARTESIAN_POINT('',(0.,0.,0.));
#3832=CARTESIAN_POINT('',(0.,0.,0.));
#3833=CARTESIAN_POINT('',(0.,0.,0.));
#3834=CARTESIAN_POINT('',(0.,0.,0.));
#3835=CARTESIAN_POINT('',(0.,0.,0.));
#3836=CARTESIAN_POINT('',(0.,0.,0.));
#3837=CARTESIAN_POINT('',(0.,0.,0.));
#3838=CARTESIAN_POINT('',(0.,0.,0.));
#3839=CARTESIAN_POINT('',(0.,0.,0.));
#3840=CARTESIAN_POINT('',(0.,0.,0.));
#3841=CARTESIAN_POINT('',(0.,0.,0.));
#3842=CARTESIAN_POINT('',(0.,0.,0.));
#3843=CARTESIAN_POINT('',(0.,0.,0.));
#3844=CARTESIAN_POINT('',(0.,0.,0.));
#3845=CARTESIAN_POINT('',(0.,0.,0.));
#3846=CARTESIAN_POINT('',(1.149994965938,1.574993782559,0.));
#3847=CARTESIAN_POINT('',(1.149994965938,2.024998360195,0.));
#3848=CARTESIAN_POINT('',(1.149994965938,1.124996834316,0.));
#3849=CARTESIAN_POINT('',(1.149994965938,3.499996834316,0.));
#3850=CARTESIAN_POINT('',(1.149994965938,3.049999886074,0.));
#3851=CARTESIAN_POINT('',(1.149994965938,3.950001411953,0.));
#3852=CARTESIAN_POINT('',(0.,0.,0.));
#3853=CARTESIAN_POINT('',(0.,0.,0.));
#3854=CARTESIAN_POINT('',(0.,0.,0.));
#3855=CARTESIAN_POINT('',(0.,0.,0.));
#3856=CARTESIAN_POINT('',(1.375001069453,5.810002022305,0.));
#3857=CARTESIAN_POINT('',(1.375001069453,6.289997749844,0.));
#3858=CARTESIAN_POINT('',(1.375001069453,6.049999886074,0.));
#3859=CARTESIAN_POINT('',(0.,0.,0.));
#3860=CARTESIAN_POINT('',(0.,0.,0.));
#3861=CARTESIAN_POINT('',(0.,0.,0.));
#3862=CARTESIAN_POINT('',(0.,0.,0.));
#3863=CARTESIAN_POINT('',(1.975007172969,13.409992867031,0.));
#3864=CARTESIAN_POINT('',(1.975007172969,13.890003853359,0.));
#3865=CARTESIAN_POINT('',(1.975007172969,13.649998360195,0.));
#3866=CARTESIAN_POINT('',(3.375001069453,9.914997749844,0.));
#3867=CARTESIAN_POINT('',(3.375001069453,9.435002022305,0.));
#3868=CARTESIAN_POINT('',(3.375001069453,9.674999886074,0.));
#3869=CARTESIAN_POINT('',(9.869996186641,3.399998360195,0.));
#3870=CARTESIAN_POINT('',(9.869996186641,3.160000496426,0.));
#3871=CARTESIAN_POINT('',(9.869996186641,3.640003853359,0.));
#3872=CARTESIAN_POINT('',(9.869996186641,7.414997749844,0.));
#3873=CARTESIAN_POINT('',(9.869996186641,6.935002022305,0.));
#3874=CARTESIAN_POINT('',(9.869996186641,7.174999886074,0.));
#3875=CARTESIAN_POINT('',(0.,0.,0.));
#3876=CARTESIAN_POINT('',(0.,0.,0.));
#3877=CARTESIAN_POINT('',(0.,0.,0.));
#3878=CARTESIAN_POINT('',(1.414994355586,8.774998360195,0.));
#3879=CARTESIAN_POINT('',(0.934998628047,8.774998360195,0.));
#3880=CARTESIAN_POINT('',(1.175004121211,8.774998360195,0.));
#3881=CARTESIAN_POINT('',(1.47499191418,9.349995308437,0.));
#3882=CARTESIAN_POINT('',(1.714997407344,9.349995308437,0.));
#3883=CARTESIAN_POINT('',(1.235001679805,9.349995308437,0.));
#3884=CARTESIAN_POINT('',(9.175004121211,9.999996834316,0.));
#3885=CARTESIAN_POINT('',(8.934998628047,9.999996834316,0.));
#3886=CARTESIAN_POINT('',(9.414994355586,9.999996834316,0.));
#3887=CARTESIAN_POINT('',(5.785004731563,9.549999886074,0.));
#3888=CARTESIAN_POINT('',(6.265000459102,9.549999886074,0.));
#3889=CARTESIAN_POINT('',(6.024994965938,9.549999886074,0.));
#3890=CARTESIAN_POINT('',(6.074998017695,8.899998360195,0.));
#3891=CARTESIAN_POINT('',(6.315003510859,8.899998360195,0.));
#3892=CARTESIAN_POINT('',(5.834992524531,8.899998360195,0.));
#3893=CARTESIAN_POINT('',(4.524994965938,13.92499225668,0.));
#3894=CARTESIAN_POINT('',(4.765000459102,13.92499225668,0.));
#3895=CARTESIAN_POINT('',(4.285004731563,13.92499225668,0.));
#3896=CARTESIAN_POINT('',(6.535004731563,12.444996529141,0.));
#3897=CARTESIAN_POINT('',(7.015000459102,12.444996529141,0.));
#3898=CARTESIAN_POINT('',(6.774994965938,12.444996529141,0.));
#3899=CARTESIAN_POINT('',(5.634995576289,13.92499225668,0.));
#3900=CARTESIAN_POINT('',(6.115006562617,13.92499225668,0.));
#3901=CARTESIAN_POINT('',(5.875001069453,13.92499225668,0.));
#3902=CARTESIAN_POINT('',(3.625001069453,12.444996529141,0.));
#3903=CARTESIAN_POINT('',(3.384995576289,12.444996529141,0.));
#3904=CARTESIAN_POINT('',(3.865006562617,12.444996529141,0.));
#3905=CARTESIAN_POINT('',(1.414994355586,8.200001411953,0.));
#3906=CARTESIAN_POINT('',(0.934998628047,8.200001411953,0.));
#3907=CARTESIAN_POINT('',(1.175004121211,8.200001411953,0.));
#3908=CARTESIAN_POINT('',(1.174988862422,7.575001411953,0.));
#3909=CARTESIAN_POINT('',(1.414994355586,7.575001411953,0.));
#3910=CARTESIAN_POINT('',(0.934998628047,7.575001411953,0.));
#3911=CARTESIAN_POINT('',(3.735001679805,0.450001411953,0.));
#3912=CARTESIAN_POINT('',(4.214997407344,0.450001411953,0.));
#3913=CARTESIAN_POINT('',(3.97499191418,0.450001411953,0.));
#3914=CARTESIAN_POINT('',(9.225007172969,9.450001411953,0.));
#3915=CARTESIAN_POINT('',(8.985001679805,9.450001411953,0.));
#3916=CARTESIAN_POINT('',(9.464997407344,9.450001411953,0.));
#3917=CARTESIAN_POINT('',(0.909989472773,6.799999886074,0.));
#3918=CARTESIAN_POINT('',(1.390000459102,6.799999886074,0.));
#3919=CARTESIAN_POINT('',(1.149994965938,6.799999886074,0.));
#3920=CARTESIAN_POINT('',(0.925004121211,10.024998360195,0.));
#3921=CARTESIAN_POINT('',(1.40499984875,10.024998360195,0.));
#3922=CARTESIAN_POINT('',(1.164994355586,10.024998360195,0.));
#3923=CARTESIAN_POINT('',(1.149994965938,4.750004463711,0.));
#3924=CARTESIAN_POINT('',(1.390000459102,4.750004463711,0.));
#3925=CARTESIAN_POINT('',(0.910004731563,4.750004463711,0.));
#3926=CARTESIAN_POINT('',(1.149994965938,5.299999886074,0.));
#3927=CARTESIAN_POINT('',(1.390000459102,5.299999886074,0.));
#3928=CARTESIAN_POINT('',(0.910004731563,5.299999886074,0.));
#3929=CARTESIAN_POINT('',(2.84999191418,8.924999886074,0.));
#3930=CARTESIAN_POINT('',(3.089997407344,8.924999886074,0.));
#3931=CARTESIAN_POINT('',(2.610001679805,8.924999886074,0.));
#3932=CARTESIAN_POINT('',(0.,0.,0.));
#3933=CARTESIAN_POINT('',(0.,0.,0.));
#3934=CARTESIAN_POINT('',(0.,0.,0.));
#3935=CARTESIAN_POINT('',(0.,0.,0.));
#3936=CARTESIAN_POINT('',(0.,0.,0.));
#3937=CARTESIAN_POINT('',(0.,0.,0.));
#3938=CARTESIAN_POINT('',(0.,0.,0.));
#3939=CARTESIAN_POINT('',(0.,0.,0.));
#3940=CARTESIAN_POINT('',(0.,0.,0.));
#3941=CARTESIAN_POINT('',(0.,0.,0.));
#3942=CARTESIAN_POINT('',(0.,0.,0.));
#3943=CARTESIAN_POINT('',(0.,0.,0.));
#3944=CARTESIAN_POINT('',(0.,0.,0.));
#3945=CARTESIAN_POINT('',(0.,0.,0.));
#3946=CARTESIAN_POINT('',(0.,0.,0.));
#3947=CARTESIAN_POINT('',(0.,0.,0.));
#3948=CARTESIAN_POINT('',(0.,0.,0.));
#3949=CARTESIAN_POINT('',(0.,0.,0.));
#3950=CARTESIAN_POINT('',(0.,0.,0.));
#3951=CARTESIAN_POINT('',(0.,0.,0.));
#3952=CARTESIAN_POINT('',(0.,0.,0.));
#3953=CARTESIAN_POINT('',(0.,0.,0.));
#3954=CARTESIAN_POINT('',(0.,0.,0.));
#3955=CARTESIAN_POINT('',(0.,0.,0.));
#3956=CARTESIAN_POINT('',(0.,0.,0.));
#3957=CARTESIAN_POINT('',(0.,0.,0.));
#3958=CARTESIAN_POINT('',(0.,0.,0.));
#3959=CARTESIAN_POINT('',(0.,0.,0.));
#3960=CARTESIAN_POINT('',(0.,0.,0.));
#3961=CARTESIAN_POINT('',(0.,0.,0.));
#3962=CARTESIAN_POINT('',(0.,0.,0.));
#3963=CARTESIAN_POINT('',(0.,0.,0.));
#3964=CARTESIAN_POINT('',(0.,0.,0.));
#3965=CARTESIAN_POINT('',(28.819563846426,14.083002324893,0.499998986721));
#3966=CARTESIAN_POINT('',(0.,0.,0.));
#3967=CARTESIAN_POINT('',(0.,0.,0.));
#3968=CARTESIAN_POINT('',(0.,0.,0.));
#3969=CARTESIAN_POINT('',(6.942561130361,13.890001531436,0.));
#3970=CARTESIAN_POINT('',(27.235365848379,10.313513036563,0.));
#3971=CARTESIAN_POINT('',(0.,0.,0.));
#3972=CARTESIAN_POINT('',(0.,0.,0.));
#3973=CARTESIAN_POINT('',(0.,0.,0.));
#3974=CARTESIAN_POINT('',(0.,0.,0.));
#3975=CARTESIAN_POINT('',(0.,0.,0.));
#3976=CARTESIAN_POINT('',(0.,0.,0.));
#3977=CARTESIAN_POINT('',(0.,0.,0.));
#3978=CARTESIAN_POINT('',(0.,0.,0.));
#3979=CARTESIAN_POINT('',(0.,0.,0.));
#3980=CARTESIAN_POINT('',(0.,0.,0.));
#3981=CARTESIAN_POINT('',(0.,0.,0.));
#3982=CARTESIAN_POINT('',(0.,0.,0.));
#3983=CARTESIAN_POINT('',(-3.05,-2.55,0.));
#3984=CARTESIAN_POINT('',(-3.05,-2.55,0.));
#3985=CARTESIAN_POINT('',(-1.7,-2.,0.));
#3986=CARTESIAN_POINT('',(-3.05,-2.1125,0.));
#3987=CARTESIAN_POINT('',(-3.05,-0.8425,0.));
#3988=CARTESIAN_POINT('',(-3.05,0.4275,0.));
#3989=CARTESIAN_POINT('',(-3.05,1.6975,0.));
#3990=CARTESIAN_POINT('',(3.05,-1.6975,0.));
#3991=CARTESIAN_POINT('',(3.05,-0.4275,0.));
#3992=CARTESIAN_POINT('',(3.05,0.8425,0.));
#3993=CARTESIAN_POINT('',(3.05,2.1125,0.));
#3994=CARTESIAN_POINT('',(17.98929880126,11.309988256289,0.));
#3995=CARTESIAN_POINT('',(0.,0.,0.));
#3996=CARTESIAN_POINT('',(0.,0.,0.));
#3997=CARTESIAN_POINT('',(0.,0.,0.));
#3998=CARTESIAN_POINT('',(0.,0.,0.));
#3999=CARTESIAN_POINT('',(0.,0.,0.));
#4000=CARTESIAN_POINT('',(0.,0.,0.));
#4001=CARTESIAN_POINT('',(0.,0.,0.));
#4002=CARTESIAN_POINT('',(0.,0.,0.));
#4003=CARTESIAN_POINT('',(0.,0.,0.));
#4004=CARTESIAN_POINT('',(0.,0.,0.));
#4005=CARTESIAN_POINT('',(0.,0.,0.));
#4006=CARTESIAN_POINT('',(0.,0.,0.));
#4007=CARTESIAN_POINT('',(0.,0.,0.));
#4008=CARTESIAN_POINT('',(0.,0.,0.));
#4009=CARTESIAN_POINT('',(0.,0.,0.));
#4010=CARTESIAN_POINT('',(0.,0.,0.));
#4011=CARTESIAN_POINT('',(7.262267093496,4.119959112002,0.));
#4012=CARTESIAN_POINT('',(0.,0.,0.));
#4013=CARTESIAN_POINT('',(0.,0.,0.));
#4014=CARTESIAN_POINT('',(0.,0.,0.));
#4015=CARTESIAN_POINT('',(0.,0.,0.));
#4016=CARTESIAN_POINT('',(0.,0.,0.));
#4017=CARTESIAN_POINT('',(0.,0.,0.));
#4018=CARTESIAN_POINT('',(0.,0.,0.));
#4019=CARTESIAN_POINT('',(0.,0.,0.));
#4020=CARTESIAN_POINT('',(0.,0.,0.));
#4021=CARTESIAN_POINT('',(0.,0.,0.));
#4022=CARTESIAN_POINT('',(0.,0.,0.));
#4023=CARTESIAN_POINT('',(0.,0.,0.));
#4024=CARTESIAN_POINT('',(0.,0.,0.));
#4025=CARTESIAN_POINT('',(0.,0.,0.));
#4026=CARTESIAN_POINT('',(0.,0.,0.));
#4027=CARTESIAN_POINT('',(0.,0.,0.));
#4028=CARTESIAN_POINT('',(0.,0.,0.));
#4029=CARTESIAN_POINT('',(-0.8,-1.05,0.));
#4030=CARTESIAN_POINT('',(-0.8,-1.05,0.));
#4031=CARTESIAN_POINT('',(-0.8,-0.875,0.));
#4032=CARTESIAN_POINT('',(0.8,0.875,0.));
#4033=CARTESIAN_POINT('',(-0.8,-0.375,0.));
#4034=CARTESIAN_POINT('',(0.8,0.375,0.));
#4035=CARTESIAN_POINT('',(-0.8,0.125,0.));
#4036=CARTESIAN_POINT('',(0.8,-0.125,0.));
#4037=CARTESIAN_POINT('',(-0.8,0.625,0.));
#4038=CARTESIAN_POINT('',(0.8,-0.625,0.));
#4039=CARTESIAN_POINT('',(13.368304233389,5.493303533389,0.));
#4040=CARTESIAN_POINT('',(0.,0.,0.));
#4041=CARTESIAN_POINT('',(0.,0.,0.));
#4042=CARTESIAN_POINT('',(0.,0.,0.));
#4043=CARTESIAN_POINT('',(0.,0.,0.));
#4044=CARTESIAN_POINT('',(16.598303775625,6.368311162783,0.));
#4045=CARTESIAN_POINT('',(0.,0.,0.));
#4046=CARTESIAN_POINT('',(0.,0.,0.));
#4047=CARTESIAN_POINT('',(27.335387210684,11.163511510684,0.));
#4048=CARTESIAN_POINT('',(27.360335330801,4.86351608832,0.));
#4049=CARTESIAN_POINT('',(27.360335330801,9.463518377139,0.));
#4050=CARTESIAN_POINT('',(12.774973850088,3.797495122744,0.));
#4051=CARTESIAN_POINT('',(0.,0.,0.));
#4052=CARTESIAN_POINT('',(0.,0.,0.));
#4053=CARTESIAN_POINT('',(0.,0.,0.));
#4054=CARTESIAN_POINT('',(26.88500116332,13.363512273623,0.));
#4055=CARTESIAN_POINT('',(41.300002078848,2.99999832709,0.));
#4056=CARTESIAN_POINT('',(13.600001315908,14.399999852969,0.));
#4057=CARTESIAN_POINT('',(8.741381625967,4.323499914004,0.));
#4058=CARTESIAN_POINT('',(15.824999790029,3.797498937441,0.));
#4059=CARTESIAN_POINT('',(15.059306125479,5.828302617861,0.));
#4060=CARTESIAN_POINT('',(0.,0.,0.));
#4061=CARTESIAN_POINT('',(0.,0.,0.));
#4062=CARTESIAN_POINT('',(0.,0.,0.));
#4063=CARTESIAN_POINT('',(0.,0.,0.));
#4064=CARTESIAN_POINT('',(26.885359744863,12.213514562441,0.));
#4065=CARTESIAN_POINT('',(9.939993839102,4.692003484561,0.));
#4066=CARTESIAN_POINT('',(13.898306827383,8.748308416201,0.));
#4067=CARTESIAN_POINT('',(13.898306827383,7.368307348086,0.));
#4068=CARTESIAN_POINT('',(11.319998721914,4.691999669863,0.));
#4069=CARTESIAN_POINT('',(0.,0.,0.));
#4070=CARTESIAN_POINT('',(0.,0.,0.));
#4071=CARTESIAN_POINT('',(0.,0.,0.));
#4072=CARTESIAN_POINT('',(0.,0.,0.));
#4073=CARTESIAN_POINT('',(0.,0.,0.));
#4074=CARTESIAN_POINT('',(0.,0.,0.));
#4075=CARTESIAN_POINT('',(0.,0.,0.));
#4076=CARTESIAN_POINT('',(0.,0.,0.));
#4077=CARTESIAN_POINT('',(0.,0.,0.));
#4078=CARTESIAN_POINT('',(-1.5,-1.,0.));
#4079=CARTESIAN_POINT('',(-1.85,-0.425,0.));
#4080=CARTESIAN_POINT('',(1.85,0.425,0.));
#4081=CARTESIAN_POINT('',(3.99999896709,2.000000874438,0.));
#4082=CARTESIAN_POINT('',(15.600001315908,7.67499756415,0.));
#4083=CARTESIAN_POINT('',(0.,0.,0.));
#4084=CARTESIAN_POINT('',(0.,0.,0.));
#4085=CARTESIAN_POINT('',(0.,0.,0.));
#4086=CARTESIAN_POINT('',(10.524474124746,13.964998479678,0.));
#4087=CARTESIAN_POINT('',(9.904475192861,13.964998479678,0.));
#4088=CARTESIAN_POINT('',(11.144473056631,13.964998479678,0.));
#4089=CARTESIAN_POINT('',(7.361884097891,5.690035100771,0.));
#4090=CARTESIAN_POINT('',(3.290537814932,3.29003738959,0.));
#4091=CARTESIAN_POINT('',(7.361884097891,6.389959569766,0.));
#4092=CARTESIAN_POINT('',(7.358279208975,7.045336004092,0.));
#4093=CARTESIAN_POINT('',(38.180586795645,14.579962011172,0.));
#4094=CARTESIAN_POINT('',(18.581553439932,6.707201238467,0.));
#4095=CARTESIAN_POINT('',(18.581553439932,5.507284398867,0.));
#4096=CARTESIAN_POINT('',(18.581553439932,7.307199712588,0.));
#4097=CARTESIAN_POINT('',(18.581561069326,4.307291265322,0.));
#4098=CARTESIAN_POINT('',(18.581553439932,6.107202764346,0.));
#4099=CARTESIAN_POINT('',(18.581561069326,4.907289739443,0.));
#4100=CARTESIAN_POINT('',(8.664473514395,13.964998479678,0.));
#4101=CARTESIAN_POINT('',(11.764471988516,13.964998479678,0.));
#4102=CARTESIAN_POINT('',(3.290045718984,14.490038152529,0.));
#4103=CARTESIAN_POINT('',(14.224997501211,3.797533269717,0.));
#4104=CARTESIAN_POINT('',(15.234305362539,4.593340154482,0.));
#4105=CARTESIAN_POINT('',(9.284476260977,13.964998479678,0.));
#4106=CARTESIAN_POINT('',(8.04447458251,13.964998479678,0.));
#4107=CARTESIAN_POINT('',(0.,0.,0.));
#4108=CARTESIAN_POINT('',(0.,0.,0.));
#4109=CARTESIAN_POINT('',(10.79426477416,12.440019841982,0.));
#4110=CARTESIAN_POINT('',(0.,0.,0.));
#4111=CARTESIAN_POINT('',(0.,0.,0.));
#4112=CARTESIAN_POINT('',(1.400042514639,3.04999756415,0.));
#4113=CARTESIAN_POINT('',(1.399996738271,14.730001684023,0.));
#4114=CARTESIAN_POINT('',(0.,0.,0.));
#4115=CARTESIAN_POINT('',(0.,0.,0.));
#4116=CARTESIAN_POINT('',(0.,0.,0.));
#4117=CARTESIAN_POINT('',(30.337965946035,1.26997589667,0.));
#4118=CARTESIAN_POINT('',(12.688868503408,1.269926305605,0.));
#4119=CARTESIAN_POINT('',(12.688868503408,16.509927984072,0.));
#4120=CARTESIAN_POINT('',(30.337965946035,16.509981389834,0.));
#4121=CARTESIAN_POINT('',(0.,0.,0.));
#4122=CARTESIAN_POINT('',(0.,0.,0.));
#4123=CARTESIAN_POINT('',(10.794318179922,8.889986272646,0.));
#4124=CARTESIAN_POINT('',(0.,0.,0.));
#4125=CARTESIAN_POINT('',(0.,0.,0.));
#4126=CARTESIAN_POINT('',(0.,0.,0.));
#4127=CARTESIAN_POINT('',(0.250000352778,-4.650000354574,1.280000354607));
#4128=CARTESIAN_POINT('',(3.638045291738,8.890001531436,0.309999376535));
#4129=CARTESIAN_POINT('',(0.,0.,0.));
#4130=CARTESIAN_POINT('',(0.,0.,0.));
#4131=CARTESIAN_POINT('',(7.487921695547,9.090006109072,0.));
#4132=CARTESIAN_POINT('',(0.,0.,0.));
#4133=CARTESIAN_POINT('',(0.,0.,0.));
#4134=CARTESIAN_POINT('',(7.982970218496,12.059900518252,0.));
#4135=CARTESIAN_POINT('Ctrl Pts',(-5.00000064820051,21.9999997317791,11.0000000819564));
#4136=CARTESIAN_POINT('Ctrl Pts',(-5.00000064820051,21.9999997317791,15.0000000819564));
#4137=CARTESIAN_POINT('Ctrl Pts',(-5.45900825515077,21.9999997317791,11.0000000819564));
#4138=CARTESIAN_POINT('Ctrl Pts',(-5.45900825515077,21.9999997317791,15.0000000819564));
#4139=CARTESIAN_POINT('Ctrl Pts',(-5.74618020255833,21.9806508429685,11.0000000819564));
#4140=CARTESIAN_POINT('Ctrl Pts',(-5.74618020255833,21.9806508429685,15.0000000819564));
#4141=CARTESIAN_POINT('Ctrl Pts',(-6.04938900216988,21.9122748206029,11.0000000819564));
#4142=CARTESIAN_POINT('Ctrl Pts',(-6.04938900216988,21.9122748206029,15.0000000819564));
#4143=CARTESIAN_POINT('Ctrl Pts',(-6.13271242944254,21.8797361059361,11.0000000819564));
#4144=CARTESIAN_POINT('Ctrl Pts',(-6.13271242944254,21.8797361059361,15.0000000819564));
#4145=CARTESIAN_POINT('Ctrl Pts',(-6.25234582654652,21.8016003850578,11.0000000819564));
#4146=CARTESIAN_POINT('Ctrl Pts',(-6.25234582654652,21.8016003850578,15.0000000819564));
#4147=CARTESIAN_POINT('Ctrl Pts',(-6.29585682563888,21.7590040258154,11.0000000819564));
#4148=CARTESIAN_POINT('Ctrl Pts',(-6.29585682563888,21.7590040258154,15.0000000819564));
#4149=CARTESIAN_POINT('Ctrl Pts',(-6.36906939077514,21.6510051992829,11.0000000819564));
#4150=CARTESIAN_POINT('Ctrl Pts',(-6.36906939077514,21.6510051992829,15.0000000819564));
#4151=CARTESIAN_POINT('Ctrl Pts',(-6.3986145856028,21.5837216989183,11.0000000819564));
#4152=CARTESIAN_POINT('Ctrl Pts',(-6.3986145856028,21.5837216989183,15.0000000819564));
#4153=CARTESIAN_POINT('Ctrl Pts',(-6.47662558394896,21.3037327493239,11.0000000819564));
#4154=CARTESIAN_POINT('Ctrl Pts',(-6.47662558394896,21.3037327493239,15.0000000819564));
#4155=CARTESIAN_POINT('Ctrl Pts',(-6.50000044502105,21.0045044636902,11.0000000819564));
#4156=CARTESIAN_POINT('Ctrl Pts',(-6.50000044502105,21.0045044636902,15.0000000819564));
#4157=CARTESIAN_POINT('Ctrl Pts',(-6.50000067055226,20.4999997094277,11.0000000819564));
#4158=CARTESIAN_POINT('Ctrl Pts',(-6.50000067055226,20.4999997094277,15.0000000819564));
#4159=CARTESIAN_POINT('',(-5.00000064820051,21.9999997317791,10.9999997094274));
#4160=CARTESIAN_POINT('',(-6.5,20.4999997094274,10.9999997094274));
#4161=CARTESIAN_POINT('Ctrl Pts',(-5.00000064820051,21.9999997317791,11.0000000819564));
#4162=CARTESIAN_POINT('Ctrl Pts',(-5.45900825515077,21.9999997317791,11.0000000819564));
#4163=CARTESIAN_POINT('Ctrl Pts',(-5.74618020255833,21.9806508429685,11.0000000819564));
#4164=CARTESIAN_POINT('Ctrl Pts',(-6.04938900216988,21.9122748206029,11.0000000819564));
#4165=CARTESIAN_POINT('Ctrl Pts',(-6.13271242944254,21.8797361059361,11.0000000819564));
#4166=CARTESIAN_POINT('Ctrl Pts',(-6.25234582654652,21.8016003850578,11.0000000819564));
#4167=CARTESIAN_POINT('Ctrl Pts',(-6.29585682563888,21.7590040258154,11.0000000819564));
#4168=CARTESIAN_POINT('Ctrl Pts',(-6.36906939077514,21.6510051992829,11.0000000819564));
#4169=CARTESIAN_POINT('Ctrl Pts',(-6.3986145856028,21.5837216989183,11.0000000819564));
#4170=CARTESIAN_POINT('Ctrl Pts',(-6.47662558394896,21.3037327493239,11.0000000819564));
#4171=CARTESIAN_POINT('Ctrl Pts',(-6.50000044502105,21.0045044636902,11.0000000819564));
#4172=CARTESIAN_POINT('Ctrl Pts',(-6.50000067055226,20.4999997094277,11.0000000819564));
#4173=CARTESIAN_POINT('',(-6.5,20.4999997094274,14.9999997094274));
#4174=CARTESIAN_POINT('',(-6.5,20.4999997094274,10.9999997094274));
#4175=CARTESIAN_POINT('',(-5.00000064820051,21.9999997317791,14.9999997094274));
#4176=CARTESIAN_POINT('Ctrl Pts',(-5.00000064820051,21.9999997317791,15.0000000819564));
#4177=CARTESIAN_POINT('Ctrl Pts',(-5.45900825515077,21.9999997317791,15.0000000819564));
#4178=CARTESIAN_POINT('Ctrl Pts',(-5.74618020255833,21.9806508429685,15.0000000819564));
#4179=CARTESIAN_POINT('Ctrl Pts',(-6.04938900216988,21.9122748206029,15.0000000819564));
#4180=CARTESIAN_POINT('Ctrl Pts',(-6.13271242944254,21.8797361059361,15.0000000819564));
#4181=CARTESIAN_POINT('Ctrl Pts',(-6.25234582654652,21.8016003850578,15.0000000819564));
#4182=CARTESIAN_POINT('Ctrl Pts',(-6.29585682563888,21.7590040258154,15.0000000819564));
#4183=CARTESIAN_POINT('Ctrl Pts',(-6.36906939077514,21.6510051992829,15.0000000819564));
#4184=CARTESIAN_POINT('Ctrl Pts',(-6.3986145856028,21.5837216989183,15.0000000819564));
#4185=CARTESIAN_POINT('Ctrl Pts',(-6.47662558394896,21.3037327493239,15.0000000819564));
#4186=CARTESIAN_POINT('Ctrl Pts',(-6.50000044502105,21.0045044636902,15.0000000819564));
#4187=CARTESIAN_POINT('Ctrl Pts',(-6.50000067055226,20.4999997094277,15.0000000819564));
#4188=CARTESIAN_POINT('',(-5.00000064820051,21.9999997317791,10.9999997094274));
#4189=CARTESIAN_POINT('Ctrl Pts',(40.0000000223517,20.4999997094274,11.0000000819564));
#4190=CARTESIAN_POINT('Ctrl Pts',(40.0000000223517,20.4999997094274,15.0000000819564));
#4191=CARTESIAN_POINT('Ctrl Pts',(40.000000015512,20.9590075288877,11.0000000819564));
#4192=CARTESIAN_POINT('Ctrl Pts',(40.000000015512,20.9590075288877,15.0000000819564));
#4193=CARTESIAN_POINT('Ctrl Pts',(39.9806511220942,21.2461795979541,11.0000000819564));
#4194=CARTESIAN_POINT('Ctrl Pts',(39.9806511220942,21.2461795979541,15.0000000819564));
#4195=CARTESIAN_POINT('Ctrl Pts',(39.9122750985198,21.5493884822798,11.0000000819564));
#4196=CARTESIAN_POINT('Ctrl Pts',(39.9122750985198,21.5493884822798,15.0000000819564));
#4197=CARTESIAN_POINT('Ctrl Pts',(39.8797363900872,21.6327119195704,11.0000000819564));
#4198=CARTESIAN_POINT('Ctrl Pts',(39.8797363900872,21.6327119195704,15.0000000819564));
#4199=CARTESIAN_POINT('Ctrl Pts',(39.8016007030932,21.7523453012146,11.0000000819564));
#4200=CARTESIAN_POINT('Ctrl Pts',(39.8016007030932,21.7523453012146,15.0000000819564));
#4201=CARTESIAN_POINT('Ctrl Pts',(39.7590043710616,21.7958562926394,11.0000000819564));
#4202=CARTESIAN_POINT('Ctrl Pts',(39.7590043710616,21.7958562926394,15.0000000819564));
#4203=CARTESIAN_POINT('Ctrl Pts',(39.6510056291688,21.8690688222123,11.0000000819564));
#4204=CARTESIAN_POINT('Ctrl Pts',(39.6510056291688,21.8690688222123,15.0000000819564));
#4205=CARTESIAN_POINT('Ctrl Pts',(39.5837222079215,21.8986139911679,11.0000000819564));
#4206=CARTESIAN_POINT('Ctrl Pts',(39.5837222079215,21.8986139911679,15.0000000819564));
#4207=CARTESIAN_POINT('Ctrl Pts',(39.3037333737653,21.9766249681102,11.0000000819564));
#4208=CARTESIAN_POINT('Ctrl Pts',(39.3037333737653,21.9766249681102,15.0000000819564));
#4209=CARTESIAN_POINT('Ctrl Pts',(39.0045050263807,21.9999997317791,11.0000000819564));
#4210=CARTESIAN_POINT('Ctrl Pts',(39.0045050263807,21.9999997317791,15.0000000819564));
#4211=CARTESIAN_POINT('Ctrl Pts',(38.5,21.9999997317791,11.0000000819564));
#4212=CARTESIAN_POINT('Ctrl Pts',(38.5,21.9999997317791,15.0000000819564));
#4213=CARTESIAN_POINT('',(40.,20.4999997094274,11.0000000819564));
#4214=CARTESIAN_POINT('',(38.5,21.9999997317791,10.9999997094274));
#4215=CARTESIAN_POINT('Ctrl Pts',(40.0000000223517,20.4999997094274,11.0000000819564));
#4216=CARTESIAN_POINT('Ctrl Pts',(40.000000015512,20.9590075288877,11.0000000819564));
#4217=CARTESIAN_POINT('Ctrl Pts',(39.9806511220942,21.2461795979541,11.0000000819564));
#4218=CARTESIAN_POINT('Ctrl Pts',(39.9122750985198,21.5493884822798,11.0000000819564));
#4219=CARTESIAN_POINT('Ctrl Pts',(39.8797363900872,21.6327119195704,11.0000000819564));
#4220=CARTESIAN_POINT('Ctrl Pts',(39.8016007030932,21.7523453012146,11.0000000819564));
#4221=CARTESIAN_POINT('Ctrl Pts',(39.7590043710616,21.7958562926394,11.0000000819564));
#4222=CARTESIAN_POINT('Ctrl Pts',(39.6510056291688,21.8690688222123,11.0000000819564));
#4223=CARTESIAN_POINT('Ctrl Pts',(39.5837222079215,21.8986139911679,11.0000000819564));
#4224=CARTESIAN_POINT('Ctrl Pts',(39.3037333737653,21.9766249681102,11.0000000819564));
#4225=CARTESIAN_POINT('Ctrl Pts',(39.0045050263807,21.9999997317791,11.0000000819564));
#4226=CARTESIAN_POINT('Ctrl Pts',(38.5,21.9999997317791,11.0000000819564));
#4227=CARTESIAN_POINT('',(38.5,21.9999997317791,14.9999997094274));
#4228=CARTESIAN_POINT('',(38.5,21.9999997317791,10.9999997094274));
#4229=CARTESIAN_POINT('',(40.,20.4999997094274,15.0000000819564));
#4230=CARTESIAN_POINT('Ctrl Pts',(40.0000000223517,20.4999997094274,15.0000000819564));
#4231=CARTESIAN_POINT('Ctrl Pts',(40.000000015512,20.9590075288877,15.0000000819564));
#4232=CARTESIAN_POINT('Ctrl Pts',(39.9806511220942,21.2461795979541,15.0000000819564));
#4233=CARTESIAN_POINT('Ctrl Pts',(39.9122750985198,21.5493884822798,15.0000000819564));
#4234=CARTESIAN_POINT('Ctrl Pts',(39.8797363900872,21.6327119195704,15.0000000819564));
#4235=CARTESIAN_POINT('Ctrl Pts',(39.8016007030932,21.7523453012146,15.0000000819564));
#4236=CARTESIAN_POINT('Ctrl Pts',(39.7590043710616,21.7958562926394,15.0000000819564));
#4237=CARTESIAN_POINT('Ctrl Pts',(39.6510056291688,21.8690688222123,15.0000000819564));
#4238=CARTESIAN_POINT('Ctrl Pts',(39.5837222079215,21.8986139911679,15.0000000819564));
#4239=CARTESIAN_POINT('Ctrl Pts',(39.3037333737653,21.9766249681102,15.0000000819564));
#4240=CARTESIAN_POINT('Ctrl Pts',(39.0045050263807,21.9999997317791,15.0000000819564));
#4241=CARTESIAN_POINT('Ctrl Pts',(38.5,21.9999997317791,15.0000000819564));
#4242=CARTESIAN_POINT('',(40.,20.4999997094274,11.0000000819564));
#4243=CARTESIAN_POINT('Ctrl Pts',(38.5,-5.96046447826548E-7,11.0000000819564));
#4244=CARTESIAN_POINT('Ctrl Pts',(38.5,-5.96046447826548E-7,15.0000000819564));
#4245=CARTESIAN_POINT('Ctrl Pts',(38.9590078054958,-5.9604644780903E-7,
11.0000000819564));
#4246=CARTESIAN_POINT('Ctrl Pts',(38.9590078054958,-5.9604644780903E-7,
15.0000000819564));
#4247=CARTESIAN_POINT('Ctrl Pts',(39.2461798685158,0.0193482927798616,11.0000000819564));
#4248=CARTESIAN_POINT('Ctrl Pts',(39.2461798685158,0.0193482927798616,15.0000000819564));
#4249=CARTESIAN_POINT('Ctrl Pts',(39.5493887505599,0.0877243108503434,11.0000000819564));
#4250=CARTESIAN_POINT('Ctrl Pts',(39.5493887505599,0.0877243108503434,15.0000000819564));
#4251=CARTESIAN_POINT('Ctrl Pts',(39.632712188289,0.120263017990769,11.0000000819564));
#4252=CARTESIAN_POINT('Ctrl Pts',(39.632712188289,0.120263017990769,15.0000000819564));
#4253=CARTESIAN_POINT('Ctrl Pts',(39.7523455710688,0.198398703204492,11.0000000819564));
#4254=CARTESIAN_POINT('Ctrl Pts',(39.7523455710688,0.198398703204492,15.0000000819564));
#4255=CARTESIAN_POINT('Ctrl Pts',(39.7958565631006,0.240995034603495,11.0000000819564));
#4256=CARTESIAN_POINT('Ctrl Pts',(39.7958565631006,0.240995034603495,15.0000000819564));
#4257=CARTESIAN_POINT('Ctrl Pts',(39.869069094285,0.348993775434598,11.0000000819564));
#4258=CARTESIAN_POINT('Ctrl Pts',(39.869069094285,0.348993775434598,15.0000000819564));
#4259=CARTESIAN_POINT('Ctrl Pts',(39.8986142642856,0.416277196300876,11.0000000819564));
#4260=CARTESIAN_POINT('Ctrl Pts',(39.8986142642856,0.416277196300876,15.0000000819564));
#4261=CARTESIAN_POINT('Ctrl Pts',(39.9766252464101,0.696266032320092,11.0000000819564));
#4262=CARTESIAN_POINT('Ctrl Pts',(39.9766252464101,0.696266032320092,15.0000000819564));
#4263=CARTESIAN_POINT('Ctrl Pts',(40.000000014834,0.995494385452935,11.0000000819564));
#4264=CARTESIAN_POINT('Ctrl Pts',(40.000000014834,0.995494385452935,15.0000000819564));
#4265=CARTESIAN_POINT('Ctrl Pts',(40.0000000223517,1.49999942630529,11.0000000819564));
#4266=CARTESIAN_POINT('Ctrl Pts',(40.0000000223517,1.49999942630529,15.0000000819564));
#4267=CARTESIAN_POINT('',(38.5,-5.96046447753906E-7,11.0000000819564));
#4268=CARTESIAN_POINT('',(40.,1.49999942630529,11.0000000819564));
#4269=CARTESIAN_POINT('Ctrl Pts',(38.5,-5.96046447826548E-7,11.0000000819564));
#4270=CARTESIAN_POINT('Ctrl Pts',(38.9590078054958,-5.9604644780903E-7,
11.0000000819564));
#4271=CARTESIAN_POINT('Ctrl Pts',(39.2461798685158,0.0193482927798616,11.0000000819564));
#4272=CARTESIAN_POINT('Ctrl Pts',(39.5493887505599,0.0877243108503434,11.0000000819564));
#4273=CARTESIAN_POINT('Ctrl Pts',(39.632712188289,0.120263017990769,11.0000000819564));
#4274=CARTESIAN_POINT('Ctrl Pts',(39.7523455710688,0.198398703204492,11.0000000819564));
#4275=CARTESIAN_POINT('Ctrl Pts',(39.7958565631006,0.240995034603495,11.0000000819564));
#4276=CARTESIAN_POINT('Ctrl Pts',(39.869069094285,0.348993775434598,11.0000000819564));
#4277=CARTESIAN_POINT('Ctrl Pts',(39.8986142642856,0.416277196300876,11.0000000819564));
#4278=CARTESIAN_POINT('Ctrl Pts',(39.9766252464101,0.696266032320092,11.0000000819564));
#4279=CARTESIAN_POINT('Ctrl Pts',(40.000000014834,0.995494385452935,11.0000000819564));
#4280=CARTESIAN_POINT('Ctrl Pts',(40.0000000223517,1.49999942630529,11.0000000819564));
#4281=CARTESIAN_POINT('',(40.,1.49999942630529,15.0000000819564));
#4282=CARTESIAN_POINT('',(40.,1.49999942630529,11.0000000819564));
#4283=CARTESIAN_POINT('',(38.5,-5.96046447753906E-7,15.0000000819564));
#4284=CARTESIAN_POINT('Ctrl Pts',(38.5,-5.96046447826548E-7,15.0000000819564));
#4285=CARTESIAN_POINT('Ctrl Pts',(38.9590078054958,-5.9604644780903E-7,
15.0000000819564));
#4286=CARTESIAN_POINT('Ctrl Pts',(39.2461798685158,0.0193482927798616,15.0000000819564));
#4287=CARTESIAN_POINT('Ctrl Pts',(39.5493887505599,0.0877243108503434,15.0000000819564));
#4288=CARTESIAN_POINT('Ctrl Pts',(39.632712188289,0.120263017990769,15.0000000819564));
#4289=CARTESIAN_POINT('Ctrl Pts',(39.7523455710688,0.198398703204492,15.0000000819564));
#4290=CARTESIAN_POINT('Ctrl Pts',(39.7958565631006,0.240995034603495,15.0000000819564));
#4291=CARTESIAN_POINT('Ctrl Pts',(39.869069094285,0.348993775434598,15.0000000819564));
#4292=CARTESIAN_POINT('Ctrl Pts',(39.8986142642856,0.416277196300876,15.0000000819564));
#4293=CARTESIAN_POINT('Ctrl Pts',(39.9766252464101,0.696266032320092,15.0000000819564));
#4294=CARTESIAN_POINT('Ctrl Pts',(40.000000014834,0.995494385452935,15.0000000819564));
#4295=CARTESIAN_POINT('Ctrl Pts',(40.0000000223517,1.49999942630529,15.0000000819564));
#4296=CARTESIAN_POINT('',(38.5,-5.96046447753906E-7,11.0000000819564));
#4297=CARTESIAN_POINT('Ctrl Pts',(-6.50000067055226,1.49999942630499,11.0000000819564));
#4298=CARTESIAN_POINT('Ctrl Pts',(-6.50000067055226,1.49999942630499,15.0000000819564));
#4299=CARTESIAN_POINT('Ctrl Pts',(-6.50000046535967,1.04099140042678,11.0000000819564));
#4300=CARTESIAN_POINT('Ctrl Pts',(-6.50000046535967,1.04099140042678,15.0000000819564));
#4301=CARTESIAN_POINT('Ctrl Pts',(-6.48065143880609,0.753819271622764,11.0000000819564));
#4302=CARTESIAN_POINT('Ctrl Pts',(-6.48065143880609,0.753819271622764,15.0000000819564));
#4303=CARTESIAN_POINT('Ctrl Pts',(-6.41227525132552,0.45061040357929,11.0000000819564));
#4304=CARTESIAN_POINT('Ctrl Pts',(-6.41227525132552,0.45061040357929,15.0000000819564));
#4305=CARTESIAN_POINT('Ctrl Pts',(-6.37973649789555,0.367286989453368,11.0000000819564));
#4306=CARTESIAN_POINT('Ctrl Pts',(-6.37973649789555,0.367286989453368,15.0000000819564));
#4307=CARTESIAN_POINT('Ctrl Pts',(-6.30160072360171,0.247653626405544,11.0000000819564));
#4308=CARTESIAN_POINT('Ctrl Pts',(-6.30160072360171,0.247653626405544,15.0000000819564));
#4309=CARTESIAN_POINT('Ctrl Pts',(-6.25900434538249,0.204142645524725,11.0000000819564));
#4310=CARTESIAN_POINT('Ctrl Pts',(-6.25900434538249,0.204142645524725,15.0000000819564));
#4311=CARTESIAN_POINT('Ctrl Pts',(-6.15100548697706,0.130930128719027,11.0000000819564));
#4312=CARTESIAN_POINT('Ctrl Pts',(-6.15100548697706,0.130930128719027,15.0000000819564));
#4313=CARTESIAN_POINT('Ctrl Pts',(-6.08372197516946,0.101384965247173,11.0000000819564));
#4314=CARTESIAN_POINT('Ctrl Pts',(-6.08372197516946,0.101384965247173,15.0000000819564));
#4315=CARTESIAN_POINT('Ctrl Pts',(-5.80373308150236,0.0233741223778905,
11.0000000819564));
#4316=CARTESIAN_POINT('Ctrl Pts',(-5.80373308150236,0.0233741223778905,
15.0000000819564));
#4317=CARTESIAN_POINT('Ctrl Pts',(-5.5045049683178,-5.96046447761836E-7,
11.0000000819564));
#4318=CARTESIAN_POINT('Ctrl Pts',(-5.5045049683178,-5.96046447761836E-7,
15.0000000819564));
#4319=CARTESIAN_POINT('Ctrl Pts',(-5.00000064820051,-5.96046447732222E-7,
11.0000000819564));
#4320=CARTESIAN_POINT('Ctrl Pts',(-5.00000064820051,-5.96046447732222E-7,
15.0000000819564));
#4321=CARTESIAN_POINT('',(-6.5,1.49999942630529,11.0000000819564));
#4322=CARTESIAN_POINT('',(-5.00000064820051,-5.96046447753906E-7,11.0000000819564));
#4323=CARTESIAN_POINT('Ctrl Pts',(-6.50000067055226,1.49999942630499,11.0000000819564));
#4324=CARTESIAN_POINT('Ctrl Pts',(-6.50000046535967,1.04099140042678,11.0000000819564));
#4325=CARTESIAN_POINT('Ctrl Pts',(-6.48065143880609,0.753819271622764,11.0000000819564));
#4326=CARTESIAN_POINT('Ctrl Pts',(-6.41227525132552,0.45061040357929,11.0000000819564));
#4327=CARTESIAN_POINT('Ctrl Pts',(-6.37973649789555,0.367286989453368,11.0000000819564));
#4328=CARTESIAN_POINT('Ctrl Pts',(-6.30160072360171,0.247653626405544,11.0000000819564));
#4329=CARTESIAN_POINT('Ctrl Pts',(-6.25900434538249,0.204142645524725,11.0000000819564));
#4330=CARTESIAN_POINT('Ctrl Pts',(-6.15100548697706,0.130930128719027,11.0000000819564));
#4331=CARTESIAN_POINT('Ctrl Pts',(-6.08372197516946,0.101384965247173,11.0000000819564));
#4332=CARTESIAN_POINT('Ctrl Pts',(-5.80373308150236,0.0233741223778905,
11.0000000819564));
#4333=CARTESIAN_POINT('Ctrl Pts',(-5.5045049683178,-5.96046447761836E-7,
11.0000000819564));
#4334=CARTESIAN_POINT('Ctrl Pts',(-5.00000064820051,-5.96046447732222E-7,
11.0000000819564));
#4335=CARTESIAN_POINT('',(-5.00000064820051,-5.96046447753906E-7,15.0000000819564));
#4336=CARTESIAN_POINT('',(-5.00000064820051,-5.96046447753906E-7,11.0000000819564));
#4337=CARTESIAN_POINT('',(-6.5,1.49999942630529,15.0000000819564));
#4338=CARTESIAN_POINT('Ctrl Pts',(-6.50000067055226,1.49999942630499,15.0000000819564));
#4339=CARTESIAN_POINT('Ctrl Pts',(-6.50000046535967,1.04099140042678,15.0000000819564));
#4340=CARTESIAN_POINT('Ctrl Pts',(-6.48065143880609,0.753819271622764,15.0000000819564));
#4341=CARTESIAN_POINT('Ctrl Pts',(-6.41227525132552,0.45061040357929,15.0000000819564));
#4342=CARTESIAN_POINT('Ctrl Pts',(-6.37973649789555,0.367286989453368,15.0000000819564));
#4343=CARTESIAN_POINT('Ctrl Pts',(-6.30160072360171,0.247653626405544,15.0000000819564));
#4344=CARTESIAN_POINT('Ctrl Pts',(-6.25900434538249,0.204142645524725,15.0000000819564));
#4345=CARTESIAN_POINT('Ctrl Pts',(-6.15100548697706,0.130930128719027,15.0000000819564));
#4346=CARTESIAN_POINT('Ctrl Pts',(-6.08372197516946,0.101384965247173,15.0000000819564));
#4347=CARTESIAN_POINT('Ctrl Pts',(-5.80373308150236,0.0233741223778905,
15.0000000819564));
#4348=CARTESIAN_POINT('Ctrl Pts',(-5.5045049683178,-5.96046447761836E-7,
15.0000000819564));
#4349=CARTESIAN_POINT('Ctrl Pts',(-5.00000064820051,-5.96046447732222E-7,
15.0000000819564));
#4350=CARTESIAN_POINT('',(-6.5,1.49999942630529,11.0000000819564));
#4351=CARTESIAN_POINT('Origin',(38.5,19.9999999701977,15.0000000819564));
#4352=CARTESIAN_POINT('',(-6.5,-5.96046447753906E-7,15.0000000819564));
#4353=CARTESIAN_POINT('',(38.5,-5.96046447753906E-7,15.0000000819564));
#4354=CARTESIAN_POINT('',(40.,10.4999996945262,15.0000000819564));
#4355=CARTESIAN_POINT('',(38.5,21.9999997317791,14.9999997094274));
#4356=CARTESIAN_POINT('',(38.5,0.999999701976778,15.0000000819564));
#4357=CARTESIAN_POINT('',(-6.00000065565109,0.999999433755875,14.9999999329448));
#4358=CARTESIAN_POINT('',(16.4999996721745,0.999999433755874,15.0000000819564));
#4359=CARTESIAN_POINT('',(-6.00000065565109,20.9999997019768,14.9999999329448));
#4360=CARTESIAN_POINT('',(-6.00000065565109,10.9999997019768,15.0000000819564));
#4361=CARTESIAN_POINT('',(38.5,20.9999999701977,15.0000000819564));
#4362=CARTESIAN_POINT('',(16.4999996721745,21.0000004470348,15.0000000819564));
#4363=CARTESIAN_POINT('',(38.5,19.9999999701977,15.0000000819564));
#4364=CARTESIAN_POINT('Origin',(-6.00000065565109,1.99999943375587,0.999999932944774));
#4365=CARTESIAN_POINT('',(-6.00000065565109,21.0000004470348,-2.50000011920929));
#4366=CARTESIAN_POINT('',(-6.00000065565109,0.999999433755875,-2.50000011920929));
#4367=CARTESIAN_POINT('',(-6.00000065565109,1.74999943003058,-2.50000011920929));
#4368=CARTESIAN_POINT('',(-6.00000065565109,21.0000004470348,-1.50000010430813));
#4369=CARTESIAN_POINT('',(-6.00000065565109,0.999999433755875,10.9999999329448));
#4370=CARTESIAN_POINT('Origin',(38.5,21.0000004470348,-4.00000014156103));
#4371=CARTESIAN_POINT('',(38.5,20.9999999701977,-2.50000011920928));
#4372=CARTESIAN_POINT('',(-5.50000065565109,21.0000004470348,-2.50000011920929));
#4373=CARTESIAN_POINT('',(38.5,20.9999999701977,0.99999993294478));
#4374=CARTESIAN_POINT('Origin',(38.5,0.999999701976778,11.0000000819564));
#4375=CARTESIAN_POINT('',(38.5,0.999999701976778,-2.50000011920928));
#4376=CARTESIAN_POINT('',(39.25,0.999999433755875,-2.50000011920928));
#4377=CARTESIAN_POINT('',(38.5,0.999999701976778,11.0000000819564));
#4378=CARTESIAN_POINT('Origin',(39.,10.9999998360872,-2.00000006705522));
#4379=CARTESIAN_POINT('',(38.5,14.9000001586974,-2.));
#4380=CARTESIAN_POINT('',(38.5,6.85000033862889,-2.));
#4381=CARTESIAN_POINT('',(38.5,12.9999997317791,-2.00000006705522));
#4382=CARTESIAN_POINT('',(40.,6.85000033862889,-2.));
#4383=CARTESIAN_POINT('',(39.5,6.85000033862889,-2.));
#4384=CARTESIAN_POINT('',(40.,14.9000001586974,-2.));
#4385=CARTESIAN_POINT('',(40.,1.99999970197678,-2.00000006705522));
#4386=CARTESIAN_POINT('',(39.5,14.9000001586974,-2.));
#4387=CARTESIAN_POINT('Origin',(38.5,10.9999998360872,6.00000000745059));
#4388=CARTESIAN_POINT('',(38.5,6.24999963119626,-2.50000011920928));
#4389=CARTESIAN_POINT('',(38.5,15.5000001452863,-1.40000001341104));
#4390=CARTESIAN_POINT('Ctrl Pts',(38.5,14.9000001586974,-2.));
#4391=CARTESIAN_POINT('Ctrl Pts',(38.5,15.4000001475215,-1.90000000223517));
#4392=CARTESIAN_POINT('Ctrl Pts',(38.5,15.5000001452863,-1.40000001341104));
#4393=CARTESIAN_POINT('',(38.5,15.5000001452863,0.399999946355825));
#4394=CARTESIAN_POINT('',(38.5,15.4999999031425,1.99999994784594));
#4395=CARTESIAN_POINT('',(38.5,14.9000001586974,0.99999993294478));
#4396=CARTESIAN_POINT('Ctrl Pts',(38.5,15.5000001452863,0.399999946355825));
#4397=CARTESIAN_POINT('Ctrl Pts',(38.5,15.4000001475215,0.899999935179954));
#4398=CARTESIAN_POINT('Ctrl Pts',(38.5,14.9000001586974,0.99999993294478));
#4399=CARTESIAN_POINT('',(38.5,6.85000033862889,0.99999993294478));
#4400=CARTESIAN_POINT('',(38.5,13.2499998696148,0.99999993294478));
#4401=CARTESIAN_POINT('',(38.5,6.55000034533441,0.649999940767889));
#4402=CARTESIAN_POINT('Ctrl Pts',(38.5,6.85000033862889,0.99999993294478));
#4403=CARTESIAN_POINT('Ctrl Pts',(38.5,6.60000034421683,0.949999934062367));
#4404=CARTESIAN_POINT('Ctrl Pts',(38.5,6.55000034533441,0.649999940767889));
#4405=CARTESIAN_POINT('',(38.5,6.55000034533441,-1.6500000078231));
#4406=CARTESIAN_POINT('',(38.5,6.54999990314245,3.49999997019768));
#4407=CARTESIAN_POINT('Ctrl Pts',(38.5,6.55000034533441,-1.6500000078231));
#4408=CARTESIAN_POINT('Ctrl Pts',(38.5,6.60000034421683,-1.95000000111758));
#4409=CARTESIAN_POINT('Ctrl Pts',(38.5,6.85000033862889,-2.));
#4410=CARTESIAN_POINT('Origin',(40.,1.49999942630529,-2.50000011920928));
#4411=CARTESIAN_POINT('Origin',(40.,10.9999998360872,6.00000000745059));
#4412=CARTESIAN_POINT('',(40.0000000223517,20.4999997094274,-4.00000006705522));
#4413=CARTESIAN_POINT('',(40.0000000223517,20.4999997094274,-4.00000006705522));
#4414=CARTESIAN_POINT('',(40.0000000223517,1.49999942630529,-4.00000006705522));
#4415=CARTESIAN_POINT('',(40.0000000223517,1.49999942630529,-4.00000006705522));
#4416=CARTESIAN_POINT('',(40.,5.99999962747097,-4.00000006705522));
#4417=CARTESIAN_POINT('',(40.,6.55000034533441,-1.6500000078231));
#4418=CARTESIAN_POINT('',(40.,6.55000034533441,0.649999940767889));
#4419=CARTESIAN_POINT('',(40.,6.54999990314245,3.49999997019768));
#4420=CARTESIAN_POINT('',(40.,6.85000033862889,0.99999993294478));
#4421=CARTESIAN_POINT('Ctrl Pts',(40.,6.55000034533441,0.649999940767889));
#4422=CARTESIAN_POINT('Ctrl Pts',(40.,6.60000034421683,0.949999934062367));
#4423=CARTESIAN_POINT('Ctrl Pts',(40.,6.85000033862889,0.99999993294478));
#4424=CARTESIAN_POINT('',(40.,14.9000001586974,0.99999993294478));
#4425=CARTESIAN_POINT('',(40.,13.2499998696148,0.99999993294478));
#4426=CARTESIAN_POINT('',(40.,15.5000001452863,0.399999946355825));
#4427=CARTESIAN_POINT('Ctrl Pts',(40.,14.9000001586974,0.99999993294478));
#4428=CARTESIAN_POINT('Ctrl Pts',(40.,15.4000001475215,0.899999935179954));
#4429=CARTESIAN_POINT('Ctrl Pts',(40.,15.5000001452863,0.399999946355825));
#4430=CARTESIAN_POINT('',(40.,15.5000001452863,-1.40000001341104));
#4431=CARTESIAN_POINT('',(40.,15.4999999031425,1.99999994784594));
#4432=CARTESIAN_POINT('Ctrl Pts',(40.,15.5000001452863,-1.40000001341104));
#4433=CARTESIAN_POINT('Ctrl Pts',(40.,15.4000001475215,-1.90000000223517));
#4434=CARTESIAN_POINT('Ctrl Pts',(40.,14.9000001586974,-2.));
#4435=CARTESIAN_POINT('Ctrl Pts',(40.,6.85000033862889,-2.));
#4436=CARTESIAN_POINT('Ctrl Pts',(40.,6.60000034421683,-1.95000000111758));
#4437=CARTESIAN_POINT('Ctrl Pts',(40.,6.55000034533441,-1.6500000078231));
#4438=CARTESIAN_POINT('Ctrl Pts',(38.5,21.9999997317791,-4.00000006705522));
#4439=CARTESIAN_POINT('Ctrl Pts',(38.5,21.9999997317791,25.9999999329448));
#4440=CARTESIAN_POINT('Ctrl Pts',(40.,21.9999997317791,-4.00000006705522));
#4441=CARTESIAN_POINT('Ctrl Pts',(40.,21.9999997317791,25.9999999329448));
#4442=CARTESIAN_POINT('Ctrl Pts',(40.0000000223517,20.4999997094274,-4.00000006705522));
#4443=CARTESIAN_POINT('Ctrl Pts',(40.0000000223517,20.4999997094274,25.9999999329448));
#4444=CARTESIAN_POINT('',(38.5,21.9999997317791,-4.00000006705522));
#4445=CARTESIAN_POINT('Ctrl Pts',(40.0000000223517,20.4999997094274,-4.00000006705522));
#4446=CARTESIAN_POINT('Ctrl Pts',(40.,21.9999997317791,-4.00000006705522));
#4447=CARTESIAN_POINT('Ctrl Pts',(38.5,21.9999997317791,-4.00000006705522));
#4448=CARTESIAN_POINT('',(38.5,21.9999997317791,-4.00000006705522));
#4449=CARTESIAN_POINT('Ctrl Pts',(-6.50000067055225,20.4999997094274,-4.00000006705523));
#4450=CARTESIAN_POINT('Ctrl Pts',(-6.50000067055226,20.4999997094274,25.9999999329448));
#4451=CARTESIAN_POINT('Ctrl Pts',(-6.5,21.9999997317791,-4.00000006705523));
#4452=CARTESIAN_POINT('Ctrl Pts',(-6.5,21.9999997317791,25.9999999329448));
#4453=CARTESIAN_POINT('Ctrl Pts',(-5.00000064820051,21.9999997317791,-4.00000006705523));
#4454=CARTESIAN_POINT('Ctrl Pts',(-5.00000064820051,21.9999997317791,25.9999999329448));
#4455=CARTESIAN_POINT('',(-5.00000064820051,21.9999997317791,-4.00000006705523));
#4456=CARTESIAN_POINT('',(-5.00000064820051,21.9999997317791,-4.00000006705523));
#4457=CARTESIAN_POINT('',(-6.50000067055225,20.4999997094274,-4.00000006705523));
#4458=CARTESIAN_POINT('Ctrl Pts',(-6.50000067055225,20.4999997094274,-4.00000006705523));
#4459=CARTESIAN_POINT('Ctrl Pts',(-6.5,21.9999997317791,-4.00000006705523));
#4460=CARTESIAN_POINT('Ctrl Pts',(-5.00000064820051,21.9999997317791,-4.00000006705523));
#4461=CARTESIAN_POINT('',(-6.50000067055225,20.4999997094274,-4.00000006705523));
#4462=CARTESIAN_POINT('Ctrl Pts',(40.0000000223517,1.49999942630529,-4.00000006705522));
#4463=CARTESIAN_POINT('Ctrl Pts',(40.0000000223517,1.49999942630529,25.9999999329448));
#4464=CARTESIAN_POINT('Ctrl Pts',(40.,-5.96046447753906E-7,-4.00000006705522));
#4465=CARTESIAN_POINT('Ctrl Pts',(40.,-5.96046447753906E-7,25.9999999329448));
#4466=CARTESIAN_POINT('Ctrl Pts',(38.5,-5.96046447753906E-7,-4.00000006705522));
#4467=CARTESIAN_POINT('Ctrl Pts',(38.5,-5.96046447753906E-7,25.9999999329448));
#4468=CARTESIAN_POINT('',(38.5,-5.96046447753906E-7,-4.00000006705522));
#4469=CARTESIAN_POINT('',(38.5,-5.96046447753906E-7,-4.00000006705522));
#4470=CARTESIAN_POINT('Ctrl Pts',(40.0000000223517,1.49999942630529,-4.00000006705522));
#4471=CARTESIAN_POINT('Ctrl Pts',(40.,-5.96046447753906E-7,-4.00000006705522));
#4472=CARTESIAN_POINT('Ctrl Pts',(38.5,-5.96046447753906E-7,-4.00000006705522));
#4473=CARTESIAN_POINT('Ctrl Pts',(-5.00000064820051,-5.96046447753906E-7,
-4.00000006705523));
#4474=CARTESIAN_POINT('Ctrl Pts',(-5.00000064820051,-5.96046447753906E-7,
25.9999999329448));
#4475=CARTESIAN_POINT('Ctrl Pts',(-6.5,-5.96046447753906E-7,-4.00000006705523));
#4476=CARTESIAN_POINT('Ctrl Pts',(-6.5,-5.96046447753906E-7,25.9999999329448));
#4477=CARTESIAN_POINT('Ctrl Pts',(-6.50000067055225,1.49999942630529,-4.00000006705523));
#4478=CARTESIAN_POINT('Ctrl Pts',(-6.50000067055226,1.49999942630529,25.9999999329448));
#4479=CARTESIAN_POINT('',(-6.50000067055225,1.49999942630529,-4.00000006705523));
#4480=CARTESIAN_POINT('',(-6.50000067055225,1.49999942630529,-4.00000006705523));
#4481=CARTESIAN_POINT('',(-5.00000064820051,-5.96046447753906E-7,-4.00000006705523));
#4482=CARTESIAN_POINT('Ctrl Pts',(-6.50000067055225,1.49999942630529,-4.00000006705523));
#4483=CARTESIAN_POINT('Ctrl Pts',(-6.5,-5.96046447753906E-7,-4.00000006705523));
#4484=CARTESIAN_POINT('Ctrl Pts',(-5.00000064820051,-5.96046447753906E-7,
-4.00000006705523));
#4485=CARTESIAN_POINT('',(-5.00000064820051,-5.96046447753906E-7,-4.00000006705523));
#4486=CARTESIAN_POINT('Origin',(-6.5,21.000000089407,3.49999978393316));
#4487=CARTESIAN_POINT('',(-6.5,21.9999997317791,-4.00000014156103));
#4488=CARTESIAN_POINT('Origin',(38.5,-5.96046447753906E-7,-4.00000014156103));
#4489=CARTESIAN_POINT('',(38.5,-5.96046447753906E-7,-4.00000014156103));
#4490=CARTESIAN_POINT('Origin',(38.5,21.9999997317791,10.9999997094274));
#4491=CARTESIAN_POINT('',(38.5,21.9999997317791,-4.00000014156103));
#4492=CARTESIAN_POINT('Ctrl Pts',(40.,14.9000001586974,-2.));
#4493=CARTESIAN_POINT('Ctrl Pts',(38.5,14.9000001586974,-2.));
#4494=CARTESIAN_POINT('Ctrl Pts',(40.,15.4000001475215,-1.90000000223517));
#4495=CARTESIAN_POINT('Ctrl Pts',(38.5,15.4000001475215,-1.90000000223517));
#4496=CARTESIAN_POINT('Ctrl Pts',(40.,15.5000001452863,-1.40000001341104));
#4497=CARTESIAN_POINT('Ctrl Pts',(38.5,15.5000001452863,-1.40000001341104));
#4498=CARTESIAN_POINT('',(39.5,15.5000001452863,-1.40000001341104));
#4499=CARTESIAN_POINT('Origin',(38.5,15.4999999031425,-2.0000001117587));
#4500=CARTESIAN_POINT('',(39.5,15.5000001452863,0.399999946355825));
#4501=CARTESIAN_POINT('Ctrl Pts',(40.,6.85000033862889,0.99999993294478));
#4502=CARTESIAN_POINT('Ctrl Pts',(38.5,6.85000033862889,0.99999993294478));
#4503=CARTESIAN_POINT('Ctrl Pts',(40.,6.60000034421683,0.949999934062367));
#4504=CARTESIAN_POINT('Ctrl Pts',(38.5,6.60000034421683,0.949999934062366));
#4505=CARTESIAN_POINT('Ctrl Pts',(40.,6.55000034533441,0.649999940767889));
#4506=CARTESIAN_POINT('Ctrl Pts',(38.5,6.55000034533441,0.649999940767889));
#4507=CARTESIAN_POINT('',(39.5,6.55000034533441,0.649999940767889));
#4508=CARTESIAN_POINT('',(39.5,6.85000033862889,0.99999993294478));
#4509=CARTESIAN_POINT('Origin',(38.5,6.54999990314245,0.99999993294478));
#4510=CARTESIAN_POINT('',(39.5,6.55000034533441,-1.6500000078231));
#4511=CARTESIAN_POINT('Ctrl Pts',(40.,6.55000034533441,-1.6500000078231));
#4512=CARTESIAN_POINT('Ctrl Pts',(38.5,6.55000034533441,-1.6500000078231));
#4513=CARTESIAN_POINT('Ctrl Pts',(40.,6.60000034421683,-1.95000000111758));
#4514=CARTESIAN_POINT('Ctrl Pts',(38.5,6.60000034421683,-1.95000000111758));
#4515=CARTESIAN_POINT('Ctrl Pts',(40.,6.85000033862889,-2.));
#4516=CARTESIAN_POINT('Ctrl Pts',(38.5,6.85000033862889,-2.));
#4517=CARTESIAN_POINT('Ctrl Pts',(40.,15.5000001452863,0.399999946355825));
#4518=CARTESIAN_POINT('Ctrl Pts',(38.5,15.5000001452863,0.399999946355825));
#4519=CARTESIAN_POINT('Ctrl Pts',(40.,15.4000001475215,0.899999935179954));
#4520=CARTESIAN_POINT('Ctrl Pts',(38.5,15.4000001475215,0.899999935179954));
#4521=CARTESIAN_POINT('Ctrl Pts',(40.,14.9000001586974,0.99999993294478));
#4522=CARTESIAN_POINT('Ctrl Pts',(38.5,14.9000001586974,0.99999993294478));
#4523=CARTESIAN_POINT('',(39.5,14.9000001586974,0.99999993294478));
#4524=CARTESIAN_POINT('Origin',(39.,10.9999998360872,-4.00000006705522));
#4525=CARTESIAN_POINT('Origin',(38.5,15.4999999031425,0.99999993294478));
#4526=CARTESIAN_POINT('',(0.,0.,0.));
#4527=CARTESIAN_POINT('',(0.,0.,0.));
#4528=CARTESIAN_POINT('',(0.,0.,0.));
#4529=CARTESIAN_POINT('',(0.,0.,0.));
#4530=CARTESIAN_POINT('',(0.,0.,0.));
#4531=CARTESIAN_POINT('',(0.,0.,0.));
#4532=CARTESIAN_POINT('',(0.,0.,0.));
#4533=CARTESIAN_POINT('',(0.,0.,0.));
#4534=CARTESIAN_POINT('',(0.,0.,0.));
#4535=CARTESIAN_POINT('',(0.,0.,0.));
#4536=CARTESIAN_POINT('',(0.,0.,0.));
#4537=CARTESIAN_POINT('',(0.,0.,0.));
#4538=CARTESIAN_POINT('',(0.,0.,0.));
#4539=CARTESIAN_POINT('',(0.,0.,0.));
#4540=CARTESIAN_POINT('',(0.,0.,0.));
#4541=CARTESIAN_POINT('',(0.,0.,0.));
#4542=CARTESIAN_POINT('',(0.,0.,0.));
#4543=CARTESIAN_POINT('',(0.,0.,0.));
#4544=CARTESIAN_POINT('',(0.,0.,0.));
#4545=CARTESIAN_POINT('',(0.,0.,0.));
#4546=CARTESIAN_POINT('',(0.,0.,0.));
#4547=CARTESIAN_POINT('',(0.,0.,0.));
#4548=CARTESIAN_POINT('',(0.,0.,0.));
#4549=CARTESIAN_POINT('',(0.,0.,0.));
#4550=CARTESIAN_POINT('',(0.,0.,0.));
#4551=CARTESIAN_POINT('',(0.,0.,0.));
#4552=CARTESIAN_POINT('',(0.,0.,0.));
#4553=CARTESIAN_POINT('',(0.,0.,0.));
#4554=CARTESIAN_POINT('',(0.,0.,0.));
#4555=CARTESIAN_POINT('',(0.,0.,0.));
#4556=CARTESIAN_POINT('',(0.,0.,0.));
#4557=CARTESIAN_POINT('',(0.,0.,0.));
#4558=CARTESIAN_POINT('',(0.,0.,0.));
#4559=CARTESIAN_POINT('',(0.,0.,0.));
#4560=CARTESIAN_POINT('',(0.,0.,0.));
#4561=CARTESIAN_POINT('',(0.,0.,0.));
#4562=CARTESIAN_POINT('',(0.,0.,0.));
#4563=CARTESIAN_POINT('',(0.,0.,0.));
#4564=CARTESIAN_POINT('',(0.,0.,0.));
#4565=CARTESIAN_POINT('',(0.,0.,0.));
#4566=CARTESIAN_POINT('',(0.,0.,0.));
#4567=CARTESIAN_POINT('',(0.,0.,0.));
#4568=CARTESIAN_POINT('',(0.,0.,0.));
#4569=CARTESIAN_POINT('',(0.,0.,0.));
#4570=CARTESIAN_POINT('',(0.,0.,0.));
#4571=CARTESIAN_POINT('',(0.,0.,0.));
#4572=CARTESIAN_POINT('',(0.,0.,0.));
#4573=CARTESIAN_POINT('',(0.,0.,0.));
#4574=CARTESIAN_POINT('',(0.,0.,0.));
#4575=CARTESIAN_POINT('',(0.,0.,0.));
#4576=CARTESIAN_POINT('',(0.,0.,0.));
#4577=CARTESIAN_POINT('',(0.,0.,0.));
#4578=CARTESIAN_POINT('',(0.,0.,0.));
#4579=CARTESIAN_POINT('',(0.,0.,0.));
#4580=CARTESIAN_POINT('',(0.,0.,0.));
#4581=UNCERTAINTY_MEASURE_WITH_UNIT(LENGTH_MEASURE(0.01),#4919,
'DISTANCE_ACCURACY_VALUE',
'Maximum model space distance between geometric entities at asserted c
onnectivities');
#4582=UNCERTAINTY_MEASURE_WITH_UNIT(LENGTH_MEASURE(0.01),#4919,
'DISTANCE_ACCURACY_VALUE',
'Maximum model space distance between geometric entities at asserted c
onnectivities');
#4583=UNCERTAINTY_MEASURE_WITH_UNIT(LENGTH_MEASURE(0.01),#4919,
'DISTANCE_ACCURACY_VALUE',
'Maximum model space distance between geometric entities at asserted c
onnectivities');
#4584=UNCERTAINTY_MEASURE_WITH_UNIT(LENGTH_MEASURE(0.01),#4919,
'DISTANCE_ACCURACY_VALUE',
'Maximum model space distance between geometric entities at asserted c
onnectivities');
#4585=UNCERTAINTY_MEASURE_WITH_UNIT(LENGTH_MEASURE(0.01),#4919,
'DISTANCE_ACCURACY_VALUE',
'Maximum model space distance between geometric entities at asserted c
onnectivities');
#4586=UNCERTAINTY_MEASURE_WITH_UNIT(LENGTH_MEASURE(0.01),#4919,
'DISTANCE_ACCURACY_VALUE',
'Maximum model space distance between geometric entities at asserted c
onnectivities');
#4587=UNCERTAINTY_MEASURE_WITH_UNIT(LENGTH_MEASURE(0.01),#4919,
'DISTANCE_ACCURACY_VALUE',
'Maximum model space distance between geometric entities at asserted c
onnectivities');
#4588=UNCERTAINTY_MEASURE_WITH_UNIT(LENGTH_MEASURE(0.01),#4919,
'DISTANCE_ACCURACY_VALUE',
'Maximum model space distance between geometric entities at asserted c
onnectivities');
#4589=UNCERTAINTY_MEASURE_WITH_UNIT(LENGTH_MEASURE(0.01),#4919,
'DISTANCE_ACCURACY_VALUE',
'Maximum model space distance between geometric entities at asserted c
onnectivities');
#4590=UNCERTAINTY_MEASURE_WITH_UNIT(LENGTH_MEASURE(0.01),#4919,
'DISTANCE_ACCURACY_VALUE',
'Maximum model space distance between geometric entities at asserted c
onnectivities');
#4591=UNCERTAINTY_MEASURE_WITH_UNIT(LENGTH_MEASURE(0.01),#4919,
'DISTANCE_ACCURACY_VALUE',
'Maximum model space distance between geometric entities at asserted c
onnectivities');
#4592=UNCERTAINTY_MEASURE_WITH_UNIT(LENGTH_MEASURE(0.01),#4919,
'DISTANCE_ACCURACY_VALUE',
'Maximum model space distance between geometric entities at asserted c
onnectivities');
#4593=UNCERTAINTY_MEASURE_WITH_UNIT(LENGTH_MEASURE(0.01),#4919,
'DISTANCE_ACCURACY_VALUE',
'Maximum model space distance between geometric entities at asserted c
onnectivities');
#4594=UNCERTAINTY_MEASURE_WITH_UNIT(LENGTH_MEASURE(0.01),#4919,
'DISTANCE_ACCURACY_VALUE',
'Maximum model space distance between geometric entities at asserted c
onnectivities');
#4595=UNCERTAINTY_MEASURE_WITH_UNIT(LENGTH_MEASURE(0.01),#4919,
'DISTANCE_ACCURACY_VALUE',
'Maximum model space distance between geometric entities at asserted c
onnectivities');
#4596=UNCERTAINTY_MEASURE_WITH_UNIT(LENGTH_MEASURE(0.01),#4919,
'DISTANCE_ACCURACY_VALUE',
'Maximum model space distance between geometric entities at asserted c
onnectivities');
#4597=UNCERTAINTY_MEASURE_WITH_UNIT(LENGTH_MEASURE(0.01),#4919,
'DISTANCE_ACCURACY_VALUE',
'Maximum model space distance between geometric entities at asserted c
onnectivities');
#4598=UNCERTAINTY_MEASURE_WITH_UNIT(LENGTH_MEASURE(0.01),#4919,
'DISTANCE_ACCURACY_VALUE',
'Maximum model space distance between geometric entities at asserted c
onnectivities');
#4599=UNCERTAINTY_MEASURE_WITH_UNIT(LENGTH_MEASURE(0.01),#4919,
'DISTANCE_ACCURACY_VALUE',
'Maximum model space distance between geometric entities at asserted c
onnectivities');
#4600=UNCERTAINTY_MEASURE_WITH_UNIT(LENGTH_MEASURE(0.01),#4919,
'DISTANCE_ACCURACY_VALUE',
'Maximum model space distance between geometric entities at asserted c
onnectivities');
#4601=UNCERTAINTY_MEASURE_WITH_UNIT(LENGTH_MEASURE(0.01),#4919,
'DISTANCE_ACCURACY_VALUE',
'Maximum model space distance between geometric entities at asserted c
onnectivities');
#4602=UNCERTAINTY_MEASURE_WITH_UNIT(LENGTH_MEASURE(0.01),#4919,
'DISTANCE_ACCURACY_VALUE',
'Maximum model space distance between geometric entities at asserted c
onnectivities');
#4603=UNCERTAINTY_MEASURE_WITH_UNIT(LENGTH_MEASURE(0.01),#4919,
'DISTANCE_ACCURACY_VALUE',
'Maximum model space distance between geometric entities at asserted c
onnectivities');
#4604=UNCERTAINTY_MEASURE_WITH_UNIT(LENGTH_MEASURE(0.01),#4919,
'DISTANCE_ACCURACY_VALUE',
'Maximum model space distance between geometric entities at asserted c
onnectivities');
#4605=UNCERTAINTY_MEASURE_WITH_UNIT(LENGTH_MEASURE(0.01),#4919,
'DISTANCE_ACCURACY_VALUE',
'Maximum model space distance between geometric entities at asserted c
onnectivities');
#4606=UNCERTAINTY_MEASURE_WITH_UNIT(LENGTH_MEASURE(0.01),#4919,
'DISTANCE_ACCURACY_VALUE',
'Maximum model space distance between geometric entities at asserted c
onnectivities');
#4607=UNCERTAINTY_MEASURE_WITH_UNIT(LENGTH_MEASURE(0.01),#4919,
'DISTANCE_ACCURACY_VALUE',
'Maximum model space distance between geometric entities at asserted c
onnectivities');
#4608=UNCERTAINTY_MEASURE_WITH_UNIT(LENGTH_MEASURE(0.01),#4919,
'DISTANCE_ACCURACY_VALUE',
'Maximum model space distance between geometric entities at asserted c
onnectivities');
#4609=UNCERTAINTY_MEASURE_WITH_UNIT(LENGTH_MEASURE(0.01),#4919,
'DISTANCE_ACCURACY_VALUE',
'Maximum model space distance between geometric entities at asserted c
onnectivities');
#4610=UNCERTAINTY_MEASURE_WITH_UNIT(LENGTH_MEASURE(0.01),#4919,
'DISTANCE_ACCURACY_VALUE',
'Maximum model space distance between geometric entities at asserted c
onnectivities');
#4611=UNCERTAINTY_MEASURE_WITH_UNIT(LENGTH_MEASURE(0.01),#4919,
'DISTANCE_ACCURACY_VALUE',
'Maximum model space distance between geometric entities at asserted c
onnectivities');
#4612=UNCERTAINTY_MEASURE_WITH_UNIT(LENGTH_MEASURE(0.01),#4919,
'DISTANCE_ACCURACY_VALUE',
'Maximum model space distance between geometric entities at asserted c
onnectivities');
#4613=UNCERTAINTY_MEASURE_WITH_UNIT(LENGTH_MEASURE(0.01),#4919,
'DISTANCE_ACCURACY_VALUE',
'Maximum model space distance between geometric entities at asserted c
onnectivities');
#4614=UNCERTAINTY_MEASURE_WITH_UNIT(LENGTH_MEASURE(0.01),#4919,
'DISTANCE_ACCURACY_VALUE',
'Maximum model space distance between geometric entities at asserted c
onnectivities');
#4615=UNCERTAINTY_MEASURE_WITH_UNIT(LENGTH_MEASURE(0.01),#4919,
'DISTANCE_ACCURACY_VALUE',
'Maximum model space distance between geometric entities at asserted c
onnectivities');
#4616=UNCERTAINTY_MEASURE_WITH_UNIT(LENGTH_MEASURE(0.01),#4919,
'DISTANCE_ACCURACY_VALUE',
'Maximum model space distance between geometric entities at asserted c
onnectivities');
#4617=UNCERTAINTY_MEASURE_WITH_UNIT(LENGTH_MEASURE(0.01),#4919,
'DISTANCE_ACCURACY_VALUE',
'Maximum model space distance between geometric entities at asserted c
onnectivities');
#4618=UNCERTAINTY_MEASURE_WITH_UNIT(LENGTH_MEASURE(0.01),#4919,
'DISTANCE_ACCURACY_VALUE',
'Maximum model space distance between geometric entities at asserted c
onnectivities');
#4619=UNCERTAINTY_MEASURE_WITH_UNIT(LENGTH_MEASURE(0.01),#4919,
'DISTANCE_ACCURACY_VALUE',
'Maximum model space distance between geometric entities at asserted c
onnectivities');
#4620=UNCERTAINTY_MEASURE_WITH_UNIT(LENGTH_MEASURE(0.01),#4919,
'DISTANCE_ACCURACY_VALUE',
'Maximum model space distance between geometric entities at asserted c
onnectivities');
#4621=UNCERTAINTY_MEASURE_WITH_UNIT(LENGTH_MEASURE(0.01),#4919,
'DISTANCE_ACCURACY_VALUE',
'Maximum model space distance between geometric entities at asserted c
onnectivities');
#4622=UNCERTAINTY_MEASURE_WITH_UNIT(LENGTH_MEASURE(0.01),#4919,
'DISTANCE_ACCURACY_VALUE',
'Maximum model space distance between geometric entities at asserted c
onnectivities');
#4623=UNCERTAINTY_MEASURE_WITH_UNIT(LENGTH_MEASURE(0.01),#4919,
'DISTANCE_ACCURACY_VALUE',
'Maximum model space distance between geometric entities at asserted c
onnectivities');
#4624=UNCERTAINTY_MEASURE_WITH_UNIT(LENGTH_MEASURE(0.01),#4919,
'DISTANCE_ACCURACY_VALUE',
'Maximum model space distance between geometric entities at asserted c
onnectivities');
#4625=UNCERTAINTY_MEASURE_WITH_UNIT(LENGTH_MEASURE(0.01),#4919,
'DISTANCE_ACCURACY_VALUE',
'Maximum model space distance between geometric entities at asserted c
onnectivities');
#4626=UNCERTAINTY_MEASURE_WITH_UNIT(LENGTH_MEASURE(0.01),#4919,
'DISTANCE_ACCURACY_VALUE',
'Maximum model space distance between geometric entities at asserted c
onnectivities');
#4627=UNCERTAINTY_MEASURE_WITH_UNIT(LENGTH_MEASURE(0.01),#4919,
'DISTANCE_ACCURACY_VALUE',
'Maximum model space distance between geometric entities at asserted c
onnectivities');
#4628=UNCERTAINTY_MEASURE_WITH_UNIT(LENGTH_MEASURE(0.01),#4919,
'DISTANCE_ACCURACY_VALUE',
'Maximum model space distance between geometric entities at asserted c
onnectivities');
#4629=UNCERTAINTY_MEASURE_WITH_UNIT(LENGTH_MEASURE(0.01),#4919,
'DISTANCE_ACCURACY_VALUE',
'Maximum model space distance between geometric entities at asserted c
onnectivities');
#4630=UNCERTAINTY_MEASURE_WITH_UNIT(LENGTH_MEASURE(0.01),#4919,
'DISTANCE_ACCURACY_VALUE',
'Maximum model space distance between geometric entities at asserted c
onnectivities');
#4631=UNCERTAINTY_MEASURE_WITH_UNIT(LENGTH_MEASURE(0.01),#4919,
'DISTANCE_ACCURACY_VALUE',
'Maximum model space distance between geometric entities at asserted c
onnectivities');
#4632=UNCERTAINTY_MEASURE_WITH_UNIT(LENGTH_MEASURE(0.01),#4919,
'DISTANCE_ACCURACY_VALUE',
'Maximum model space distance between geometric entities at asserted c
onnectivities');
#4633=UNCERTAINTY_MEASURE_WITH_UNIT(LENGTH_MEASURE(0.01),#4919,
'DISTANCE_ACCURACY_VALUE',
'Maximum model space distance between geometric entities at asserted c
onnectivities');
#4634=UNCERTAINTY_MEASURE_WITH_UNIT(LENGTH_MEASURE(0.01),#4919,
'DISTANCE_ACCURACY_VALUE',
'Maximum model space distance between geometric entities at asserted c
onnectivities');
#4635=UNCERTAINTY_MEASURE_WITH_UNIT(LENGTH_MEASURE(0.01),#4919,
'DISTANCE_ACCURACY_VALUE',
'Maximum model space distance between geometric entities at asserted c
onnectivities');
#4636=UNCERTAINTY_MEASURE_WITH_UNIT(LENGTH_MEASURE(0.01),#4919,
'DISTANCE_ACCURACY_VALUE',
'Maximum model space distance between geometric entities at asserted c
onnectivities');
#4637=UNCERTAINTY_MEASURE_WITH_UNIT(LENGTH_MEASURE(0.01),#4919,
'DISTANCE_ACCURACY_VALUE',
'Maximum model space distance between geometric entities at asserted c
onnectivities');
#4638=UNCERTAINTY_MEASURE_WITH_UNIT(LENGTH_MEASURE(0.01),#4919,
'DISTANCE_ACCURACY_VALUE',
'Maximum model space distance between geometric entities at asserted c
onnectivities');
#4639=UNCERTAINTY_MEASURE_WITH_UNIT(LENGTH_MEASURE(0.01),#4919,
'DISTANCE_ACCURACY_VALUE',
'Maximum model space distance between geometric entities at asserted c
onnectivities');
#4640=UNCERTAINTY_MEASURE_WITH_UNIT(LENGTH_MEASURE(0.01),#4919,
'DISTANCE_ACCURACY_VALUE',
'Maximum model space distance between geometric entities at asserted c
onnectivities');
#4641=UNCERTAINTY_MEASURE_WITH_UNIT(LENGTH_MEASURE(0.01),#4919,
'DISTANCE_ACCURACY_VALUE',
'Maximum model space distance between geometric entities at asserted c
onnectivities');
#4642=UNCERTAINTY_MEASURE_WITH_UNIT(LENGTH_MEASURE(0.01),#4919,
'DISTANCE_ACCURACY_VALUE',
'Maximum model space distance between geometric entities at asserted c
onnectivities');
#4643=UNCERTAINTY_MEASURE_WITH_UNIT(LENGTH_MEASURE(0.01),#4919,
'DISTANCE_ACCURACY_VALUE',
'Maximum model space distance between geometric entities at asserted c
onnectivities');
#4644=UNCERTAINTY_MEASURE_WITH_UNIT(LENGTH_MEASURE(0.01),#4919,
'DISTANCE_ACCURACY_VALUE',
'Maximum model space distance between geometric entities at asserted c
onnectivities');
#4645=UNCERTAINTY_MEASURE_WITH_UNIT(LENGTH_MEASURE(0.01),#4919,
'DISTANCE_ACCURACY_VALUE',
'Maximum model space distance between geometric entities at asserted c
onnectivities');
#4646=UNCERTAINTY_MEASURE_WITH_UNIT(LENGTH_MEASURE(0.01),#4919,
'DISTANCE_ACCURACY_VALUE',
'Maximum model space distance between geometric entities at asserted c
onnectivities');
#4647=UNCERTAINTY_MEASURE_WITH_UNIT(LENGTH_MEASURE(0.01),#4919,
'DISTANCE_ACCURACY_VALUE',
'Maximum model space distance between geometric entities at asserted c
onnectivities');
#4648=UNCERTAINTY_MEASURE_WITH_UNIT(LENGTH_MEASURE(0.01),#4919,
'DISTANCE_ACCURACY_VALUE',
'Maximum model space distance between geometric entities at asserted c
onnectivities');
#4649=UNCERTAINTY_MEASURE_WITH_UNIT(LENGTH_MEASURE(0.01),#4919,
'DISTANCE_ACCURACY_VALUE',
'Maximum model space distance between geometric entities at asserted c
onnectivities');
#4650=UNCERTAINTY_MEASURE_WITH_UNIT(LENGTH_MEASURE(0.01),#4919,
'DISTANCE_ACCURACY_VALUE',
'Maximum model space distance between geometric entities at asserted c
onnectivities');
#4651=UNCERTAINTY_MEASURE_WITH_UNIT(LENGTH_MEASURE(0.01),#4919,
'DISTANCE_ACCURACY_VALUE',
'Maximum model space distance between geometric entities at asserted c
onnectivities');
#4652=UNCERTAINTY_MEASURE_WITH_UNIT(LENGTH_MEASURE(0.01),#4919,
'DISTANCE_ACCURACY_VALUE',
'Maximum model space distance between geometric entities at asserted c
onnectivities');
#4653=UNCERTAINTY_MEASURE_WITH_UNIT(LENGTH_MEASURE(0.01),#4919,
'DISTANCE_ACCURACY_VALUE',
'Maximum model space distance between geometric entities at asserted c
onnectivities');
#4654=UNCERTAINTY_MEASURE_WITH_UNIT(LENGTH_MEASURE(0.01),#4919,
'DISTANCE_ACCURACY_VALUE',
'Maximum model space distance between geometric entities at asserted c
onnectivities');
#4655=UNCERTAINTY_MEASURE_WITH_UNIT(LENGTH_MEASURE(0.01),#4919,
'DISTANCE_ACCURACY_VALUE',
'Maximum model space distance between geometric entities at asserted c
onnectivities');
#4656=UNCERTAINTY_MEASURE_WITH_UNIT(LENGTH_MEASURE(0.01),#4919,
'DISTANCE_ACCURACY_VALUE',
'Maximum model space distance between geometric entities at asserted c
onnectivities');
#4657=UNCERTAINTY_MEASURE_WITH_UNIT(LENGTH_MEASURE(0.01),#4919,
'DISTANCE_ACCURACY_VALUE',
'Maximum model space distance between geometric entities at asserted c
onnectivities');
#4658=UNCERTAINTY_MEASURE_WITH_UNIT(LENGTH_MEASURE(0.01),#4919,
'DISTANCE_ACCURACY_VALUE',
'Maximum model space distance between geometric entities at asserted c
onnectivities');
#4659=UNCERTAINTY_MEASURE_WITH_UNIT(LENGTH_MEASURE(0.01),#4919,
'DISTANCE_ACCURACY_VALUE',
'Maximum model space distance between geometric entities at asserted c
onnectivities');
#4660=UNCERTAINTY_MEASURE_WITH_UNIT(LENGTH_MEASURE(0.01),#4919,
'DISTANCE_ACCURACY_VALUE',
'Maximum model space distance between geometric entities at asserted c
onnectivities');
#4661=UNCERTAINTY_MEASURE_WITH_UNIT(LENGTH_MEASURE(0.01),#4919,
'DISTANCE_ACCURACY_VALUE',
'Maximum model space distance between geometric entities at asserted c
onnectivities');
#4662=UNCERTAINTY_MEASURE_WITH_UNIT(LENGTH_MEASURE(0.01),#4919,
'DISTANCE_ACCURACY_VALUE',
'Maximum model space distance between geometric entities at asserted c
onnectivities');
#4663=UNCERTAINTY_MEASURE_WITH_UNIT(LENGTH_MEASURE(0.01),#4919,
'DISTANCE_ACCURACY_VALUE',
'Maximum model space distance between geometric entities at asserted c
onnectivities');
#4664=UNCERTAINTY_MEASURE_WITH_UNIT(LENGTH_MEASURE(0.01),#4919,
'DISTANCE_ACCURACY_VALUE',
'Maximum model space distance between geometric entities at asserted c
onnectivities');
#4665=UNCERTAINTY_MEASURE_WITH_UNIT(LENGTH_MEASURE(0.01),#4919,
'DISTANCE_ACCURACY_VALUE',
'Maximum model space distance between geometric entities at asserted c
onnectivities');
#4666=UNCERTAINTY_MEASURE_WITH_UNIT(LENGTH_MEASURE(0.01),#4919,
'DISTANCE_ACCURACY_VALUE',
'Maximum model space distance between geometric entities at asserted c
onnectivities');
#4667=UNCERTAINTY_MEASURE_WITH_UNIT(LENGTH_MEASURE(0.01),#4919,
'DISTANCE_ACCURACY_VALUE',
'Maximum model space distance between geometric entities at asserted c
onnectivities');
#4668=UNCERTAINTY_MEASURE_WITH_UNIT(LENGTH_MEASURE(0.01),#4919,
'DISTANCE_ACCURACY_VALUE',
'Maximum model space distance between geometric entities at asserted c
onnectivities');
#4669=UNCERTAINTY_MEASURE_WITH_UNIT(LENGTH_MEASURE(0.01),#4919,
'DISTANCE_ACCURACY_VALUE',
'Maximum model space distance between geometric entities at asserted c
onnectivities');
#4670=UNCERTAINTY_MEASURE_WITH_UNIT(LENGTH_MEASURE(0.01),#4919,
'DISTANCE_ACCURACY_VALUE',
'Maximum model space distance between geometric entities at asserted c
onnectivities');
#4671=UNCERTAINTY_MEASURE_WITH_UNIT(LENGTH_MEASURE(0.01),#4919,
'DISTANCE_ACCURACY_VALUE',
'Maximum model space distance between geometric entities at asserted c
onnectivities');
#4672=UNCERTAINTY_MEASURE_WITH_UNIT(LENGTH_MEASURE(0.01),#4919,
'DISTANCE_ACCURACY_VALUE',
'Maximum model space distance between geometric entities at asserted c
onnectivities');
#4673=UNCERTAINTY_MEASURE_WITH_UNIT(LENGTH_MEASURE(0.01),#4919,
'DISTANCE_ACCURACY_VALUE',
'Maximum model space distance between geometric entities at asserted c
onnectivities');
#4674=UNCERTAINTY_MEASURE_WITH_UNIT(LENGTH_MEASURE(0.01),#4919,
'DISTANCE_ACCURACY_VALUE',
'Maximum model space distance between geometric entities at asserted c
onnectivities');
#4675=UNCERTAINTY_MEASURE_WITH_UNIT(LENGTH_MEASURE(0.01),#4919,
'DISTANCE_ACCURACY_VALUE',
'Maximum model space distance between geometric entities at asserted c
onnectivities');
#4676=UNCERTAINTY_MEASURE_WITH_UNIT(LENGTH_MEASURE(0.01),#4919,
'DISTANCE_ACCURACY_VALUE',
'Maximum model space distance between geometric entities at asserted c
onnectivities');
#4677=UNCERTAINTY_MEASURE_WITH_UNIT(LENGTH_MEASURE(0.01),#4919,
'DISTANCE_ACCURACY_VALUE',
'Maximum model space distance between geometric entities at asserted c
onnectivities');
#4678=UNCERTAINTY_MEASURE_WITH_UNIT(LENGTH_MEASURE(0.01),#4919,
'DISTANCE_ACCURACY_VALUE',
'Maximum model space distance between geometric entities at asserted c
onnectivities');
#4679=UNCERTAINTY_MEASURE_WITH_UNIT(LENGTH_MEASURE(0.01),#4919,
'DISTANCE_ACCURACY_VALUE',
'Maximum model space distance between geometric entities at asserted c
onnectivities');
#4680=UNCERTAINTY_MEASURE_WITH_UNIT(LENGTH_MEASURE(0.01),#4919,
'DISTANCE_ACCURACY_VALUE',
'Maximum model space distance between geometric entities at asserted c
onnectivities');
#4681=UNCERTAINTY_MEASURE_WITH_UNIT(LENGTH_MEASURE(0.01),#4919,
'DISTANCE_ACCURACY_VALUE',
'Maximum model space distance between geometric entities at asserted c
onnectivities');
#4682=UNCERTAINTY_MEASURE_WITH_UNIT(LENGTH_MEASURE(0.01),#4919,
'DISTANCE_ACCURACY_VALUE',
'Maximum model space distance between geometric entities at asserted c
onnectivities');
#4683=UNCERTAINTY_MEASURE_WITH_UNIT(LENGTH_MEASURE(0.01),#4919,
'DISTANCE_ACCURACY_VALUE',
'Maximum model space distance between geometric entities at asserted c
onnectivities');
#4684=UNCERTAINTY_MEASURE_WITH_UNIT(LENGTH_MEASURE(0.01),#4919,
'DISTANCE_ACCURACY_VALUE',
'Maximum model space distance between geometric entities at asserted c
onnectivities');
#4685=UNCERTAINTY_MEASURE_WITH_UNIT(LENGTH_MEASURE(0.01),#4919,
'DISTANCE_ACCURACY_VALUE',
'Maximum model space distance between geometric entities at asserted c
onnectivities');
#4686=UNCERTAINTY_MEASURE_WITH_UNIT(LENGTH_MEASURE(0.01),#4919,
'DISTANCE_ACCURACY_VALUE',
'Maximum model space distance between geometric entities at asserted c
onnectivities');
#4687=UNCERTAINTY_MEASURE_WITH_UNIT(LENGTH_MEASURE(0.01),#4919,
'DISTANCE_ACCURACY_VALUE',
'Maximum model space distance between geometric entities at asserted c
onnectivities');
#4688=UNCERTAINTY_MEASURE_WITH_UNIT(LENGTH_MEASURE(0.01),#4919,
'DISTANCE_ACCURACY_VALUE',
'Maximum model space distance between geometric entities at asserted c
onnectivities');
#4689=UNCERTAINTY_MEASURE_WITH_UNIT(LENGTH_MEASURE(0.01),#4919,
'DISTANCE_ACCURACY_VALUE',
'Maximum model space distance between geometric entities at asserted c
onnectivities');
#4690=UNCERTAINTY_MEASURE_WITH_UNIT(LENGTH_MEASURE(0.01),#4919,
'DISTANCE_ACCURACY_VALUE',
'Maximum model space distance between geometric entities at asserted c
onnectivities');
#4691=UNCERTAINTY_MEASURE_WITH_UNIT(LENGTH_MEASURE(0.01),#4919,
'DISTANCE_ACCURACY_VALUE',
'Maximum model space distance between geometric entities at asserted c
onnectivities');
#4692=UNCERTAINTY_MEASURE_WITH_UNIT(LENGTH_MEASURE(0.01),#4919,
'DISTANCE_ACCURACY_VALUE',
'Maximum model space distance between geometric entities at asserted c
onnectivities');
#4693=UNCERTAINTY_MEASURE_WITH_UNIT(LENGTH_MEASURE(0.01),#4919,
'DISTANCE_ACCURACY_VALUE',
'Maximum model space distance between geometric entities at asserted c
onnectivities');
#4694=UNCERTAINTY_MEASURE_WITH_UNIT(LENGTH_MEASURE(0.01),#4919,
'DISTANCE_ACCURACY_VALUE',
'Maximum model space distance between geometric entities at asserted c
onnectivities');
#4695=UNCERTAINTY_MEASURE_WITH_UNIT(LENGTH_MEASURE(0.01),#4919,
'DISTANCE_ACCURACY_VALUE',
'Maximum model space distance between geometric entities at asserted c
onnectivities');
#4696=UNCERTAINTY_MEASURE_WITH_UNIT(LENGTH_MEASURE(0.01),#4919,
'DISTANCE_ACCURACY_VALUE',
'Maximum model space distance between geometric entities at asserted c
onnectivities');
#4697=UNCERTAINTY_MEASURE_WITH_UNIT(LENGTH_MEASURE(0.01),#4919,
'DISTANCE_ACCURACY_VALUE',
'Maximum model space distance between geometric entities at asserted c
onnectivities');
#4698=UNCERTAINTY_MEASURE_WITH_UNIT(LENGTH_MEASURE(0.01),#4919,
'DISTANCE_ACCURACY_VALUE',
'Maximum model space distance between geometric entities at asserted c
onnectivities');
#4699=UNCERTAINTY_MEASURE_WITH_UNIT(LENGTH_MEASURE(0.01),#4919,
'DISTANCE_ACCURACY_VALUE',
'Maximum model space distance between geometric entities at asserted c
onnectivities');
#4700=UNCERTAINTY_MEASURE_WITH_UNIT(LENGTH_MEASURE(0.01),#4919,
'DISTANCE_ACCURACY_VALUE',
'Maximum model space distance between geometric entities at asserted c
onnectivities');
#4701=UNCERTAINTY_MEASURE_WITH_UNIT(LENGTH_MEASURE(0.01),#4919,
'DISTANCE_ACCURACY_VALUE',
'Maximum model space distance between geometric entities at asserted c
onnectivities');
#4702=UNCERTAINTY_MEASURE_WITH_UNIT(LENGTH_MEASURE(0.01),#4919,
'DISTANCE_ACCURACY_VALUE',
'Maximum model space distance between geometric entities at asserted c
onnectivities');
#4703=UNCERTAINTY_MEASURE_WITH_UNIT(LENGTH_MEASURE(0.01),#4919,
'DISTANCE_ACCURACY_VALUE',
'Maximum model space distance between geometric entities at asserted c
onnectivities');
#4704=UNCERTAINTY_MEASURE_WITH_UNIT(LENGTH_MEASURE(0.01),#4919,
'DISTANCE_ACCURACY_VALUE',
'Maximum model space distance between geometric entities at asserted c
onnectivities');
#4705=UNCERTAINTY_MEASURE_WITH_UNIT(LENGTH_MEASURE(0.01),#4919,
'DISTANCE_ACCURACY_VALUE',
'Maximum model space distance between geometric entities at asserted c
onnectivities');
#4706=UNCERTAINTY_MEASURE_WITH_UNIT(LENGTH_MEASURE(0.01),#4919,
'DISTANCE_ACCURACY_VALUE',
'Maximum model space distance between geometric entities at asserted c
onnectivities');
#4707=UNCERTAINTY_MEASURE_WITH_UNIT(LENGTH_MEASURE(0.01),#4919,
'DISTANCE_ACCURACY_VALUE',
'Maximum model space distance between geometric entities at asserted c
onnectivities');
#4708=UNCERTAINTY_MEASURE_WITH_UNIT(LENGTH_MEASURE(0.01),#4919,
'DISTANCE_ACCURACY_VALUE',
'Maximum model space distance between geometric entities at asserted c
onnectivities');
#4709=UNCERTAINTY_MEASURE_WITH_UNIT(LENGTH_MEASURE(0.01),#4919,
'DISTANCE_ACCURACY_VALUE',
'Maximum model space distance between geometric entities at asserted c
onnectivities');
#4710=UNCERTAINTY_MEASURE_WITH_UNIT(LENGTH_MEASURE(0.01),#4919,
'DISTANCE_ACCURACY_VALUE',
'Maximum model space distance between geometric entities at asserted c
onnectivities');
#4711=UNCERTAINTY_MEASURE_WITH_UNIT(LENGTH_MEASURE(0.01),#4919,
'DISTANCE_ACCURACY_VALUE',
'Maximum model space distance between geometric entities at asserted c
onnectivities');
#4712=UNCERTAINTY_MEASURE_WITH_UNIT(LENGTH_MEASURE(0.01),#4919,
'DISTANCE_ACCURACY_VALUE',
'Maximum model space distance between geometric entities at asserted c
onnectivities');
#4713=UNCERTAINTY_MEASURE_WITH_UNIT(LENGTH_MEASURE(0.01),#4919,
'DISTANCE_ACCURACY_VALUE',
'Maximum model space distance between geometric entities at asserted c
onnectivities');
#4714=UNCERTAINTY_MEASURE_WITH_UNIT(LENGTH_MEASURE(0.01),#4919,
'DISTANCE_ACCURACY_VALUE',
'Maximum model space distance between geometric entities at asserted c
onnectivities');
#4715=UNCERTAINTY_MEASURE_WITH_UNIT(LENGTH_MEASURE(0.01),#4919,
'DISTANCE_ACCURACY_VALUE',
'Maximum model space distance between geometric entities at asserted c
onnectivities');
#4716=UNCERTAINTY_MEASURE_WITH_UNIT(LENGTH_MEASURE(0.01),#4919,
'DISTANCE_ACCURACY_VALUE',
'Maximum model space distance between geometric entities at asserted c
onnectivities');
#4717=UNCERTAINTY_MEASURE_WITH_UNIT(LENGTH_MEASURE(0.01),#4919,
'DISTANCE_ACCURACY_VALUE',
'Maximum model space distance between geometric entities at asserted c
onnectivities');
#4718=UNCERTAINTY_MEASURE_WITH_UNIT(LENGTH_MEASURE(0.01),#4919,
'DISTANCE_ACCURACY_VALUE',
'Maximum model space distance between geometric entities at asserted c
onnectivities');
#4719=UNCERTAINTY_MEASURE_WITH_UNIT(LENGTH_MEASURE(0.01),#4919,
'DISTANCE_ACCURACY_VALUE',
'Maximum model space distance between geometric entities at asserted c
onnectivities');
#4720=UNCERTAINTY_MEASURE_WITH_UNIT(LENGTH_MEASURE(0.01),#4919,
'DISTANCE_ACCURACY_VALUE',
'Maximum model space distance between geometric entities at asserted c
onnectivities');
#4721=UNCERTAINTY_MEASURE_WITH_UNIT(LENGTH_MEASURE(0.01),#4919,
'DISTANCE_ACCURACY_VALUE',
'Maximum model space distance between geometric entities at asserted c
onnectivities');
#4722=UNCERTAINTY_MEASURE_WITH_UNIT(LENGTH_MEASURE(0.01),#4919,
'DISTANCE_ACCURACY_VALUE',
'Maximum model space distance between geometric entities at asserted c
onnectivities');
#4723=UNCERTAINTY_MEASURE_WITH_UNIT(LENGTH_MEASURE(0.01),#4919,
'DISTANCE_ACCURACY_VALUE',
'Maximum model space distance between geometric entities at asserted c
onnectivities');
#4724=UNCERTAINTY_MEASURE_WITH_UNIT(LENGTH_MEASURE(0.01),#4919,
'DISTANCE_ACCURACY_VALUE',
'Maximum model space distance between geometric entities at asserted c
onnectivities');
#4725=UNCERTAINTY_MEASURE_WITH_UNIT(LENGTH_MEASURE(0.01),#4919,
'DISTANCE_ACCURACY_VALUE',
'Maximum model space distance between geometric entities at asserted c
onnectivities');
#4726=UNCERTAINTY_MEASURE_WITH_UNIT(LENGTH_MEASURE(0.01),#4919,
'DISTANCE_ACCURACY_VALUE',
'Maximum model space distance between geometric entities at asserted c
onnectivities');
#4727=UNCERTAINTY_MEASURE_WITH_UNIT(LENGTH_MEASURE(0.01),#4919,
'DISTANCE_ACCURACY_VALUE',
'Maximum model space distance between geometric entities at asserted c
onnectivities');
#4728=UNCERTAINTY_MEASURE_WITH_UNIT(LENGTH_MEASURE(0.01),#4919,
'DISTANCE_ACCURACY_VALUE',
'Maximum model space distance between geometric entities at asserted c
onnectivities');
#4729=UNCERTAINTY_MEASURE_WITH_UNIT(LENGTH_MEASURE(0.01),#4919,
'DISTANCE_ACCURACY_VALUE',
'Maximum model space distance between geometric entities at asserted c
onnectivities');
#4730=UNCERTAINTY_MEASURE_WITH_UNIT(LENGTH_MEASURE(0.01),#4919,
'DISTANCE_ACCURACY_VALUE',
'Maximum model space distance between geometric entities at asserted c
onnectivities');
#4731=UNCERTAINTY_MEASURE_WITH_UNIT(LENGTH_MEASURE(0.01),#4919,
'DISTANCE_ACCURACY_VALUE',
'Maximum model space distance between geometric entities at asserted c
onnectivities');
#4732=UNCERTAINTY_MEASURE_WITH_UNIT(LENGTH_MEASURE(0.01),#4919,
'DISTANCE_ACCURACY_VALUE',
'Maximum model space distance between geometric entities at asserted c
onnectivities');
#4733=UNCERTAINTY_MEASURE_WITH_UNIT(LENGTH_MEASURE(0.01),#4919,
'DISTANCE_ACCURACY_VALUE',
'Maximum model space distance between geometric entities at asserted c
onnectivities');
#4734=UNCERTAINTY_MEASURE_WITH_UNIT(LENGTH_MEASURE(0.01),#4919,
'DISTANCE_ACCURACY_VALUE',
'Maximum model space distance between geometric entities at asserted c
onnectivities');
#4735=UNCERTAINTY_MEASURE_WITH_UNIT(LENGTH_MEASURE(0.01),#4919,
'DISTANCE_ACCURACY_VALUE',
'Maximum model space distance between geometric entities at asserted c
onnectivities');
#4736=UNCERTAINTY_MEASURE_WITH_UNIT(LENGTH_MEASURE(0.01),#4919,
'DISTANCE_ACCURACY_VALUE',
'Maximum model space distance between geometric entities at asserted c
onnectivities');
#4737=UNCERTAINTY_MEASURE_WITH_UNIT(LENGTH_MEASURE(0.01),#4919,
'DISTANCE_ACCURACY_VALUE',
'Maximum model space distance between geometric entities at asserted c
onnectivities');
#4738=UNCERTAINTY_MEASURE_WITH_UNIT(LENGTH_MEASURE(0.01),#4919,
'DISTANCE_ACCURACY_VALUE',
'Maximum model space distance between geometric entities at asserted c
onnectivities');
#4739=UNCERTAINTY_MEASURE_WITH_UNIT(LENGTH_MEASURE(0.01),#4919,
'DISTANCE_ACCURACY_VALUE',
'Maximum model space distance between geometric entities at asserted c
onnectivities');
#4740=UNCERTAINTY_MEASURE_WITH_UNIT(LENGTH_MEASURE(0.01),#4919,
'DISTANCE_ACCURACY_VALUE',
'Maximum model space distance between geometric entities at asserted c
onnectivities');
#4741=UNCERTAINTY_MEASURE_WITH_UNIT(LENGTH_MEASURE(0.01),#4919,
'DISTANCE_ACCURACY_VALUE',
'Maximum model space distance between geometric entities at asserted c
onnectivities');
#4742=UNCERTAINTY_MEASURE_WITH_UNIT(LENGTH_MEASURE(0.01),#4919,
'DISTANCE_ACCURACY_VALUE',
'Maximum model space distance between geometric entities at asserted c
onnectivities');
#4743=UNCERTAINTY_MEASURE_WITH_UNIT(LENGTH_MEASURE(0.01),#4919,
'DISTANCE_ACCURACY_VALUE',
'Maximum model space distance between geometric entities at asserted c
onnectivities');
#4744=UNCERTAINTY_MEASURE_WITH_UNIT(LENGTH_MEASURE(0.01),#4919,
'DISTANCE_ACCURACY_VALUE',
'Maximum model space distance between geometric entities at asserted c
onnectivities');
#4745=UNCERTAINTY_MEASURE_WITH_UNIT(LENGTH_MEASURE(0.01),#4919,
'DISTANCE_ACCURACY_VALUE',
'Maximum model space distance between geometric entities at asserted c
onnectivities');
#4746=UNCERTAINTY_MEASURE_WITH_UNIT(LENGTH_MEASURE(0.01),#4919,
'DISTANCE_ACCURACY_VALUE',
'Maximum model space distance between geometric entities at asserted c
onnectivities');
#4747=UNCERTAINTY_MEASURE_WITH_UNIT(LENGTH_MEASURE(0.01),#4919,
'DISTANCE_ACCURACY_VALUE',
'Maximum model space distance between geometric entities at asserted c
onnectivities');
#4748=UNCERTAINTY_MEASURE_WITH_UNIT(LENGTH_MEASURE(0.01),#4919,
'DISTANCE_ACCURACY_VALUE',
'Maximum model space distance between geometric entities at asserted c
onnectivities');
#4749=UNCERTAINTY_MEASURE_WITH_UNIT(LENGTH_MEASURE(0.01),#4919,
'DISTANCE_ACCURACY_VALUE',
'Maximum model space distance between geometric entities at asserted c
onnectivities');
#4750=(
GEOMETRIC_REPRESENTATION_CONTEXT(3)
GLOBAL_UNCERTAINTY_ASSIGNED_CONTEXT((#4581))
GLOBAL_UNIT_ASSIGNED_CONTEXT((#4919,#4921,#4922))
REPRESENTATION_CONTEXT('','3D')
);
#4751=(
GEOMETRIC_REPRESENTATION_CONTEXT(3)
GLOBAL_UNCERTAINTY_ASSIGNED_CONTEXT((#4582))
GLOBAL_UNIT_ASSIGNED_CONTEXT((#4919,#4921,#4922))
REPRESENTATION_CONTEXT('','3D')
);
#4752=(
GEOMETRIC_REPRESENTATION_CONTEXT(3)
GLOBAL_UNCERTAINTY_ASSIGNED_CONTEXT((#4583))
GLOBAL_UNIT_ASSIGNED_CONTEXT((#4919,#4921,#4922))
REPRESENTATION_CONTEXT('','3D')
);
#4753=(
GEOMETRIC_REPRESENTATION_CONTEXT(3)
GLOBAL_UNCERTAINTY_ASSIGNED_CONTEXT((#4584))
GLOBAL_UNIT_ASSIGNED_CONTEXT((#4919,#4921,#4922))
REPRESENTATION_CONTEXT('','3D')
);
#4754=(
GEOMETRIC_REPRESENTATION_CONTEXT(3)
GLOBAL_UNCERTAINTY_ASSIGNED_CONTEXT((#4585))
GLOBAL_UNIT_ASSIGNED_CONTEXT((#4919,#4921,#4922))
REPRESENTATION_CONTEXT('','3D')
);
#4755=(
GEOMETRIC_REPRESENTATION_CONTEXT(3)
GLOBAL_UNCERTAINTY_ASSIGNED_CONTEXT((#4586))
GLOBAL_UNIT_ASSIGNED_CONTEXT((#4919,#4921,#4922))
REPRESENTATION_CONTEXT('','3D')
);
#4756=(
GEOMETRIC_REPRESENTATION_CONTEXT(3)
GLOBAL_UNCERTAINTY_ASSIGNED_CONTEXT((#4587))
GLOBAL_UNIT_ASSIGNED_CONTEXT((#4919,#4921,#4922))
REPRESENTATION_CONTEXT('','3D')
);
#4757=(
GEOMETRIC_REPRESENTATION_CONTEXT(3)
GLOBAL_UNCERTAINTY_ASSIGNED_CONTEXT((#4588))
GLOBAL_UNIT_ASSIGNED_CONTEXT((#4919,#4921,#4922))
REPRESENTATION_CONTEXT('','3D')
);
#4758=(
GEOMETRIC_REPRESENTATION_CONTEXT(3)
GLOBAL_UNCERTAINTY_ASSIGNED_CONTEXT((#4589))
GLOBAL_UNIT_ASSIGNED_CONTEXT((#4919,#4921,#4922))
REPRESENTATION_CONTEXT('','3D')
);
#4759=(
GEOMETRIC_REPRESENTATION_CONTEXT(3)
GLOBAL_UNCERTAINTY_ASSIGNED_CONTEXT((#4590))
GLOBAL_UNIT_ASSIGNED_CONTEXT((#4919,#4921,#4922))
REPRESENTATION_CONTEXT('','3D')
);
#4760=(
GEOMETRIC_REPRESENTATION_CONTEXT(3)
GLOBAL_UNCERTAINTY_ASSIGNED_CONTEXT((#4591))
GLOBAL_UNIT_ASSIGNED_CONTEXT((#4919,#4921,#4922))
REPRESENTATION_CONTEXT('','3D')
);
#4761=(
GEOMETRIC_REPRESENTATION_CONTEXT(3)
GLOBAL_UNCERTAINTY_ASSIGNED_CONTEXT((#4592))
GLOBAL_UNIT_ASSIGNED_CONTEXT((#4919,#4921,#4922))
REPRESENTATION_CONTEXT('','3D')
);
#4762=(
GEOMETRIC_REPRESENTATION_CONTEXT(3)
GLOBAL_UNCERTAINTY_ASSIGNED_CONTEXT((#4593))
GLOBAL_UNIT_ASSIGNED_CONTEXT((#4919,#4921,#4922))
REPRESENTATION_CONTEXT('','3D')
);
#4763=(
GEOMETRIC_REPRESENTATION_CONTEXT(3)
GLOBAL_UNCERTAINTY_ASSIGNED_CONTEXT((#4594))
GLOBAL_UNIT_ASSIGNED_CONTEXT((#4919,#4921,#4922))
REPRESENTATION_CONTEXT('','3D')
);
#4764=(
GEOMETRIC_REPRESENTATION_CONTEXT(3)
GLOBAL_UNCERTAINTY_ASSIGNED_CONTEXT((#4595))
GLOBAL_UNIT_ASSIGNED_CONTEXT((#4919,#4921,#4922))
REPRESENTATION_CONTEXT('','3D')
);
#4765=(
GEOMETRIC_REPRESENTATION_CONTEXT(3)
GLOBAL_UNCERTAINTY_ASSIGNED_CONTEXT((#4596))
GLOBAL_UNIT_ASSIGNED_CONTEXT((#4919,#4921,#4922))
REPRESENTATION_CONTEXT('','3D')
);
#4766=(
GEOMETRIC_REPRESENTATION_CONTEXT(3)
GLOBAL_UNCERTAINTY_ASSIGNED_CONTEXT((#4597))
GLOBAL_UNIT_ASSIGNED_CONTEXT((#4919,#4921,#4922))
REPRESENTATION_CONTEXT('','3D')
);
#4767=(
GEOMETRIC_REPRESENTATION_CONTEXT(3)
GLOBAL_UNCERTAINTY_ASSIGNED_CONTEXT((#4598))
GLOBAL_UNIT_ASSIGNED_CONTEXT((#4919,#4921,#4922))
REPRESENTATION_CONTEXT('','3D')
);
#4768=(
GEOMETRIC_REPRESENTATION_CONTEXT(3)
GLOBAL_UNCERTAINTY_ASSIGNED_CONTEXT((#4599))
GLOBAL_UNIT_ASSIGNED_CONTEXT((#4919,#4921,#4922))
REPRESENTATION_CONTEXT('','3D')
);
#4769=(
GEOMETRIC_REPRESENTATION_CONTEXT(3)
GLOBAL_UNCERTAINTY_ASSIGNED_CONTEXT((#4600))
GLOBAL_UNIT_ASSIGNED_CONTEXT((#4919,#4921,#4922))
REPRESENTATION_CONTEXT('','3D')
);
#4770=(
GEOMETRIC_REPRESENTATION_CONTEXT(3)
GLOBAL_UNCERTAINTY_ASSIGNED_CONTEXT((#4601))
GLOBAL_UNIT_ASSIGNED_CONTEXT((#4919,#4921,#4922))
REPRESENTATION_CONTEXT('','3D')
);
#4771=(
GEOMETRIC_REPRESENTATION_CONTEXT(3)
GLOBAL_UNCERTAINTY_ASSIGNED_CONTEXT((#4602))
GLOBAL_UNIT_ASSIGNED_CONTEXT((#4919,#4921,#4922))
REPRESENTATION_CONTEXT('','3D')
);
#4772=(
GEOMETRIC_REPRESENTATION_CONTEXT(3)
GLOBAL_UNCERTAINTY_ASSIGNED_CONTEXT((#4603))
GLOBAL_UNIT_ASSIGNED_CONTEXT((#4919,#4921,#4922))
REPRESENTATION_CONTEXT('','3D')
);
#4773=(
GEOMETRIC_REPRESENTATION_CONTEXT(3)
GLOBAL_UNCERTAINTY_ASSIGNED_CONTEXT((#4604))
GLOBAL_UNIT_ASSIGNED_CONTEXT((#4919,#4921,#4922))
REPRESENTATION_CONTEXT('','3D')
);
#4774=(
GEOMETRIC_REPRESENTATION_CONTEXT(3)
GLOBAL_UNCERTAINTY_ASSIGNED_CONTEXT((#4605))
GLOBAL_UNIT_ASSIGNED_CONTEXT((#4919,#4921,#4922))
REPRESENTATION_CONTEXT('','3D')
);
#4775=(
GEOMETRIC_REPRESENTATION_CONTEXT(3)
GLOBAL_UNCERTAINTY_ASSIGNED_CONTEXT((#4606))
GLOBAL_UNIT_ASSIGNED_CONTEXT((#4919,#4921,#4922))
REPRESENTATION_CONTEXT('','3D')
);
#4776=(
GEOMETRIC_REPRESENTATION_CONTEXT(3)
GLOBAL_UNCERTAINTY_ASSIGNED_CONTEXT((#4607))
GLOBAL_UNIT_ASSIGNED_CONTEXT((#4919,#4921,#4922))
REPRESENTATION_CONTEXT('','3D')
);
#4777=(
GEOMETRIC_REPRESENTATION_CONTEXT(3)
GLOBAL_UNCERTAINTY_ASSIGNED_CONTEXT((#4608))
GLOBAL_UNIT_ASSIGNED_CONTEXT((#4919,#4921,#4922))
REPRESENTATION_CONTEXT('','3D')
);
#4778=(
GEOMETRIC_REPRESENTATION_CONTEXT(3)
GLOBAL_UNCERTAINTY_ASSIGNED_CONTEXT((#4609))
GLOBAL_UNIT_ASSIGNED_CONTEXT((#4919,#4921,#4922))
REPRESENTATION_CONTEXT('','3D')
);
#4779=(
GEOMETRIC_REPRESENTATION_CONTEXT(3)
GLOBAL_UNCERTAINTY_ASSIGNED_CONTEXT((#4610))
GLOBAL_UNIT_ASSIGNED_CONTEXT((#4919,#4921,#4922))
REPRESENTATION_CONTEXT('','3D')
);
#4780=(
GEOMETRIC_REPRESENTATION_CONTEXT(3)
GLOBAL_UNCERTAINTY_ASSIGNED_CONTEXT((#4611))
GLOBAL_UNIT_ASSIGNED_CONTEXT((#4919,#4921,#4922))
REPRESENTATION_CONTEXT('','3D')
);
#4781=(
GEOMETRIC_REPRESENTATION_CONTEXT(3)
GLOBAL_UNCERTAINTY_ASSIGNED_CONTEXT((#4612))
GLOBAL_UNIT_ASSIGNED_CONTEXT((#4919,#4921,#4922))
REPRESENTATION_CONTEXT('','3D')
);
#4782=(
GEOMETRIC_REPRESENTATION_CONTEXT(3)
GLOBAL_UNCERTAINTY_ASSIGNED_CONTEXT((#4613))
GLOBAL_UNIT_ASSIGNED_CONTEXT((#4919,#4921,#4922))
REPRESENTATION_CONTEXT('','3D')
);
#4783=(
GEOMETRIC_REPRESENTATION_CONTEXT(3)
GLOBAL_UNCERTAINTY_ASSIGNED_CONTEXT((#4614))
GLOBAL_UNIT_ASSIGNED_CONTEXT((#4919,#4921,#4922))
REPRESENTATION_CONTEXT('','3D')
);
#4784=(
GEOMETRIC_REPRESENTATION_CONTEXT(3)
GLOBAL_UNCERTAINTY_ASSIGNED_CONTEXT((#4615))
GLOBAL_UNIT_ASSIGNED_CONTEXT((#4919,#4921,#4922))
REPRESENTATION_CONTEXT('','3D')
);
#4785=(
GEOMETRIC_REPRESENTATION_CONTEXT(3)
GLOBAL_UNCERTAINTY_ASSIGNED_CONTEXT((#4616))
GLOBAL_UNIT_ASSIGNED_CONTEXT((#4919,#4921,#4922))
REPRESENTATION_CONTEXT('','3D')
);
#4786=(
GEOMETRIC_REPRESENTATION_CONTEXT(3)
GLOBAL_UNCERTAINTY_ASSIGNED_CONTEXT((#4617))
GLOBAL_UNIT_ASSIGNED_CONTEXT((#4919,#4921,#4922))
REPRESENTATION_CONTEXT('','3D')
);
#4787=(
GEOMETRIC_REPRESENTATION_CONTEXT(3)
GLOBAL_UNCERTAINTY_ASSIGNED_CONTEXT((#4618))
GLOBAL_UNIT_ASSIGNED_CONTEXT((#4919,#4921,#4922))
REPRESENTATION_CONTEXT('','3D')
);
#4788=(
GEOMETRIC_REPRESENTATION_CONTEXT(3)
GLOBAL_UNCERTAINTY_ASSIGNED_CONTEXT((#4619))
GLOBAL_UNIT_ASSIGNED_CONTEXT((#4919,#4921,#4922))
REPRESENTATION_CONTEXT('','3D')
);
#4789=(
GEOMETRIC_REPRESENTATION_CONTEXT(3)
GLOBAL_UNCERTAINTY_ASSIGNED_CONTEXT((#4620))
GLOBAL_UNIT_ASSIGNED_CONTEXT((#4919,#4921,#4922))
REPRESENTATION_CONTEXT('','3D')
);
#4790=(
GEOMETRIC_REPRESENTATION_CONTEXT(3)
GLOBAL_UNCERTAINTY_ASSIGNED_CONTEXT((#4621))
GLOBAL_UNIT_ASSIGNED_CONTEXT((#4919,#4921,#4922))
REPRESENTATION_CONTEXT('','3D')
);
#4791=(
GEOMETRIC_REPRESENTATION_CONTEXT(3)
GLOBAL_UNCERTAINTY_ASSIGNED_CONTEXT((#4622))
GLOBAL_UNIT_ASSIGNED_CONTEXT((#4919,#4921,#4922))
REPRESENTATION_CONTEXT('','3D')
);
#4792=(
GEOMETRIC_REPRESENTATION_CONTEXT(3)
GLOBAL_UNCERTAINTY_ASSIGNED_CONTEXT((#4623))
GLOBAL_UNIT_ASSIGNED_CONTEXT((#4919,#4921,#4922))
REPRESENTATION_CONTEXT('','3D')
);
#4793=(
GEOMETRIC_REPRESENTATION_CONTEXT(3)
GLOBAL_UNCERTAINTY_ASSIGNED_CONTEXT((#4624))
GLOBAL_UNIT_ASSIGNED_CONTEXT((#4919,#4921,#4922))
REPRESENTATION_CONTEXT('','3D')
);
#4794=(
GEOMETRIC_REPRESENTATION_CONTEXT(3)
GLOBAL_UNCERTAINTY_ASSIGNED_CONTEXT((#4625))
GLOBAL_UNIT_ASSIGNED_CONTEXT((#4919,#4921,#4922))
REPRESENTATION_CONTEXT('','3D')
);
#4795=(
GEOMETRIC_REPRESENTATION_CONTEXT(3)
GLOBAL_UNCERTAINTY_ASSIGNED_CONTEXT((#4626))
GLOBAL_UNIT_ASSIGNED_CONTEXT((#4919,#4921,#4922))
REPRESENTATION_CONTEXT('','3D')
);
#4796=(
GEOMETRIC_REPRESENTATION_CONTEXT(3)
GLOBAL_UNCERTAINTY_ASSIGNED_CONTEXT((#4627))
GLOBAL_UNIT_ASSIGNED_CONTEXT((#4919,#4921,#4922))
REPRESENTATION_CONTEXT('','3D')
);
#4797=(
GEOMETRIC_REPRESENTATION_CONTEXT(3)
GLOBAL_UNCERTAINTY_ASSIGNED_CONTEXT((#4628))
GLOBAL_UNIT_ASSIGNED_CONTEXT((#4919,#4921,#4922))
REPRESENTATION_CONTEXT('','3D')
);
#4798=(
GEOMETRIC_REPRESENTATION_CONTEXT(3)
GLOBAL_UNCERTAINTY_ASSIGNED_CONTEXT((#4629))
GLOBAL_UNIT_ASSIGNED_CONTEXT((#4919,#4921,#4922))
REPRESENTATION_CONTEXT('','3D')
);
#4799=(
GEOMETRIC_REPRESENTATION_CONTEXT(3)
GLOBAL_UNCERTAINTY_ASSIGNED_CONTEXT((#4630))
GLOBAL_UNIT_ASSIGNED_CONTEXT((#4919,#4921,#4922))
REPRESENTATION_CONTEXT('','3D')
);
#4800=(
GEOMETRIC_REPRESENTATION_CONTEXT(3)
GLOBAL_UNCERTAINTY_ASSIGNED_CONTEXT((#4631))
GLOBAL_UNIT_ASSIGNED_CONTEXT((#4919,#4921,#4922))
REPRESENTATION_CONTEXT('','3D')
);
#4801=(
GEOMETRIC_REPRESENTATION_CONTEXT(3)
GLOBAL_UNCERTAINTY_ASSIGNED_CONTEXT((#4632))
GLOBAL_UNIT_ASSIGNED_CONTEXT((#4919,#4921,#4922))
REPRESENTATION_CONTEXT('','3D')
);
#4802=(
GEOMETRIC_REPRESENTATION_CONTEXT(3)
GLOBAL_UNCERTAINTY_ASSIGNED_CONTEXT((#4633))
GLOBAL_UNIT_ASSIGNED_CONTEXT((#4919,#4921,#4922))
REPRESENTATION_CONTEXT('','3D')
);
#4803=(
GEOMETRIC_REPRESENTATION_CONTEXT(3)
GLOBAL_UNCERTAINTY_ASSIGNED_CONTEXT((#4634))
GLOBAL_UNIT_ASSIGNED_CONTEXT((#4919,#4921,#4922))
REPRESENTATION_CONTEXT('','3D')
);
#4804=(
GEOMETRIC_REPRESENTATION_CONTEXT(3)
GLOBAL_UNCERTAINTY_ASSIGNED_CONTEXT((#4635))
GLOBAL_UNIT_ASSIGNED_CONTEXT((#4919,#4921,#4922))
REPRESENTATION_CONTEXT('','3D')
);
#4805=(
GEOMETRIC_REPRESENTATION_CONTEXT(3)
GLOBAL_UNCERTAINTY_ASSIGNED_CONTEXT((#4636))
GLOBAL_UNIT_ASSIGNED_CONTEXT((#4919,#4921,#4922))
REPRESENTATION_CONTEXT('','3D')
);
#4806=(
GEOMETRIC_REPRESENTATION_CONTEXT(3)
GLOBAL_UNCERTAINTY_ASSIGNED_CONTEXT((#4637))
GLOBAL_UNIT_ASSIGNED_CONTEXT((#4919,#4921,#4922))
REPRESENTATION_CONTEXT('','3D')
);
#4807=(
GEOMETRIC_REPRESENTATION_CONTEXT(3)
GLOBAL_UNCERTAINTY_ASSIGNED_CONTEXT((#4638))
GLOBAL_UNIT_ASSIGNED_CONTEXT((#4919,#4921,#4922))
REPRESENTATION_CONTEXT('','3D')
);
#4808=(
GEOMETRIC_REPRESENTATION_CONTEXT(3)
GLOBAL_UNCERTAINTY_ASSIGNED_CONTEXT((#4639))
GLOBAL_UNIT_ASSIGNED_CONTEXT((#4919,#4921,#4922))
REPRESENTATION_CONTEXT('','3D')
);
#4809=(
GEOMETRIC_REPRESENTATION_CONTEXT(3)
GLOBAL_UNCERTAINTY_ASSIGNED_CONTEXT((#4640))
GLOBAL_UNIT_ASSIGNED_CONTEXT((#4919,#4921,#4922))
REPRESENTATION_CONTEXT('','3D')
);
#4810=(
GEOMETRIC_REPRESENTATION_CONTEXT(3)
GLOBAL_UNCERTAINTY_ASSIGNED_CONTEXT((#4641))
GLOBAL_UNIT_ASSIGNED_CONTEXT((#4919,#4921,#4922))
REPRESENTATION_CONTEXT('','3D')
);
#4811=(
GEOMETRIC_REPRESENTATION_CONTEXT(3)
GLOBAL_UNCERTAINTY_ASSIGNED_CONTEXT((#4642))
GLOBAL_UNIT_ASSIGNED_CONTEXT((#4919,#4921,#4922))
REPRESENTATION_CONTEXT('','3D')
);
#4812=(
GEOMETRIC_REPRESENTATION_CONTEXT(3)
GLOBAL_UNCERTAINTY_ASSIGNED_CONTEXT((#4643))
GLOBAL_UNIT_ASSIGNED_CONTEXT((#4919,#4921,#4922))
REPRESENTATION_CONTEXT('','3D')
);
#4813=(
GEOMETRIC_REPRESENTATION_CONTEXT(3)
GLOBAL_UNCERTAINTY_ASSIGNED_CONTEXT((#4644))
GLOBAL_UNIT_ASSIGNED_CONTEXT((#4919,#4921,#4922))
REPRESENTATION_CONTEXT('','3D')
);
#4814=(
GEOMETRIC_REPRESENTATION_CONTEXT(3)
GLOBAL_UNCERTAINTY_ASSIGNED_CONTEXT((#4645))
GLOBAL_UNIT_ASSIGNED_CONTEXT((#4919,#4921,#4922))
REPRESENTATION_CONTEXT('','3D')
);
#4815=(
GEOMETRIC_REPRESENTATION_CONTEXT(3)
GLOBAL_UNCERTAINTY_ASSIGNED_CONTEXT((#4646))
GLOBAL_UNIT_ASSIGNED_CONTEXT((#4919,#4921,#4922))
REPRESENTATION_CONTEXT('','3D')
);
#4816=(
GEOMETRIC_REPRESENTATION_CONTEXT(3)
GLOBAL_UNCERTAINTY_ASSIGNED_CONTEXT((#4647))
GLOBAL_UNIT_ASSIGNED_CONTEXT((#4919,#4921,#4922))
REPRESENTATION_CONTEXT('','3D')
);
#4817=(
GEOMETRIC_REPRESENTATION_CONTEXT(3)
GLOBAL_UNCERTAINTY_ASSIGNED_CONTEXT((#4648))
GLOBAL_UNIT_ASSIGNED_CONTEXT((#4919,#4921,#4922))
REPRESENTATION_CONTEXT('','3D')
);
#4818=(
GEOMETRIC_REPRESENTATION_CONTEXT(3)
GLOBAL_UNCERTAINTY_ASSIGNED_CONTEXT((#4649))
GLOBAL_UNIT_ASSIGNED_CONTEXT((#4919,#4921,#4922))
REPRESENTATION_CONTEXT('','3D')
);
#4819=(
GEOMETRIC_REPRESENTATION_CONTEXT(3)
GLOBAL_UNCERTAINTY_ASSIGNED_CONTEXT((#4650))
GLOBAL_UNIT_ASSIGNED_CONTEXT((#4919,#4921,#4922))
REPRESENTATION_CONTEXT('','3D')
);
#4820=(
GEOMETRIC_REPRESENTATION_CONTEXT(3)
GLOBAL_UNCERTAINTY_ASSIGNED_CONTEXT((#4651))
GLOBAL_UNIT_ASSIGNED_CONTEXT((#4919,#4921,#4922))
REPRESENTATION_CONTEXT('','3D')
);
#4821=(
GEOMETRIC_REPRESENTATION_CONTEXT(3)
GLOBAL_UNCERTAINTY_ASSIGNED_CONTEXT((#4652))
GLOBAL_UNIT_ASSIGNED_CONTEXT((#4919,#4921,#4922))
REPRESENTATION_CONTEXT('','3D')
);
#4822=(
GEOMETRIC_REPRESENTATION_CONTEXT(3)
GLOBAL_UNCERTAINTY_ASSIGNED_CONTEXT((#4653))
GLOBAL_UNIT_ASSIGNED_CONTEXT((#4919,#4921,#4922))
REPRESENTATION_CONTEXT('','3D')
);
#4823=(
GEOMETRIC_REPRESENTATION_CONTEXT(3)
GLOBAL_UNCERTAINTY_ASSIGNED_CONTEXT((#4654))
GLOBAL_UNIT_ASSIGNED_CONTEXT((#4919,#4921,#4922))
REPRESENTATION_CONTEXT('','3D')
);
#4824=(
GEOMETRIC_REPRESENTATION_CONTEXT(3)
GLOBAL_UNCERTAINTY_ASSIGNED_CONTEXT((#4655))
GLOBAL_UNIT_ASSIGNED_CONTEXT((#4919,#4921,#4922))
REPRESENTATION_CONTEXT('','3D')
);
#4825=(
GEOMETRIC_REPRESENTATION_CONTEXT(3)
GLOBAL_UNCERTAINTY_ASSIGNED_CONTEXT((#4656))
GLOBAL_UNIT_ASSIGNED_CONTEXT((#4919,#4921,#4922))
REPRESENTATION_CONTEXT('','3D')
);
#4826=(
GEOMETRIC_REPRESENTATION_CONTEXT(3)
GLOBAL_UNCERTAINTY_ASSIGNED_CONTEXT((#4657))
GLOBAL_UNIT_ASSIGNED_CONTEXT((#4919,#4921,#4922))
REPRESENTATION_CONTEXT('','3D')
);
#4827=(
GEOMETRIC_REPRESENTATION_CONTEXT(3)
GLOBAL_UNCERTAINTY_ASSIGNED_CONTEXT((#4658))
GLOBAL_UNIT_ASSIGNED_CONTEXT((#4919,#4921,#4922))
REPRESENTATION_CONTEXT('','3D')
);
#4828=(
GEOMETRIC_REPRESENTATION_CONTEXT(3)
GLOBAL_UNCERTAINTY_ASSIGNED_CONTEXT((#4659))
GLOBAL_UNIT_ASSIGNED_CONTEXT((#4919,#4921,#4922))
REPRESENTATION_CONTEXT('','3D')
);
#4829=(
GEOMETRIC_REPRESENTATION_CONTEXT(3)
GLOBAL_UNCERTAINTY_ASSIGNED_CONTEXT((#4660))
GLOBAL_UNIT_ASSIGNED_CONTEXT((#4919,#4921,#4922))
REPRESENTATION_CONTEXT('','3D')
);
#4830=(
GEOMETRIC_REPRESENTATION_CONTEXT(3)
GLOBAL_UNCERTAINTY_ASSIGNED_CONTEXT((#4661))
GLOBAL_UNIT_ASSIGNED_CONTEXT((#4919,#4921,#4922))
REPRESENTATION_CONTEXT('','3D')
);
#4831=(
GEOMETRIC_REPRESENTATION_CONTEXT(3)
GLOBAL_UNCERTAINTY_ASSIGNED_CONTEXT((#4662))
GLOBAL_UNIT_ASSIGNED_CONTEXT((#4919,#4921,#4922))
REPRESENTATION_CONTEXT('','3D')
);
#4832=(
GEOMETRIC_REPRESENTATION_CONTEXT(3)
GLOBAL_UNCERTAINTY_ASSIGNED_CONTEXT((#4663))
GLOBAL_UNIT_ASSIGNED_CONTEXT((#4919,#4921,#4922))
REPRESENTATION_CONTEXT('','3D')
);
#4833=(
GEOMETRIC_REPRESENTATION_CONTEXT(3)
GLOBAL_UNCERTAINTY_ASSIGNED_CONTEXT((#4664))
GLOBAL_UNIT_ASSIGNED_CONTEXT((#4919,#4921,#4922))
REPRESENTATION_CONTEXT('','3D')
);
#4834=(
GEOMETRIC_REPRESENTATION_CONTEXT(3)
GLOBAL_UNCERTAINTY_ASSIGNED_CONTEXT((#4665))
GLOBAL_UNIT_ASSIGNED_CONTEXT((#4919,#4921,#4922))
REPRESENTATION_CONTEXT('','3D')
);
#4835=(
GEOMETRIC_REPRESENTATION_CONTEXT(3)
GLOBAL_UNCERTAINTY_ASSIGNED_CONTEXT((#4666))
GLOBAL_UNIT_ASSIGNED_CONTEXT((#4919,#4921,#4922))
REPRESENTATION_CONTEXT('','3D')
);
#4836=(
GEOMETRIC_REPRESENTATION_CONTEXT(3)
GLOBAL_UNCERTAINTY_ASSIGNED_CONTEXT((#4667))
GLOBAL_UNIT_ASSIGNED_CONTEXT((#4919,#4921,#4922))
REPRESENTATION_CONTEXT('','3D')
);
#4837=(
GEOMETRIC_REPRESENTATION_CONTEXT(3)
GLOBAL_UNCERTAINTY_ASSIGNED_CONTEXT((#4668))
GLOBAL_UNIT_ASSIGNED_CONTEXT((#4919,#4921,#4922))
REPRESENTATION_CONTEXT('','3D')
);
#4838=(
GEOMETRIC_REPRESENTATION_CONTEXT(3)
GLOBAL_UNCERTAINTY_ASSIGNED_CONTEXT((#4669))
GLOBAL_UNIT_ASSIGNED_CONTEXT((#4919,#4921,#4922))
REPRESENTATION_CONTEXT('','3D')
);
#4839=(
GEOMETRIC_REPRESENTATION_CONTEXT(3)
GLOBAL_UNCERTAINTY_ASSIGNED_CONTEXT((#4670))
GLOBAL_UNIT_ASSIGNED_CONTEXT((#4919,#4921,#4922))
REPRESENTATION_CONTEXT('','3D')
);
#4840=(
GEOMETRIC_REPRESENTATION_CONTEXT(3)
GLOBAL_UNCERTAINTY_ASSIGNED_CONTEXT((#4671))
GLOBAL_UNIT_ASSIGNED_CONTEXT((#4919,#4921,#4922))
REPRESENTATION_CONTEXT('','3D')
);
#4841=(
GEOMETRIC_REPRESENTATION_CONTEXT(3)
GLOBAL_UNCERTAINTY_ASSIGNED_CONTEXT((#4672))
GLOBAL_UNIT_ASSIGNED_CONTEXT((#4919,#4921,#4922))
REPRESENTATION_CONTEXT('','3D')
);
#4842=(
GEOMETRIC_REPRESENTATION_CONTEXT(3)
GLOBAL_UNCERTAINTY_ASSIGNED_CONTEXT((#4673))
GLOBAL_UNIT_ASSIGNED_CONTEXT((#4919,#4921,#4922))
REPRESENTATION_CONTEXT('','3D')
);
#4843=(
GEOMETRIC_REPRESENTATION_CONTEXT(3)
GLOBAL_UNCERTAINTY_ASSIGNED_CONTEXT((#4674))
GLOBAL_UNIT_ASSIGNED_CONTEXT((#4919,#4921,#4922))
REPRESENTATION_CONTEXT('','3D')
);
#4844=(
GEOMETRIC_REPRESENTATION_CONTEXT(3)
GLOBAL_UNCERTAINTY_ASSIGNED_CONTEXT((#4675))
GLOBAL_UNIT_ASSIGNED_CONTEXT((#4919,#4921,#4922))
REPRESENTATION_CONTEXT('','3D')
);
#4845=(
GEOMETRIC_REPRESENTATION_CONTEXT(3)
GLOBAL_UNCERTAINTY_ASSIGNED_CONTEXT((#4676))
GLOBAL_UNIT_ASSIGNED_CONTEXT((#4919,#4921,#4922))
REPRESENTATION_CONTEXT('','3D')
);
#4846=(
GEOMETRIC_REPRESENTATION_CONTEXT(3)
GLOBAL_UNCERTAINTY_ASSIGNED_CONTEXT((#4677))
GLOBAL_UNIT_ASSIGNED_CONTEXT((#4919,#4921,#4922))
REPRESENTATION_CONTEXT('','3D')
);
#4847=(
GEOMETRIC_REPRESENTATION_CONTEXT(3)
GLOBAL_UNCERTAINTY_ASSIGNED_CONTEXT((#4678))
GLOBAL_UNIT_ASSIGNED_CONTEXT((#4919,#4921,#4922))
REPRESENTATION_CONTEXT('','3D')
);
#4848=(
GEOMETRIC_REPRESENTATION_CONTEXT(3)
GLOBAL_UNCERTAINTY_ASSIGNED_CONTEXT((#4679))
GLOBAL_UNIT_ASSIGNED_CONTEXT((#4919,#4921,#4922))
REPRESENTATION_CONTEXT('','3D')
);
#4849=(
GEOMETRIC_REPRESENTATION_CONTEXT(3)
GLOBAL_UNCERTAINTY_ASSIGNED_CONTEXT((#4680))
GLOBAL_UNIT_ASSIGNED_CONTEXT((#4919,#4921,#4922))
REPRESENTATION_CONTEXT('','3D')
);
#4850=(
GEOMETRIC_REPRESENTATION_CONTEXT(3)
GLOBAL_UNCERTAINTY_ASSIGNED_CONTEXT((#4681))
GLOBAL_UNIT_ASSIGNED_CONTEXT((#4919,#4921,#4922))
REPRESENTATION_CONTEXT('','3D')
);
#4851=(
GEOMETRIC_REPRESENTATION_CONTEXT(3)
GLOBAL_UNCERTAINTY_ASSIGNED_CONTEXT((#4682))
GLOBAL_UNIT_ASSIGNED_CONTEXT((#4919,#4921,#4922))
REPRESENTATION_CONTEXT('','3D')
);
#4852=(
GEOMETRIC_REPRESENTATION_CONTEXT(3)
GLOBAL_UNCERTAINTY_ASSIGNED_CONTEXT((#4683))
GLOBAL_UNIT_ASSIGNED_CONTEXT((#4919,#4921,#4922))
REPRESENTATION_CONTEXT('','3D')
);
#4853=(
GEOMETRIC_REPRESENTATION_CONTEXT(3)
GLOBAL_UNCERTAINTY_ASSIGNED_CONTEXT((#4684))
GLOBAL_UNIT_ASSIGNED_CONTEXT((#4919,#4921,#4922))
REPRESENTATION_CONTEXT('','3D')
);
#4854=(
GEOMETRIC_REPRESENTATION_CONTEXT(3)
GLOBAL_UNCERTAINTY_ASSIGNED_CONTEXT((#4685))
GLOBAL_UNIT_ASSIGNED_CONTEXT((#4919,#4921,#4922))
REPRESENTATION_CONTEXT('','3D')
);
#4855=(
GEOMETRIC_REPRESENTATION_CONTEXT(3)
GLOBAL_UNCERTAINTY_ASSIGNED_CONTEXT((#4686))
GLOBAL_UNIT_ASSIGNED_CONTEXT((#4919,#4921,#4922))
REPRESENTATION_CONTEXT('','3D')
);
#4856=(
GEOMETRIC_REPRESENTATION_CONTEXT(3)
GLOBAL_UNCERTAINTY_ASSIGNED_CONTEXT((#4687))
GLOBAL_UNIT_ASSIGNED_CONTEXT((#4919,#4921,#4922))
REPRESENTATION_CONTEXT('','3D')
);
#4857=(
GEOMETRIC_REPRESENTATION_CONTEXT(3)
GLOBAL_UNCERTAINTY_ASSIGNED_CONTEXT((#4688))
GLOBAL_UNIT_ASSIGNED_CONTEXT((#4919,#4921,#4922))
REPRESENTATION_CONTEXT('','3D')
);
#4858=(
GEOMETRIC_REPRESENTATION_CONTEXT(3)
GLOBAL_UNCERTAINTY_ASSIGNED_CONTEXT((#4689))
GLOBAL_UNIT_ASSIGNED_CONTEXT((#4919,#4921,#4922))
REPRESENTATION_CONTEXT('','3D')
);
#4859=(
GEOMETRIC_REPRESENTATION_CONTEXT(3)
GLOBAL_UNCERTAINTY_ASSIGNED_CONTEXT((#4690))
GLOBAL_UNIT_ASSIGNED_CONTEXT((#4919,#4921,#4922))
REPRESENTATION_CONTEXT('','3D')
);
#4860=(
GEOMETRIC_REPRESENTATION_CONTEXT(3)
GLOBAL_UNCERTAINTY_ASSIGNED_CONTEXT((#4691))
GLOBAL_UNIT_ASSIGNED_CONTEXT((#4919,#4921,#4922))
REPRESENTATION_CONTEXT('','3D')
);
#4861=(
GEOMETRIC_REPRESENTATION_CONTEXT(3)
GLOBAL_UNCERTAINTY_ASSIGNED_CONTEXT((#4692))
GLOBAL_UNIT_ASSIGNED_CONTEXT((#4919,#4921,#4922))
REPRESENTATION_CONTEXT('','3D')
);
#4862=(
GEOMETRIC_REPRESENTATION_CONTEXT(3)
GLOBAL_UNCERTAINTY_ASSIGNED_CONTEXT((#4693))
GLOBAL_UNIT_ASSIGNED_CONTEXT((#4919,#4921,#4922))
REPRESENTATION_CONTEXT('','3D')
);
#4863=(
GEOMETRIC_REPRESENTATION_CONTEXT(3)
GLOBAL_UNCERTAINTY_ASSIGNED_CONTEXT((#4694))
GLOBAL_UNIT_ASSIGNED_CONTEXT((#4919,#4921,#4922))
REPRESENTATION_CONTEXT('','3D')
);
#4864=(
GEOMETRIC_REPRESENTATION_CONTEXT(3)
GLOBAL_UNCERTAINTY_ASSIGNED_CONTEXT((#4695))
GLOBAL_UNIT_ASSIGNED_CONTEXT((#4919,#4921,#4922))
REPRESENTATION_CONTEXT('','3D')
);
#4865=(
GEOMETRIC_REPRESENTATION_CONTEXT(3)
GLOBAL_UNCERTAINTY_ASSIGNED_CONTEXT((#4696))
GLOBAL_UNIT_ASSIGNED_CONTEXT((#4919,#4921,#4922))
REPRESENTATION_CONTEXT('','3D')
);
#4866=(
GEOMETRIC_REPRESENTATION_CONTEXT(3)
GLOBAL_UNCERTAINTY_ASSIGNED_CONTEXT((#4697))
GLOBAL_UNIT_ASSIGNED_CONTEXT((#4919,#4921,#4922))
REPRESENTATION_CONTEXT('','3D')
);
#4867=(
GEOMETRIC_REPRESENTATION_CONTEXT(3)
GLOBAL_UNCERTAINTY_ASSIGNED_CONTEXT((#4698))
GLOBAL_UNIT_ASSIGNED_CONTEXT((#4919,#4921,#4922))
REPRESENTATION_CONTEXT('','3D')
);
#4868=(
GEOMETRIC_REPRESENTATION_CONTEXT(3)
GLOBAL_UNCERTAINTY_ASSIGNED_CONTEXT((#4699))
GLOBAL_UNIT_ASSIGNED_CONTEXT((#4919,#4921,#4922))
REPRESENTATION_CONTEXT('','3D')
);
#4869=(
GEOMETRIC_REPRESENTATION_CONTEXT(3)
GLOBAL_UNCERTAINTY_ASSIGNED_CONTEXT((#4700))
GLOBAL_UNIT_ASSIGNED_CONTEXT((#4919,#4921,#4922))
REPRESENTATION_CONTEXT('','3D')
);
#4870=(
GEOMETRIC_REPRESENTATION_CONTEXT(3)
GLOBAL_UNCERTAINTY_ASSIGNED_CONTEXT((#4701))
GLOBAL_UNIT_ASSIGNED_CONTEXT((#4919,#4921,#4922))
REPRESENTATION_CONTEXT('','3D')
);
#4871=(
GEOMETRIC_REPRESENTATION_CONTEXT(3)
GLOBAL_UNCERTAINTY_ASSIGNED_CONTEXT((#4702))
GLOBAL_UNIT_ASSIGNED_CONTEXT((#4919,#4921,#4922))
REPRESENTATION_CONTEXT('','3D')
);
#4872=(
GEOMETRIC_REPRESENTATION_CONTEXT(3)
GLOBAL_UNCERTAINTY_ASSIGNED_CONTEXT((#4703))
GLOBAL_UNIT_ASSIGNED_CONTEXT((#4919,#4921,#4922))
REPRESENTATION_CONTEXT('','3D')
);
#4873=(
GEOMETRIC_REPRESENTATION_CONTEXT(3)
GLOBAL_UNCERTAINTY_ASSIGNED_CONTEXT((#4704))
GLOBAL_UNIT_ASSIGNED_CONTEXT((#4919,#4921,#4922))
REPRESENTATION_CONTEXT('','3D')
);
#4874=(
GEOMETRIC_REPRESENTATION_CONTEXT(3)
GLOBAL_UNCERTAINTY_ASSIGNED_CONTEXT((#4705))
GLOBAL_UNIT_ASSIGNED_CONTEXT((#4919,#4921,#4922))
REPRESENTATION_CONTEXT('','3D')
);
#4875=(
GEOMETRIC_REPRESENTATION_CONTEXT(3)
GLOBAL_UNCERTAINTY_ASSIGNED_CONTEXT((#4706))
GLOBAL_UNIT_ASSIGNED_CONTEXT((#4919,#4921,#4922))
REPRESENTATION_CONTEXT('','3D')
);
#4876=(
GEOMETRIC_REPRESENTATION_CONTEXT(3)
GLOBAL_UNCERTAINTY_ASSIGNED_CONTEXT((#4707))
GLOBAL_UNIT_ASSIGNED_CONTEXT((#4919,#4921,#4922))
REPRESENTATION_CONTEXT('','3D')
);
#4877=(
GEOMETRIC_REPRESENTATION_CONTEXT(3)
GLOBAL_UNCERTAINTY_ASSIGNED_CONTEXT((#4708))
GLOBAL_UNIT_ASSIGNED_CONTEXT((#4919,#4921,#4922))
REPRESENTATION_CONTEXT('','3D')
);
#4878=(
GEOMETRIC_REPRESENTATION_CONTEXT(3)
GLOBAL_UNCERTAINTY_ASSIGNED_CONTEXT((#4709))
GLOBAL_UNIT_ASSIGNED_CONTEXT((#4919,#4921,#4922))
REPRESENTATION_CONTEXT('','3D')
);
#4879=(
GEOMETRIC_REPRESENTATION_CONTEXT(3)
GLOBAL_UNCERTAINTY_ASSIGNED_CONTEXT((#4710))
GLOBAL_UNIT_ASSIGNED_CONTEXT((#4919,#4921,#4922))
REPRESENTATION_CONTEXT('','3D')
);
#4880=(
GEOMETRIC_REPRESENTATION_CONTEXT(3)
GLOBAL_UNCERTAINTY_ASSIGNED_CONTEXT((#4711))
GLOBAL_UNIT_ASSIGNED_CONTEXT((#4919,#4921,#4922))
REPRESENTATION_CONTEXT('','3D')
);
#4881=(
GEOMETRIC_REPRESENTATION_CONTEXT(3)
GLOBAL_UNCERTAINTY_ASSIGNED_CONTEXT((#4712))
GLOBAL_UNIT_ASSIGNED_CONTEXT((#4919,#4921,#4922))
REPRESENTATION_CONTEXT('','3D')
);
#4882=(
GEOMETRIC_REPRESENTATION_CONTEXT(3)
GLOBAL_UNCERTAINTY_ASSIGNED_CONTEXT((#4713))
GLOBAL_UNIT_ASSIGNED_CONTEXT((#4919,#4921,#4922))
REPRESENTATION_CONTEXT('','3D')
);
#4883=(
GEOMETRIC_REPRESENTATION_CONTEXT(3)
GLOBAL_UNCERTAINTY_ASSIGNED_CONTEXT((#4714))
GLOBAL_UNIT_ASSIGNED_CONTEXT((#4919,#4921,#4922))
REPRESENTATION_CONTEXT('','3D')
);
#4884=(
GEOMETRIC_REPRESENTATION_CONTEXT(3)
GLOBAL_UNCERTAINTY_ASSIGNED_CONTEXT((#4715))
GLOBAL_UNIT_ASSIGNED_CONTEXT((#4919,#4921,#4922))
REPRESENTATION_CONTEXT('','3D')
);
#4885=(
GEOMETRIC_REPRESENTATION_CONTEXT(3)
GLOBAL_UNCERTAINTY_ASSIGNED_CONTEXT((#4716))
GLOBAL_UNIT_ASSIGNED_CONTEXT((#4919,#4921,#4922))
REPRESENTATION_CONTEXT('','3D')
);
#4886=(
GEOMETRIC_REPRESENTATION_CONTEXT(3)
GLOBAL_UNCERTAINTY_ASSIGNED_CONTEXT((#4717))
GLOBAL_UNIT_ASSIGNED_CONTEXT((#4919,#4921,#4922))
REPRESENTATION_CONTEXT('','3D')
);
#4887=(
GEOMETRIC_REPRESENTATION_CONTEXT(3)
GLOBAL_UNCERTAINTY_ASSIGNED_CONTEXT((#4718))
GLOBAL_UNIT_ASSIGNED_CONTEXT((#4919,#4921,#4922))
REPRESENTATION_CONTEXT('','3D')
);
#4888=(
GEOMETRIC_REPRESENTATION_CONTEXT(3)
GLOBAL_UNCERTAINTY_ASSIGNED_CONTEXT((#4719))
GLOBAL_UNIT_ASSIGNED_CONTEXT((#4919,#4921,#4922))
REPRESENTATION_CONTEXT('','3D')
);
#4889=(
GEOMETRIC_REPRESENTATION_CONTEXT(3)
GLOBAL_UNCERTAINTY_ASSIGNED_CONTEXT((#4720))
GLOBAL_UNIT_ASSIGNED_CONTEXT((#4919,#4921,#4922))
REPRESENTATION_CONTEXT('','3D')
);
#4890=(
GEOMETRIC_REPRESENTATION_CONTEXT(3)
GLOBAL_UNCERTAINTY_ASSIGNED_CONTEXT((#4721))
GLOBAL_UNIT_ASSIGNED_CONTEXT((#4919,#4921,#4922))
REPRESENTATION_CONTEXT('','3D')
);
#4891=(
GEOMETRIC_REPRESENTATION_CONTEXT(3)
GLOBAL_UNCERTAINTY_ASSIGNED_CONTEXT((#4722))
GLOBAL_UNIT_ASSIGNED_CONTEXT((#4919,#4921,#4922))
REPRESENTATION_CONTEXT('','3D')
);
#4892=(
GEOMETRIC_REPRESENTATION_CONTEXT(3)
GLOBAL_UNCERTAINTY_ASSIGNED_CONTEXT((#4723))
GLOBAL_UNIT_ASSIGNED_CONTEXT((#4919,#4921,#4922))
REPRESENTATION_CONTEXT('','3D')
);
#4893=(
GEOMETRIC_REPRESENTATION_CONTEXT(3)
GLOBAL_UNCERTAINTY_ASSIGNED_CONTEXT((#4724))
GLOBAL_UNIT_ASSIGNED_CONTEXT((#4919,#4921,#4922))
REPRESENTATION_CONTEXT('','3D')
);
#4894=(
GEOMETRIC_REPRESENTATION_CONTEXT(3)
GLOBAL_UNCERTAINTY_ASSIGNED_CONTEXT((#4725))
GLOBAL_UNIT_ASSIGNED_CONTEXT((#4919,#4921,#4922))
REPRESENTATION_CONTEXT('','3D')
);
#4895=(
GEOMETRIC_REPRESENTATION_CONTEXT(3)
GLOBAL_UNCERTAINTY_ASSIGNED_CONTEXT((#4726))
GLOBAL_UNIT_ASSIGNED_CONTEXT((#4919,#4921,#4922))
REPRESENTATION_CONTEXT('','3D')
);
#4896=(
GEOMETRIC_REPRESENTATION_CONTEXT(3)
GLOBAL_UNCERTAINTY_ASSIGNED_CONTEXT((#4727))
GLOBAL_UNIT_ASSIGNED_CONTEXT((#4919,#4921,#4922))
REPRESENTATION_CONTEXT('','3D')
);
#4897=(
GEOMETRIC_REPRESENTATION_CONTEXT(3)
GLOBAL_UNCERTAINTY_ASSIGNED_CONTEXT((#4728))
GLOBAL_UNIT_ASSIGNED_CONTEXT((#4919,#4921,#4922))
REPRESENTATION_CONTEXT('','3D')
);
#4898=(
GEOMETRIC_REPRESENTATION_CONTEXT(3)
GLOBAL_UNCERTAINTY_ASSIGNED_CONTEXT((#4729))
GLOBAL_UNIT_ASSIGNED_CONTEXT((#4919,#4921,#4922))
REPRESENTATION_CONTEXT('','3D')
);
#4899=(
GEOMETRIC_REPRESENTATION_CONTEXT(3)
GLOBAL_UNCERTAINTY_ASSIGNED_CONTEXT((#4730))
GLOBAL_UNIT_ASSIGNED_CONTEXT((#4919,#4921,#4922))
REPRESENTATION_CONTEXT('','3D')
);
#4900=(
GEOMETRIC_REPRESENTATION_CONTEXT(3)
GLOBAL_UNCERTAINTY_ASSIGNED_CONTEXT((#4731))
GLOBAL_UNIT_ASSIGNED_CONTEXT((#4919,#4921,#4922))
REPRESENTATION_CONTEXT('','3D')
);
#4901=(
GEOMETRIC_REPRESENTATION_CONTEXT(3)
GLOBAL_UNCERTAINTY_ASSIGNED_CONTEXT((#4732))
GLOBAL_UNIT_ASSIGNED_CONTEXT((#4919,#4921,#4922))
REPRESENTATION_CONTEXT('','3D')
);
#4902=(
GEOMETRIC_REPRESENTATION_CONTEXT(3)
GLOBAL_UNCERTAINTY_ASSIGNED_CONTEXT((#4733))
GLOBAL_UNIT_ASSIGNED_CONTEXT((#4919,#4921,#4922))
REPRESENTATION_CONTEXT('','3D')
);
#4903=(
GEOMETRIC_REPRESENTATION_CONTEXT(3)
GLOBAL_UNCERTAINTY_ASSIGNED_CONTEXT((#4734))
GLOBAL_UNIT_ASSIGNED_CONTEXT((#4919,#4921,#4922))
REPRESENTATION_CONTEXT('','3D')
);
#4904=(
GEOMETRIC_REPRESENTATION_CONTEXT(3)
GLOBAL_UNCERTAINTY_ASSIGNED_CONTEXT((#4735))
GLOBAL_UNIT_ASSIGNED_CONTEXT((#4919,#4921,#4922))
REPRESENTATION_CONTEXT('','3D')
);
#4905=(
GEOMETRIC_REPRESENTATION_CONTEXT(3)
GLOBAL_UNCERTAINTY_ASSIGNED_CONTEXT((#4736))
GLOBAL_UNIT_ASSIGNED_CONTEXT((#4919,#4921,#4922))
REPRESENTATION_CONTEXT('','3D')
);
#4906=(
GEOMETRIC_REPRESENTATION_CONTEXT(3)
GLOBAL_UNCERTAINTY_ASSIGNED_CONTEXT((#4737))
GLOBAL_UNIT_ASSIGNED_CONTEXT((#4919,#4921,#4922))
REPRESENTATION_CONTEXT('','3D')
);
#4907=(
GEOMETRIC_REPRESENTATION_CONTEXT(3)
GLOBAL_UNCERTAINTY_ASSIGNED_CONTEXT((#4738))
GLOBAL_UNIT_ASSIGNED_CONTEXT((#4919,#4921,#4922))
REPRESENTATION_CONTEXT('','3D')
);
#4908=(
GEOMETRIC_REPRESENTATION_CONTEXT(3)
GLOBAL_UNCERTAINTY_ASSIGNED_CONTEXT((#4739))
GLOBAL_UNIT_ASSIGNED_CONTEXT((#4919,#4921,#4922))
REPRESENTATION_CONTEXT('','3D')
);
#4909=(
GEOMETRIC_REPRESENTATION_CONTEXT(3)
GLOBAL_UNCERTAINTY_ASSIGNED_CONTEXT((#4740))
GLOBAL_UNIT_ASSIGNED_CONTEXT((#4919,#4921,#4922))
REPRESENTATION_CONTEXT('','3D')
);
#4910=(
GEOMETRIC_REPRESENTATION_CONTEXT(3)
GLOBAL_UNCERTAINTY_ASSIGNED_CONTEXT((#4741))
GLOBAL_UNIT_ASSIGNED_CONTEXT((#4919,#4921,#4922))
REPRESENTATION_CONTEXT('','3D')
);
#4911=(
GEOMETRIC_REPRESENTATION_CONTEXT(3)
GLOBAL_UNCERTAINTY_ASSIGNED_CONTEXT((#4742))
GLOBAL_UNIT_ASSIGNED_CONTEXT((#4919,#4921,#4922))
REPRESENTATION_CONTEXT('','3D')
);
#4912=(
GEOMETRIC_REPRESENTATION_CONTEXT(3)
GLOBAL_UNCERTAINTY_ASSIGNED_CONTEXT((#4743))
GLOBAL_UNIT_ASSIGNED_CONTEXT((#4919,#4921,#4922))
REPRESENTATION_CONTEXT('','3D')
);
#4913=(
GEOMETRIC_REPRESENTATION_CONTEXT(3)
GLOBAL_UNCERTAINTY_ASSIGNED_CONTEXT((#4744))
GLOBAL_UNIT_ASSIGNED_CONTEXT((#4919,#4921,#4922))
REPRESENTATION_CONTEXT('','3D')
);
#4914=(
GEOMETRIC_REPRESENTATION_CONTEXT(3)
GLOBAL_UNCERTAINTY_ASSIGNED_CONTEXT((#4745))
GLOBAL_UNIT_ASSIGNED_CONTEXT((#4919,#4921,#4922))
REPRESENTATION_CONTEXT('','3D')
);
#4915=(
GEOMETRIC_REPRESENTATION_CONTEXT(3)
GLOBAL_UNCERTAINTY_ASSIGNED_CONTEXT((#4746))
GLOBAL_UNIT_ASSIGNED_CONTEXT((#4919,#4921,#4922))
REPRESENTATION_CONTEXT('','3D')
);
#4916=(
GEOMETRIC_REPRESENTATION_CONTEXT(3)
GLOBAL_UNCERTAINTY_ASSIGNED_CONTEXT((#4747))
GLOBAL_UNIT_ASSIGNED_CONTEXT((#4919,#4921,#4922))
REPRESENTATION_CONTEXT('','3D')
);
#4917=(
GEOMETRIC_REPRESENTATION_CONTEXT(3)
GLOBAL_UNCERTAINTY_ASSIGNED_CONTEXT((#4748))
GLOBAL_UNIT_ASSIGNED_CONTEXT((#4919,#4921,#4922))
REPRESENTATION_CONTEXT('','3D')
);
#4918=(
GEOMETRIC_REPRESENTATION_CONTEXT(3)
GLOBAL_UNCERTAINTY_ASSIGNED_CONTEXT((#4749))
GLOBAL_UNIT_ASSIGNED_CONTEXT((#4919,#4921,#4922))
REPRESENTATION_CONTEXT('','3D')
);
#4919=(
LENGTH_UNIT()
NAMED_UNIT(*)
SI_UNIT(.MILLI.,.METRE.)
);
#4920=(
LENGTH_UNIT()
NAMED_UNIT(*)
SI_UNIT($,.METRE.)
);
#4921=(
NAMED_UNIT(*)
PLANE_ANGLE_UNIT()
SI_UNIT($,.RADIAN.)
);
#4922=(
NAMED_UNIT(*)
SI_UNIT($,.STERADIAN.)
SOLID_ANGLE_UNIT()
);
#4923=SHAPE_DEFINITION_REPRESENTATION(#5091,#5553);
#4924=SHAPE_DEFINITION_REPRESENTATION(#5092,#5554);
#4925=SHAPE_DEFINITION_REPRESENTATION(#5093,#5555);
#4926=SHAPE_DEFINITION_REPRESENTATION(#5095,#5556);
#4927=SHAPE_DEFINITION_REPRESENTATION(#5096,#5557);
#4928=SHAPE_DEFINITION_REPRESENTATION(#5097,#5558);
#4929=SHAPE_DEFINITION_REPRESENTATION(#5098,#5559);
#4930=SHAPE_DEFINITION_REPRESENTATION(#5099,#5560);
#4931=SHAPE_DEFINITION_REPRESENTATION(#5100,#5561);
#4932=SHAPE_DEFINITION_REPRESENTATION(#5101,#5562);
#4933=SHAPE_DEFINITION_REPRESENTATION(#5104,#5563);
#4934=SHAPE_DEFINITION_REPRESENTATION(#5105,#5564);
#4935=SHAPE_DEFINITION_REPRESENTATION(#5106,#5565);
#4936=SHAPE_DEFINITION_REPRESENTATION(#5107,#5566);
#4937=SHAPE_DEFINITION_REPRESENTATION(#5108,#5567);
#4938=SHAPE_DEFINITION_REPRESENTATION(#5110,#5568);
#4939=SHAPE_DEFINITION_REPRESENTATION(#5111,#5569);
#4940=SHAPE_DEFINITION_REPRESENTATION(#5112,#5570);
#4941=SHAPE_DEFINITION_REPRESENTATION(#5113,#5571);
#4942=SHAPE_DEFINITION_REPRESENTATION(#5114,#5572);
#4943=SHAPE_DEFINITION_REPRESENTATION(#5116,#5573);
#4944=SHAPE_DEFINITION_REPRESENTATION(#5117,#5574);
#4945=SHAPE_DEFINITION_REPRESENTATION(#5122,#5575);
#4946=SHAPE_DEFINITION_REPRESENTATION(#5123,#5576);
#4947=SHAPE_DEFINITION_REPRESENTATION(#5124,#5577);
#4948=SHAPE_DEFINITION_REPRESENTATION(#5125,#5578);
#4949=SHAPE_DEFINITION_REPRESENTATION(#5126,#5579);
#4950=SHAPE_DEFINITION_REPRESENTATION(#5131,#5580);
#4951=SHAPE_DEFINITION_REPRESENTATION(#5132,#5581);
#4952=SHAPE_DEFINITION_REPRESENTATION(#5133,#5582);
#4953=SHAPE_DEFINITION_REPRESENTATION(#5134,#5583);
#4954=SHAPE_DEFINITION_REPRESENTATION(#5136,#5584);
#4955=SHAPE_DEFINITION_REPRESENTATION(#5137,#5585);
#4956=SHAPE_DEFINITION_REPRESENTATION(#5138,#5586);
#4957=SHAPE_DEFINITION_REPRESENTATION(#5143,#5587);
#4958=SHAPE_DEFINITION_REPRESENTATION(#5144,#5588);
#4959=SHAPE_DEFINITION_REPRESENTATION(#5152,#5589);
#4960=SHAPE_DEFINITION_REPRESENTATION(#5153,#5590);
#4961=SHAPE_DEFINITION_REPRESENTATION(#5154,#5591);
#4962=SHAPE_DEFINITION_REPRESENTATION(#5155,#5592);
#4963=SHAPE_DEFINITION_REPRESENTATION(#5156,#5593);
#4964=SHAPE_DEFINITION_REPRESENTATION(#5157,#5594);
#4965=SHAPE_DEFINITION_REPRESENTATION(#5158,#5595);
#4966=SHAPE_DEFINITION_REPRESENTATION(#5159,#5596);
#4967=SHAPE_DEFINITION_REPRESENTATION(#5160,#5597);
#4968=SHAPE_DEFINITION_REPRESENTATION(#5161,#5598);
#4969=SHAPE_DEFINITION_REPRESENTATION(#5162,#5599);
#4970=SHAPE_DEFINITION_REPRESENTATION(#5164,#5600);
#4971=SHAPE_DEFINITION_REPRESENTATION(#5165,#5601);
#4972=SHAPE_DEFINITION_REPRESENTATION(#5166,#5602);
#4973=SHAPE_DEFINITION_REPRESENTATION(#5167,#5603);
#4974=SHAPE_DEFINITION_REPRESENTATION(#5168,#5604);
#4975=SHAPE_DEFINITION_REPRESENTATION(#5169,#5605);
#4976=SHAPE_DEFINITION_REPRESENTATION(#5170,#5606);
#4977=SHAPE_DEFINITION_REPRESENTATION(#5171,#5607);
#4978=SHAPE_DEFINITION_REPRESENTATION(#5172,#5608);
#4979=SHAPE_DEFINITION_REPRESENTATION(#5173,#5609);
#4980=SHAPE_DEFINITION_REPRESENTATION(#5181,#5610);
#4981=SHAPE_DEFINITION_REPRESENTATION(#5184,#5611);
#4982=SHAPE_DEFINITION_REPRESENTATION(#5185,#5612);
#4983=SHAPE_DEFINITION_REPRESENTATION(#5186,#5613);
#4984=SHAPE_DEFINITION_REPRESENTATION(#5189,#5614);
#4985=SHAPE_DEFINITION_REPRESENTATION(#5190,#5615);
#4986=SHAPE_DEFINITION_REPRESENTATION(#5191,#5616);
#4987=SHAPE_DEFINITION_REPRESENTATION(#5192,#5617);
#4988=SHAPE_DEFINITION_REPRESENTATION(#5194,#5618);
#4989=SHAPE_DEFINITION_REPRESENTATION(#5195,#5619);
#4990=SHAPE_DEFINITION_REPRESENTATION(#5196,#5620);
#4991=SHAPE_DEFINITION_REPRESENTATION(#5197,#5621);
#4992=SHAPE_DEFINITION_REPRESENTATION(#5198,#5622);
#4993=SHAPE_DEFINITION_REPRESENTATION(#5199,#5623);
#4994=SHAPE_DEFINITION_REPRESENTATION(#5200,#5624);
#4995=SHAPE_DEFINITION_REPRESENTATION(#5201,#5625);
#4996=SHAPE_DEFINITION_REPRESENTATION(#5202,#5626);
#4997=SHAPE_DEFINITION_REPRESENTATION(#5203,#5627);
#4998=SHAPE_DEFINITION_REPRESENTATION(#5204,#5628);
#4999=SHAPE_DEFINITION_REPRESENTATION(#5206,#5629);
#5000=SHAPE_DEFINITION_REPRESENTATION(#5207,#5630);
#5001=SHAPE_DEFINITION_REPRESENTATION(#5215,#5631);
#5002=SHAPE_DEFINITION_REPRESENTATION(#5216,#5632);
#5003=SHAPE_DEFINITION_REPRESENTATION(#5217,#5633);
#5004=SHAPE_DEFINITION_REPRESENTATION(#5222,#5634);
#5005=SHAPE_DEFINITION_REPRESENTATION(#5223,#5635);
#5006=SHAPE_DEFINITION_REPRESENTATION(#5224,#5636);
#5007=SHAPE_DEFINITION_REPRESENTATION(#5238,#5637);
#5008=SHAPE_DEFINITION_REPRESENTATION(#5239,#5638);
#5009=SHAPE_DEFINITION_REPRESENTATION(#5329,#5639);
#5010=SHAPE_DEFINITION_REPRESENTATION(#5330,#5640);
#5011=SHAPE_DEFINITION_REPRESENTATION(#5331,#5641);
#5012=SHAPE_DEFINITION_REPRESENTATION(#5334,#5642);
#5013=SHAPE_DEFINITION_REPRESENTATION(#5335,#5643);
#5014=SHAPE_DEFINITION_REPRESENTATION(#5336,#5644);
#5015=SHAPE_DEFINITION_REPRESENTATION(#5337,#5645);
#5016=SHAPE_DEFINITION_REPRESENTATION(#5338,#5646);
#5017=SHAPE_DEFINITION_REPRESENTATION(#5340,#5647);
#5018=SHAPE_DEFINITION_REPRESENTATION(#5341,#5648);
#5019=SHAPE_DEFINITION_REPRESENTATION(#5342,#5649);
#5020=SHAPE_DEFINITION_REPRESENTATION(#5343,#5650);
#5021=SHAPE_DEFINITION_REPRESENTATION(#5358,#5651);
#5022=SHAPE_DEFINITION_REPRESENTATION(#5359,#5652);
#5023=SHAPE_DEFINITION_REPRESENTATION(#5360,#5653);
#5024=SHAPE_DEFINITION_REPRESENTATION(#5361,#5654);
#5025=SHAPE_DEFINITION_REPRESENTATION(#5362,#5655);
#5026=SHAPE_DEFINITION_REPRESENTATION(#5363,#5656);
#5027=SHAPE_DEFINITION_REPRESENTATION(#5364,#5657);
#5028=SHAPE_DEFINITION_REPRESENTATION(#5365,#5658);
#5029=SHAPE_DEFINITION_REPRESENTATION(#5366,#5659);
#5030=SHAPE_DEFINITION_REPRESENTATION(#5367,#5660);
#5031=SHAPE_DEFINITION_REPRESENTATION(#5368,#5661);
#5032=SHAPE_DEFINITION_REPRESENTATION(#5369,#5662);
#5033=SHAPE_DEFINITION_REPRESENTATION(#5370,#5663);
#5034=SHAPE_DEFINITION_REPRESENTATION(#5371,#5664);
#5035=SHAPE_DEFINITION_REPRESENTATION(#5372,#5665);
#5036=SHAPE_DEFINITION_REPRESENTATION(#5373,#5666);
#5037=SHAPE_DEFINITION_REPRESENTATION(#5375,#5667);
#5038=SHAPE_DEFINITION_REPRESENTATION(#5376,#5668);
#5039=SHAPE_DEFINITION_REPRESENTATION(#5377,#5669);
#5040=SHAPE_DEFINITION_REPRESENTATION(#5378,#5670);
#5041=SHAPE_DEFINITION_REPRESENTATION(#5379,#5671);
#5042=SHAPE_DEFINITION_REPRESENTATION(#5380,#5672);
#5043=SHAPE_DEFINITION_REPRESENTATION(#5381,#5673);
#5044=SHAPE_DEFINITION_REPRESENTATION(#5382,#5674);
#5045=SHAPE_DEFINITION_REPRESENTATION(#5383,#5675);
#5046=SHAPE_DEFINITION_REPRESENTATION(#5384,#5676);
#5047=SHAPE_DEFINITION_REPRESENTATION(#5385,#5677);
#5048=SHAPE_DEFINITION_REPRESENTATION(#5386,#5678);
#5049=SHAPE_DEFINITION_REPRESENTATION(#5387,#5679);
#5050=SHAPE_DEFINITION_REPRESENTATION(#5389,#5680);
#5051=SHAPE_DEFINITION_REPRESENTATION(#5390,#5681);
#5052=SHAPE_DEFINITION_REPRESENTATION(#5403,#5682);
#5053=SHAPE_DEFINITION_REPRESENTATION(#5404,#5683);
#5054=SHAPE_DEFINITION_REPRESENTATION(#5405,#5684);
#5055=SHAPE_DEFINITION_REPRESENTATION(#5408,#5685);
#5056=SHAPE_DEFINITION_REPRESENTATION(#5409,#5686);
#5057=SHAPE_DEFINITION_REPRESENTATION(#5414,#5687);
#5058=SHAPE_DEFINITION_REPRESENTATION(#5415,#5688);
#5059=SHAPE_DEFINITION_REPRESENTATION(#5416,#5689);
#5060=SHAPE_DEFINITION_REPRESENTATION(#5423,#5690);
#5061=SHAPE_DEFINITION_REPRESENTATION(#5424,#5691);
#5062=SHAPE_DEFINITION_REPRESENTATION(#5425,#5692);
#5063=SHAPE_DEFINITION_REPRESENTATION(#5426,#5693);
#5064=SHAPE_DEFINITION_REPRESENTATION(#5432,#5694);
#5065=SHAPE_DEFINITION_REPRESENTATION(#5433,#5695);
#5066=SHAPE_DEFINITION_REPRESENTATION(#5434,#5696);
#5067=SHAPE_DEFINITION_REPRESENTATION(#5435,#5697);
#5068=SHAPE_DEFINITION_REPRESENTATION(#5436,#5698);
#5069=SHAPE_DEFINITION_REPRESENTATION(#5437,#5699);
#5070=SHAPE_DEFINITION_REPRESENTATION(#5438,#5700);
#5071=SHAPE_DEFINITION_REPRESENTATION(#5440,#5701);
#5072=SHAPE_DEFINITION_REPRESENTATION(#5446,#5702);
#5073=SHAPE_DEFINITION_REPRESENTATION(#5447,#5703);
#5074=SHAPE_DEFINITION_REPRESENTATION(#5448,#5704);
#5075=SHAPE_DEFINITION_REPRESENTATION(#5470,#5705);
#5076=SHAPE_DEFINITION_REPRESENTATION(#5471,#5706);
#5077=SHAPE_DEFINITION_REPRESENTATION(#5473,#5707);
#5078=SHAPE_DEFINITION_REPRESENTATION(#5474,#5708);
#5079=SHAPE_DEFINITION_REPRESENTATION(#5477,#5709);
#5080=SHAPE_DEFINITION_REPRESENTATION(#5478,#5710);
#5081=SHAPE_DEFINITION_REPRESENTATION(#5479,#5711);
#5082=SHAPE_DEFINITION_REPRESENTATION(#5484,#5712);
#5083=SHAPE_DEFINITION_REPRESENTATION(#5485,#5713);
#5084=SHAPE_DEFINITION_REPRESENTATION(#5487,#5714);
#5085=SHAPE_DEFINITION_REPRESENTATION(#5488,#5715);
#5086=SHAPE_DEFINITION_REPRESENTATION(#5489,#5716);
#5087=SHAPE_DEFINITION_REPRESENTATION(#5492,#5717);
#5088=SHAPE_DEFINITION_REPRESENTATION(#5493,#5718);
#5089=SHAPE_DEFINITION_REPRESENTATION(#5495,#5719);
#5090=SHAPE_DEFINITION_REPRESENTATION(#5496,#5720);
#5091=PRODUCT_DEFINITION_SHAPE('',$,#5722);
#5092=PRODUCT_DEFINITION_SHAPE('',$,#5723);
#5093=PRODUCT_DEFINITION_SHAPE('',$,#5724);
#5094=PRODUCT_DEFINITION_SHAPE($,$,#1400);
#5095=PRODUCT_DEFINITION_SHAPE('',$,#5725);
#5096=PRODUCT_DEFINITION_SHAPE('',$,#5726);
#5097=PRODUCT_DEFINITION_SHAPE('',$,#5727);
#5098=PRODUCT_DEFINITION_SHAPE('',$,#5728);
#5099=PRODUCT_DEFINITION_SHAPE('',$,#5729);
#5100=PRODUCT_DEFINITION_SHAPE('',$,#5730);
#5101=PRODUCT_DEFINITION_SHAPE('',$,#5731);
#5102=PRODUCT_DEFINITION_SHAPE($,$,#1401);
#5103=PRODUCT_DEFINITION_SHAPE($,$,#1402);
#5104=PRODUCT_DEFINITION_SHAPE('',$,#5732);
#5105=PRODUCT_DEFINITION_SHAPE('',$,#5733);
#5106=PRODUCT_DEFINITION_SHAPE('',$,#5734);
#5107=PRODUCT_DEFINITION_SHAPE('',$,#5735);
#5108=PRODUCT_DEFINITION_SHAPE('',$,#5736);
#5109=PRODUCT_DEFINITION_SHAPE($,$,#1403);
#5110=PRODUCT_DEFINITION_SHAPE('',$,#5737);
#5111=PRODUCT_DEFINITION_SHAPE('',$,#5738);
#5112=PRODUCT_DEFINITION_SHAPE('',$,#5739);
#5113=PRODUCT_DEFINITION_SHAPE('',$,#5740);
#5114=PRODUCT_DEFINITION_SHAPE('',$,#5741);
#5115=PRODUCT_DEFINITION_SHAPE($,$,#1404);
#5116=PRODUCT_DEFINITION_SHAPE('',$,#5742);
#5117=PRODUCT_DEFINITION_SHAPE('',$,#5743);
#5118=PRODUCT_DEFINITION_SHAPE($,$,#1405);
#5119=PRODUCT_DEFINITION_SHAPE($,$,#1406);
#5120=PRODUCT_DEFINITION_SHAPE($,$,#1407);
#5121=PRODUCT_DEFINITION_SHAPE($,$,#1408);
#5122=PRODUCT_DEFINITION_SHAPE('',$,#5744);
#5123=PRODUCT_DEFINITION_SHAPE('',$,#5745);
#5124=PRODUCT_DEFINITION_SHAPE('',$,#5746);
#5125=PRODUCT_DEFINITION_SHAPE('',$,#5747);
#5126=PRODUCT_DEFINITION_SHAPE('',$,#5748);
#5127=PRODUCT_DEFINITION_SHAPE($,$,#1409);
#5128=PRODUCT_DEFINITION_SHAPE($,$,#1410);
#5129=PRODUCT_DEFINITION_SHAPE($,$,#1411);
#5130=PRODUCT_DEFINITION_SHAPE($,$,#1412);
#5131=PRODUCT_DEFINITION_SHAPE('',$,#5749);
#5132=PRODUCT_DEFINITION_SHAPE('',$,#5750);
#5133=PRODUCT_DEFINITION_SHAPE('',$,#5751);
#5134=PRODUCT_DEFINITION_SHAPE('',$,#5752);
#5135=PRODUCT_DEFINITION_SHAPE($,$,#1413);
#5136=PRODUCT_DEFINITION_SHAPE('',$,#5753);
#5137=PRODUCT_DEFINITION_SHAPE('',$,#5754);
#5138=PRODUCT_DEFINITION_SHAPE('',$,#5755);
#5139=PRODUCT_DEFINITION_SHAPE($,$,#1414);
#5140=PRODUCT_DEFINITION_SHAPE($,$,#1415);
#5141=PRODUCT_DEFINITION_SHAPE($,$,#1416);
#5142=PRODUCT_DEFINITION_SHAPE($,$,#1417);
#5143=PRODUCT_DEFINITION_SHAPE('',$,#5756);
#5144=PRODUCT_DEFINITION_SHAPE('',$,#5757);
#5145=PRODUCT_DEFINITION_SHAPE($,$,#1418);
#5146=PRODUCT_DEFINITION_SHAPE($,$,#1419);
#5147=PRODUCT_DEFINITION_SHAPE($,$,#1420);
#5148=PRODUCT_DEFINITION_SHAPE($,$,#1421);
#5149=PRODUCT_DEFINITION_SHAPE($,$,#1422);
#5150=PRODUCT_DEFINITION_SHAPE($,$,#1423);
#5151=PRODUCT_DEFINITION_SHAPE($,$,#1424);
#5152=PRODUCT_DEFINITION_SHAPE('',$,#5758);
#5153=PRODUCT_DEFINITION_SHAPE('',$,#5759);
#5154=PRODUCT_DEFINITION_SHAPE('',$,#5760);
#5155=PRODUCT_DEFINITION_SHAPE('',$,#5761);
#5156=PRODUCT_DEFINITION_SHAPE('',$,#5762);
#5157=PRODUCT_DEFINITION_SHAPE('',$,#5763);
#5158=PRODUCT_DEFINITION_SHAPE('',$,#5764);
#5159=PRODUCT_DEFINITION_SHAPE('',$,#5765);
#5160=PRODUCT_DEFINITION_SHAPE('',$,#5766);
#5161=PRODUCT_DEFINITION_SHAPE('',$,#5767);
#5162=PRODUCT_DEFINITION_SHAPE('',$,#5768);
#5163=PRODUCT_DEFINITION_SHAPE($,$,#1425);
#5164=PRODUCT_DEFINITION_SHAPE('',$,#5769);
#5165=PRODUCT_DEFINITION_SHAPE('',$,#5770);
#5166=PRODUCT_DEFINITION_SHAPE('',$,#5771);
#5167=PRODUCT_DEFINITION_SHAPE('',$,#5772);
#5168=PRODUCT_DEFINITION_SHAPE('',$,#5773);
#5169=PRODUCT_DEFINITION_SHAPE('',$,#5774);
#5170=PRODUCT_DEFINITION_SHAPE('',$,#5775);
#5171=PRODUCT_DEFINITION_SHAPE('',$,#5776);
#5172=PRODUCT_DEFINITION_SHAPE('',$,#5777);
#5173=PRODUCT_DEFINITION_SHAPE('',$,#5778);
#5174=PRODUCT_DEFINITION_SHAPE($,$,#1426);
#5175=PRODUCT_DEFINITION_SHAPE($,$,#1427);
#5176=PRODUCT_DEFINITION_SHAPE($,$,#1428);
#5177=PRODUCT_DEFINITION_SHAPE($,$,#1429);
#5178=PRODUCT_DEFINITION_SHAPE($,$,#1430);
#5179=PRODUCT_DEFINITION_SHAPE($,$,#1431);
#5180=PRODUCT_DEFINITION_SHAPE($,$,#1432);
#5181=PRODUCT_DEFINITION_SHAPE('',$,#5779);
#5182=PRODUCT_DEFINITION_SHAPE($,$,#1433);
#5183=PRODUCT_DEFINITION_SHAPE($,$,#1434);
#5184=PRODUCT_DEFINITION_SHAPE('',$,#5780);
#5185=PRODUCT_DEFINITION_SHAPE('',$,#5781);
#5186=PRODUCT_DEFINITION_SHAPE('',$,#5782);
#5187=PRODUCT_DEFINITION_SHAPE($,$,#1435);
#5188=PRODUCT_DEFINITION_SHAPE($,$,#1436);
#5189=PRODUCT_DEFINITION_SHAPE('',$,#5783);
#5190=PRODUCT_DEFINITION_SHAPE('',$,#5784);
#5191=PRODUCT_DEFINITION_SHAPE('',$,#5785);
#5192=PRODUCT_DEFINITION_SHAPE('',$,#5786);
#5193=PRODUCT_DEFINITION_SHAPE($,$,#1437);
#5194=PRODUCT_DEFINITION_SHAPE('',$,#5787);
#5195=PRODUCT_DEFINITION_SHAPE('',$,#5788);
#5196=PRODUCT_DEFINITION_SHAPE('',$,#5789);
#5197=PRODUCT_DEFINITION_SHAPE('',$,#5790);
#5198=PRODUCT_DEFINITION_SHAPE('',$,#5791);
#5199=PRODUCT_DEFINITION_SHAPE('',$,#5792);
#5200=PRODUCT_DEFINITION_SHAPE('',$,#5793);
#5201=PRODUCT_DEFINITION_SHAPE('',$,#5794);
#5202=PRODUCT_DEFINITION_SHAPE('',$,#5795);
#5203=PRODUCT_DEFINITION_SHAPE('',$,#5796);
#5204=PRODUCT_DEFINITION_SHAPE('',$,#5797);
#5205=PRODUCT_DEFINITION_SHAPE($,$,#1438);
#5206=PRODUCT_DEFINITION_SHAPE('',$,#5798);
#5207=PRODUCT_DEFINITION_SHAPE('',$,#5799);
#5208=PRODUCT_DEFINITION_SHAPE($,$,#1439);
#5209=PRODUCT_DEFINITION_SHAPE($,$,#1440);
#5210=PRODUCT_DEFINITION_SHAPE($,$,#1441);
#5211=PRODUCT_DEFINITION_SHAPE($,$,#1442);
#5212=PRODUCT_DEFINITION_SHAPE($,$,#1443);
#5213=PRODUCT_DEFINITION_SHAPE($,$,#1444);
#5214=PRODUCT_DEFINITION_SHAPE($,$,#1445);
#5215=PRODUCT_DEFINITION_SHAPE('',$,#5800);
#5216=PRODUCT_DEFINITION_SHAPE('',$,#5801);
#5217=PRODUCT_DEFINITION_SHAPE('',$,#5802);
#5218=PRODUCT_DEFINITION_SHAPE($,$,#1446);
#5219=PRODUCT_DEFINITION_SHAPE($,$,#1447);
#5220=PRODUCT_DEFINITION_SHAPE($,$,#1448);
#5221=PRODUCT_DEFINITION_SHAPE($,$,#1449);
#5222=PRODUCT_DEFINITION_SHAPE('',$,#5803);
#5223=PRODUCT_DEFINITION_SHAPE('',$,#5804);
#5224=PRODUCT_DEFINITION_SHAPE('',$,#5805);
#5225=PRODUCT_DEFINITION_SHAPE($,$,#1450);
#5226=PRODUCT_DEFINITION_SHAPE($,$,#1451);
#5227=PRODUCT_DEFINITION_SHAPE($,$,#1452);
#5228=PRODUCT_DEFINITION_SHAPE($,$,#1453);
#5229=PRODUCT_DEFINITION_SHAPE($,$,#1454);
#5230=PRODUCT_DEFINITION_SHAPE($,$,#1455);
#5231=PRODUCT_DEFINITION_SHAPE($,$,#1456);
#5232=PRODUCT_DEFINITION_SHAPE($,$,#1457);
#5233=PRODUCT_DEFINITION_SHAPE($,$,#1458);
#5234=PRODUCT_DEFINITION_SHAPE($,$,#1459);
#5235=PRODUCT_DEFINITION_SHAPE($,$,#1460);
#5236=PRODUCT_DEFINITION_SHAPE($,$,#1461);
#5237=PRODUCT_DEFINITION_SHAPE($,$,#1462);
#5238=PRODUCT_DEFINITION_SHAPE('',$,#5806);
#5239=PRODUCT_DEFINITION_SHAPE('',$,#5807);
#5240=PRODUCT_DEFINITION_SHAPE($,$,#1463);
#5241=PRODUCT_DEFINITION_SHAPE($,$,#1464);
#5242=PRODUCT_DEFINITION_SHAPE($,$,#1465);
#5243=PRODUCT_DEFINITION_SHAPE($,$,#1466);
#5244=PRODUCT_DEFINITION_SHAPE($,$,#1467);
#5245=PRODUCT_DEFINITION_SHAPE($,$,#1468);
#5246=PRODUCT_DEFINITION_SHAPE($,$,#1469);
#5247=PRODUCT_DEFINITION_SHAPE($,$,#1470);
#5248=PRODUCT_DEFINITION_SHAPE($,$,#1471);
#5249=PRODUCT_DEFINITION_SHAPE($,$,#1472);
#5250=PRODUCT_DEFINITION_SHAPE($,$,#1473);
#5251=PRODUCT_DEFINITION_SHAPE($,$,#1474);
#5252=PRODUCT_DEFINITION_SHAPE($,$,#1475);
#5253=PRODUCT_DEFINITION_SHAPE($,$,#1476);
#5254=PRODUCT_DEFINITION_SHAPE($,$,#1477);
#5255=PRODUCT_DEFINITION_SHAPE($,$,#1478);
#5256=PRODUCT_DEFINITION_SHAPE($,$,#1479);
#5257=PRODUCT_DEFINITION_SHAPE($,$,#1480);
#5258=PRODUCT_DEFINITION_SHAPE($,$,#1481);
#5259=PRODUCT_DEFINITION_SHAPE($,$,#1482);
#5260=PRODUCT_DEFINITION_SHAPE($,$,#1483);
#5261=PRODUCT_DEFINITION_SHAPE($,$,#1484);
#5262=PRODUCT_DEFINITION_SHAPE($,$,#1485);
#5263=PRODUCT_DEFINITION_SHAPE($,$,#1486);
#5264=PRODUCT_DEFINITION_SHAPE($,$,#1487);
#5265=PRODUCT_DEFINITION_SHAPE($,$,#1488);
#5266=PRODUCT_DEFINITION_SHAPE($,$,#1489);
#5267=PRODUCT_DEFINITION_SHAPE($,$,#1490);
#5268=PRODUCT_DEFINITION_SHAPE($,$,#1491);
#5269=PRODUCT_DEFINITION_SHAPE($,$,#1492);
#5270=PRODUCT_DEFINITION_SHAPE($,$,#1493);
#5271=PRODUCT_DEFINITION_SHAPE($,$,#1494);
#5272=PRODUCT_DEFINITION_SHAPE($,$,#1495);
#5273=PRODUCT_DEFINITION_SHAPE($,$,#1496);
#5274=PRODUCT_DEFINITION_SHAPE($,$,#1497);
#5275=PRODUCT_DEFINITION_SHAPE($,$,#1498);
#5276=PRODUCT_DEFINITION_SHAPE($,$,#1499);
#5277=PRODUCT_DEFINITION_SHAPE($,$,#1500);
#5278=PRODUCT_DEFINITION_SHAPE($,$,#1501);
#5279=PRODUCT_DEFINITION_SHAPE($,$,#1502);
#5280=PRODUCT_DEFINITION_SHAPE($,$,#1503);
#5281=PRODUCT_DEFINITION_SHAPE($,$,#1504);
#5282=PRODUCT_DEFINITION_SHAPE($,$,#1505);
#5283=PRODUCT_DEFINITION_SHAPE($,$,#1506);
#5284=PRODUCT_DEFINITION_SHAPE($,$,#1507);
#5285=PRODUCT_DEFINITION_SHAPE($,$,#1508);
#5286=PRODUCT_DEFINITION_SHAPE($,$,#1509);
#5287=PRODUCT_DEFINITION_SHAPE($,$,#1510);
#5288=PRODUCT_DEFINITION_SHAPE($,$,#1511);
#5289=PRODUCT_DEFINITION_SHAPE($,$,#1512);
#5290=PRODUCT_DEFINITION_SHAPE($,$,#1513);
#5291=PRODUCT_DEFINITION_SHAPE($,$,#1514);
#5292=PRODUCT_DEFINITION_SHAPE($,$,#1515);
#5293=PRODUCT_DEFINITION_SHAPE($,$,#1516);
#5294=PRODUCT_DEFINITION_SHAPE($,$,#1517);
#5295=PRODUCT_DEFINITION_SHAPE($,$,#1518);
#5296=PRODUCT_DEFINITION_SHAPE($,$,#1519);
#5297=PRODUCT_DEFINITION_SHAPE($,$,#1520);
#5298=PRODUCT_DEFINITION_SHAPE($,$,#1521);
#5299=PRODUCT_DEFINITION_SHAPE($,$,#1522);
#5300=PRODUCT_DEFINITION_SHAPE($,$,#1523);
#5301=PRODUCT_DEFINITION_SHAPE($,$,#1524);
#5302=PRODUCT_DEFINITION_SHAPE($,$,#1525);
#5303=PRODUCT_DEFINITION_SHAPE($,$,#1526);
#5304=PRODUCT_DEFINITION_SHAPE($,$,#1527);
#5305=PRODUCT_DEFINITION_SHAPE($,$,#1528);
#5306=PRODUCT_DEFINITION_SHAPE($,$,#1529);
#5307=PRODUCT_DEFINITION_SHAPE($,$,#1530);
#5308=PRODUCT_DEFINITION_SHAPE($,$,#1531);
#5309=PRODUCT_DEFINITION_SHAPE($,$,#1532);
#5310=PRODUCT_DEFINITION_SHAPE($,$,#1533);
#5311=PRODUCT_DEFINITION_SHAPE($,$,#1534);
#5312=PRODUCT_DEFINITION_SHAPE($,$,#1535);
#5313=PRODUCT_DEFINITION_SHAPE($,$,#1536);
#5314=PRODUCT_DEFINITION_SHAPE($,$,#1537);
#5315=PRODUCT_DEFINITION_SHAPE($,$,#1538);
#5316=PRODUCT_DEFINITION_SHAPE($,$,#1539);
#5317=PRODUCT_DEFINITION_SHAPE($,$,#1540);
#5318=PRODUCT_DEFINITION_SHAPE($,$,#1541);
#5319=PRODUCT_DEFINITION_SHAPE($,$,#1542);
#5320=PRODUCT_DEFINITION_SHAPE($,$,#1543);
#5321=PRODUCT_DEFINITION_SHAPE($,$,#1544);
#5322=PRODUCT_DEFINITION_SHAPE($,$,#1545);
#5323=PRODUCT_DEFINITION_SHAPE($,$,#1546);
#5324=PRODUCT_DEFINITION_SHAPE($,$,#1547);
#5325=PRODUCT_DEFINITION_SHAPE($,$,#1548);
#5326=PRODUCT_DEFINITION_SHAPE($,$,#1549);
#5327=PRODUCT_DEFINITION_SHAPE($,$,#1550);
#5328=PRODUCT_DEFINITION_SHAPE($,$,#1551);
#5329=PRODUCT_DEFINITION_SHAPE('',$,#5808);
#5330=PRODUCT_DEFINITION_SHAPE('',$,#5809);
#5331=PRODUCT_DEFINITION_SHAPE('',$,#5810);
#5332=PRODUCT_DEFINITION_SHAPE($,$,#1552);
#5333=PRODUCT_DEFINITION_SHAPE($,$,#1553);
#5334=PRODUCT_DEFINITION_SHAPE('',$,#5811);
#5335=PRODUCT_DEFINITION_SHAPE('',$,#5812);
#5336=PRODUCT_DEFINITION_SHAPE('',$,#5813);
#5337=PRODUCT_DEFINITION_SHAPE('',$,#5814);
#5338=PRODUCT_DEFINITION_SHAPE('',$,#5815);
#5339=PRODUCT_DEFINITION_SHAPE($,$,#1554);
#5340=PRODUCT_DEFINITION_SHAPE('',$,#5816);
#5341=PRODUCT_DEFINITION_SHAPE('',$,#5817);
#5342=PRODUCT_DEFINITION_SHAPE('',$,#5818);
#5343=PRODUCT_DEFINITION_SHAPE('',$,#5819);
#5344=PRODUCT_DEFINITION_SHAPE($,$,#1555);
#5345=PRODUCT_DEFINITION_SHAPE($,$,#1556);
#5346=PRODUCT_DEFINITION_SHAPE($,$,#1557);
#5347=PRODUCT_DEFINITION_SHAPE($,$,#1558);
#5348=PRODUCT_DEFINITION_SHAPE($,$,#1559);
#5349=PRODUCT_DEFINITION_SHAPE($,$,#1560);
#5350=PRODUCT_DEFINITION_SHAPE($,$,#1561);
#5351=PRODUCT_DEFINITION_SHAPE($,$,#1562);
#5352=PRODUCT_DEFINITION_SHAPE($,$,#1563);
#5353=PRODUCT_DEFINITION_SHAPE($,$,#1564);
#5354=PRODUCT_DEFINITION_SHAPE($,$,#1565);
#5355=PRODUCT_DEFINITION_SHAPE($,$,#1566);
#5356=PRODUCT_DEFINITION_SHAPE($,$,#1567);
#5357=PRODUCT_DEFINITION_SHAPE($,$,#1568);
#5358=PRODUCT_DEFINITION_SHAPE('',$,#5820);
#5359=PRODUCT_DEFINITION_SHAPE('',$,#5821);
#5360=PRODUCT_DEFINITION_SHAPE('',$,#5822);
#5361=PRODUCT_DEFINITION_SHAPE('',$,#5823);
#5362=PRODUCT_DEFINITION_SHAPE('',$,#5824);
#5363=PRODUCT_DEFINITION_SHAPE('',$,#5825);
#5364=PRODUCT_DEFINITION_SHAPE('',$,#5826);
#5365=PRODUCT_DEFINITION_SHAPE('',$,#5827);
#5366=PRODUCT_DEFINITION_SHAPE('',$,#5828);
#5367=PRODUCT_DEFINITION_SHAPE('',$,#5829);
#5368=PRODUCT_DEFINITION_SHAPE('',$,#5830);
#5369=PRODUCT_DEFINITION_SHAPE('',$,#5831);
#5370=PRODUCT_DEFINITION_SHAPE('',$,#5832);
#5371=PRODUCT_DEFINITION_SHAPE('',$,#5833);
#5372=PRODUCT_DEFINITION_SHAPE('',$,#5834);
#5373=PRODUCT_DEFINITION_SHAPE('',$,#5835);
#5374=PRODUCT_DEFINITION_SHAPE($,$,#1569);
#5375=PRODUCT_DEFINITION_SHAPE('',$,#5836);
#5376=PRODUCT_DEFINITION_SHAPE('',$,#5837);
#5377=PRODUCT_DEFINITION_SHAPE('',$,#5838);
#5378=PRODUCT_DEFINITION_SHAPE('',$,#5839);
#5379=PRODUCT_DEFINITION_SHAPE('',$,#5840);
#5380=PRODUCT_DEFINITION_SHAPE('',$,#5841);
#5381=PRODUCT_DEFINITION_SHAPE('',$,#5842);
#5382=PRODUCT_DEFINITION_SHAPE('',$,#5843);
#5383=PRODUCT_DEFINITION_SHAPE('',$,#5844);
#5384=PRODUCT_DEFINITION_SHAPE('',$,#5845);
#5385=PRODUCT_DEFINITION_SHAPE('',$,#5846);
#5386=PRODUCT_DEFINITION_SHAPE('',$,#5847);
#5387=PRODUCT_DEFINITION_SHAPE('',$,#5848);
#5388=PRODUCT_DEFINITION_SHAPE($,$,#1570);
#5389=PRODUCT_DEFINITION_SHAPE('',$,#5849);
#5390=PRODUCT_DEFINITION_SHAPE('',$,#5850);
#5391=PRODUCT_DEFINITION_SHAPE($,$,#1571);
#5392=PRODUCT_DEFINITION_SHAPE($,$,#1572);
#5393=PRODUCT_DEFINITION_SHAPE($,$,#1573);
#5394=PRODUCT_DEFINITION_SHAPE($,$,#1574);
#5395=PRODUCT_DEFINITION_SHAPE($,$,#1575);
#5396=PRODUCT_DEFINITION_SHAPE($,$,#1576);
#5397=PRODUCT_DEFINITION_SHAPE($,$,#1577);
#5398=PRODUCT_DEFINITION_SHAPE($,$,#1578);
#5399=PRODUCT_DEFINITION_SHAPE($,$,#1579);
#5400=PRODUCT_DEFINITION_SHAPE($,$,#1580);
#5401=PRODUCT_DEFINITION_SHAPE($,$,#1581);
#5402=PRODUCT_DEFINITION_SHAPE($,$,#1582);
#5403=PRODUCT_DEFINITION_SHAPE('',$,#5851);
#5404=PRODUCT_DEFINITION_SHAPE('',$,#5852);
#5405=PRODUCT_DEFINITION_SHAPE('',$,#5853);
#5406=PRODUCT_DEFINITION_SHAPE($,$,#1583);
#5407=PRODUCT_DEFINITION_SHAPE($,$,#1584);
#5408=PRODUCT_DEFINITION_SHAPE('',$,#5854);
#5409=PRODUCT_DEFINITION_SHAPE('',$,#5855);
#5410=PRODUCT_DEFINITION_SHAPE($,$,#1585);
#5411=PRODUCT_DEFINITION_SHAPE($,$,#1586);
#5412=PRODUCT_DEFINITION_SHAPE($,$,#1587);
#5413=PRODUCT_DEFINITION_SHAPE($,$,#1588);
#5414=PRODUCT_DEFINITION_SHAPE('',$,#5856);
#5415=PRODUCT_DEFINITION_SHAPE('',$,#5857);
#5416=PRODUCT_DEFINITION_SHAPE('',$,#5858);
#5417=PRODUCT_DEFINITION_SHAPE($,$,#1589);
#5418=PRODUCT_DEFINITION_SHAPE($,$,#1590);
#5419=PRODUCT_DEFINITION_SHAPE($,$,#1591);
#5420=PRODUCT_DEFINITION_SHAPE($,$,#1592);
#5421=PRODUCT_DEFINITION_SHAPE($,$,#1593);
#5422=PRODUCT_DEFINITION_SHAPE($,$,#1594);
#5423=PRODUCT_DEFINITION_SHAPE('',$,#5859);
#5424=PRODUCT_DEFINITION_SHAPE('',$,#5860);
#5425=PRODUCT_DEFINITION_SHAPE('',$,#5861);
#5426=PRODUCT_DEFINITION_SHAPE('',$,#5862);
#5427=PRODUCT_DEFINITION_SHAPE($,$,#1595);
#5428=PRODUCT_DEFINITION_SHAPE($,$,#1596);
#5429=PRODUCT_DEFINITION_SHAPE($,$,#1597);
#5430=PRODUCT_DEFINITION_SHAPE($,$,#1598);
#5431=PRODUCT_DEFINITION_SHAPE($,$,#1599);
#5432=PRODUCT_DEFINITION_SHAPE('',$,#5863);
#5433=PRODUCT_DEFINITION_SHAPE('',$,#5864);
#5434=PRODUCT_DEFINITION_SHAPE('',$,#5865);
#5435=PRODUCT_DEFINITION_SHAPE('',$,#5866);
#5436=PRODUCT_DEFINITION_SHAPE('',$,#5867);
#5437=PRODUCT_DEFINITION_SHAPE('',$,#5868);
#5438=PRODUCT_DEFINITION_SHAPE('',$,#5869);
#5439=PRODUCT_DEFINITION_SHAPE($,$,#1600);
#5440=PRODUCT_DEFINITION_SHAPE('',$,#5870);
#5441=PRODUCT_DEFINITION_SHAPE($,$,#1601);
#5442=PRODUCT_DEFINITION_SHAPE($,$,#1602);
#5443=PRODUCT_DEFINITION_SHAPE($,$,#1603);
#5444=PRODUCT_DEFINITION_SHAPE($,$,#1604);
#5445=PRODUCT_DEFINITION_SHAPE($,$,#1605);
#5446=PRODUCT_DEFINITION_SHAPE('',$,#5871);
#5447=PRODUCT_DEFINITION_SHAPE('',$,#5872);
#5448=PRODUCT_DEFINITION_SHAPE('',$,#5873);
#5449=PRODUCT_DEFINITION_SHAPE($,$,#1606);
#5450=PRODUCT_DEFINITION_SHAPE($,$,#1607);
#5451=PRODUCT_DEFINITION_SHAPE($,$,#1608);
#5452=PRODUCT_DEFINITION_SHAPE($,$,#1609);
#5453=PRODUCT_DEFINITION_SHAPE($,$,#1610);
#5454=PRODUCT_DEFINITION_SHAPE($,$,#1611);
#5455=PRODUCT_DEFINITION_SHAPE($,$,#1612);
#5456=PRODUCT_DEFINITION_SHAPE($,$,#1613);
#5457=PRODUCT_DEFINITION_SHAPE($,$,#1614);
#5458=PRODUCT_DEFINITION_SHAPE($,$,#1615);
#5459=PRODUCT_DEFINITION_SHAPE($,$,#1616);
#5460=PRODUCT_DEFINITION_SHAPE($,$,#1617);
#5461=PRODUCT_DEFINITION_SHAPE($,$,#1618);
#5462=PRODUCT_DEFINITION_SHAPE($,$,#1619);
#5463=PRODUCT_DEFINITION_SHAPE($,$,#1620);
#5464=PRODUCT_DEFINITION_SHAPE($,$,#1621);
#5465=PRODUCT_DEFINITION_SHAPE($,$,#1622);
#5466=PRODUCT_DEFINITION_SHAPE($,$,#1623);
#5467=PRODUCT_DEFINITION_SHAPE($,$,#1624);
#5468=PRODUCT_DEFINITION_SHAPE($,$,#1625);
#5469=PRODUCT_DEFINITION_SHAPE($,$,#1626);
#5470=PRODUCT_DEFINITION_SHAPE('',$,#5874);
#5471=PRODUCT_DEFINITION_SHAPE('',$,#5875);
#5472=PRODUCT_DEFINITION_SHAPE($,$,#1627);
#5473=PRODUCT_DEFINITION_SHAPE('',$,#5876);
#5474=PRODUCT_DEFINITION_SHAPE('',$,#5877);
#5475=PRODUCT_DEFINITION_SHAPE($,$,#1628);
#5476=PRODUCT_DEFINITION_SHAPE($,$,#1629);
#5477=PRODUCT_DEFINITION_SHAPE('',$,#5878);
#5478=PRODUCT_DEFINITION_SHAPE('',$,#5879);
#5479=PRODUCT_DEFINITION_SHAPE('',$,#5880);
#5480=PRODUCT_DEFINITION_SHAPE($,$,#1630);
#5481=PRODUCT_DEFINITION_SHAPE($,$,#1631);
#5482=PRODUCT_DEFINITION_SHAPE($,$,#1632);
#5483=PRODUCT_DEFINITION_SHAPE($,$,#1633);
#5484=PRODUCT_DEFINITION_SHAPE('',$,#5881);
#5485=PRODUCT_DEFINITION_SHAPE('',$,#5882);
#5486=PRODUCT_DEFINITION_SHAPE($,$,#1634);
#5487=PRODUCT_DEFINITION_SHAPE('',$,#5883);
#5488=PRODUCT_DEFINITION_SHAPE('',$,#5884);
#5489=PRODUCT_DEFINITION_SHAPE('',$,#5885);
#5490=PRODUCT_DEFINITION_SHAPE($,$,#1635);
#5491=PRODUCT_DEFINITION_SHAPE($,$,#1636);
#5492=PRODUCT_DEFINITION_SHAPE('',$,#5886);
#5493=PRODUCT_DEFINITION_SHAPE('',$,#5887);
#5494=PRODUCT_DEFINITION_SHAPE($,$,#1637);
#5495=PRODUCT_DEFINITION_SHAPE('',$,#5888);
#5496=PRODUCT_DEFINITION_SHAPE('',$,#5889);
#5497=PRODUCT_DEFINITION_SHAPE($,$,#1638);
#5498=PRODUCT_DEFINITION_SHAPE($,$,#1639);
#5499=PRODUCT_DEFINITION_SHAPE($,$,#1640);
#5500=PRODUCT_DEFINITION_SHAPE($,$,#1641);
#5501=PRODUCT_DEFINITION_SHAPE($,$,#1642);
#5502=PRODUCT_DEFINITION_SHAPE($,$,#1643);
#5503=PRODUCT_DEFINITION_SHAPE($,$,#1644);
#5504=PRODUCT_DEFINITION_SHAPE($,$,#1645);
#5505=PRODUCT_DEFINITION_SHAPE($,$,#1646);
#5506=PRODUCT_DEFINITION_SHAPE($,$,#1647);
#5507=PRODUCT_DEFINITION_SHAPE($,$,#1648);
#5508=PRODUCT_DEFINITION_SHAPE($,$,#1649);
#5509=PRODUCT_DEFINITION_SHAPE($,$,#1650);
#5510=PRODUCT_DEFINITION_SHAPE($,$,#1651);
#5511=PRODUCT_DEFINITION_SHAPE($,$,#1652);
#5512=PRODUCT_DEFINITION_SHAPE($,$,#1653);
#5513=PRODUCT_DEFINITION_SHAPE($,$,#1654);
#5514=PRODUCT_DEFINITION_SHAPE($,$,#1655);
#5515=PRODUCT_DEFINITION_SHAPE($,$,#1656);
#5516=PRODUCT_DEFINITION_SHAPE($,$,#1657);
#5517=PRODUCT_DEFINITION_SHAPE($,$,#1658);
#5518=PRODUCT_DEFINITION_SHAPE($,$,#1659);
#5519=PRODUCT_DEFINITION_SHAPE($,$,#1660);
#5520=PRODUCT_DEFINITION_SHAPE($,$,#1661);
#5521=PRODUCT_DEFINITION_SHAPE($,$,#1662);
#5522=PRODUCT_DEFINITION_SHAPE($,$,#1663);
#5523=PRODUCT_DEFINITION_SHAPE($,$,#1664);
#5524=PRODUCT_DEFINITION_SHAPE($,$,#1665);
#5525=PRODUCT_DEFINITION_SHAPE($,$,#1666);
#5526=PRODUCT_DEFINITION_SHAPE($,$,#1667);
#5527=PRODUCT_DEFINITION_SHAPE($,$,#1668);
#5528=PRODUCT_DEFINITION_SHAPE($,$,#1669);
#5529=PRODUCT_DEFINITION_SHAPE($,$,#1670);
#5530=PRODUCT_DEFINITION_SHAPE($,$,#1671);
#5531=PRODUCT_DEFINITION_SHAPE($,$,#1672);
#5532=PRODUCT_DEFINITION_SHAPE($,$,#1673);
#5533=PRODUCT_DEFINITION_SHAPE($,$,#1674);
#5534=PRODUCT_DEFINITION_SHAPE($,$,#1675);
#5535=PRODUCT_DEFINITION_SHAPE($,$,#1676);
#5536=PRODUCT_DEFINITION_SHAPE($,$,#1677);
#5537=PRODUCT_DEFINITION_SHAPE($,$,#1678);
#5538=PRODUCT_DEFINITION_SHAPE($,$,#1679);
#5539=PRODUCT_DEFINITION_SHAPE($,$,#1680);
#5540=PRODUCT_DEFINITION_SHAPE($,$,#1681);
#5541=PRODUCT_DEFINITION_SHAPE($,$,#1682);
#5542=PRODUCT_DEFINITION_SHAPE($,$,#1683);
#5543=PRODUCT_DEFINITION_SHAPE($,$,#1684);
#5544=PRODUCT_DEFINITION_SHAPE($,$,#1685);
#5545=PRODUCT_DEFINITION_SHAPE($,$,#1686);
#5546=PRODUCT_DEFINITION_SHAPE($,$,#1687);
#5547=PRODUCT_DEFINITION_SHAPE($,$,#1688);
#5548=PRODUCT_DEFINITION_SHAPE($,$,#1689);
#5549=PRODUCT_DEFINITION_SHAPE($,$,#1690);
#5550=PRODUCT_DEFINITION_SHAPE($,$,#1691);
#5551=PRODUCT_DEFINITION_SHAPE($,$,#1692);
#5552=PRODUCT_DEFINITION_SHAPE($,$,#1693);
#5553=SHAPE_REPRESENTATION('',(#2245,#2667,#2668,#2669,#2670,#2671,#2672,
#2673,#2674,#2675,#2676,#2677,#2678,#2679,#2680,#2681,#2682,#2683,#2684,
#2685,#2686,#2687,#2688,#2689,#2690,#2691,#2692,#2693,#2694,#2695,#2696,
#2697,#2698,#2699,#2700,#2701,#2702,#2703,#2704,#2705,#2706,#2707,#2708,
#2709,#2710,#2711,#2712,#2713,#2714,#2715,#2716,#2717,#2718,#2719,#2720,
#2721),#4750);
#5554=SHAPE_REPRESENTATION('',(#2246,#2248),#4751);
#5555=SHAPE_REPRESENTATION('',(#2247),#4752);
#5556=SHAPE_REPRESENTATION('',(#2249,#2603),#4753);
#5557=SHAPE_REPRESENTATION('',(#2250,#2604),#4754);
#5558=SHAPE_REPRESENTATION('',(#2251,#2605),#4755);
#5559=SHAPE_REPRESENTATION('',(#2252,#2571),#4756);
#5560=SHAPE_REPRESENTATION('',(#2253,#2257),#4757);
#5561=SHAPE_REPRESENTATION('',(#2254,#2256),#4758);
#5562=SHAPE_REPRESENTATION('',(#2255),#4759);
#5563=SHAPE_REPRESENTATION('',(#2258,#2564),#4760);
#5564=SHAPE_REPRESENTATION('',(#2259,#2482),#4761);
#5565=SHAPE_REPRESENTATION('',(#2260,#2449,#2450,#2451,#2452,#2453,#2454,
#2455,#2456,#2457,#2458,#2459,#2460,#2461,#2462,#2463,#2464,#2465,#2466,
#2467,#2468,#2469,#2470,#2471,#2472,#2473,#2474,#2475,#2476,#2477,#2478,
#2479,#2480,#2481),#4762);
#5566=SHAPE_REPRESENTATION('',(#2261,#2263),#4763);
#5567=SHAPE_REPRESENTATION('',(#2262),#4764);
#5568=SHAPE_REPRESENTATION('',(#2264,#2395,#2396,#2397),#4765);
#5569=SHAPE_REPRESENTATION('',(#2265,#2398,#2399,#2400),#4766);
#5570=SHAPE_REPRESENTATION('',(#2266,#2273,#2274,#2275),#4767);
#5571=SHAPE_REPRESENTATION('',(#2267,#2269),#4768);
#5572=SHAPE_REPRESENTATION('',(#2268),#4769);
#5573=SHAPE_REPRESENTATION('',(#2270,#2272),#4770);
#5574=SHAPE_REPRESENTATION('',(#2271),#4771);
#5575=SHAPE_REPRESENTATION('',(#2276,#2284),#4772);
#5576=SHAPE_REPRESENTATION('',(#2277,#2281,#2282,#2283),#4773);
#5577=SHAPE_REPRESENTATION('',(#2278),#4774);
#5578=SHAPE_REPRESENTATION('',(#2279),#4775);
#5579=SHAPE_REPRESENTATION('',(#2280),#4776);
#5580=SHAPE_REPRESENTATION('',(#2285,#2300,#2301,#2302),#4777);
#5581=SHAPE_REPRESENTATION('',(#2286,#2294,#2295,#2296),#4778);
#5582=SHAPE_REPRESENTATION('',(#2287,#2289),#4779);
#5583=SHAPE_REPRESENTATION('',(#2288),#4780);
#5584=SHAPE_REPRESENTATION('',(#2290,#2303,#2304,#2305),#4781);
#5585=SHAPE_REPRESENTATION('',(#2291,#2293),#4782);
#5586=SHAPE_REPRESENTATION('',(#2292),#4783);
#5587=SHAPE_REPRESENTATION('',(#2297,#2299),#4784);
#5588=SHAPE_REPRESENTATION('',(#2298),#4785);
#5589=SHAPE_REPRESENTATION('',(#2306,#2401,#2402,#2403),#4786);
#5590=SHAPE_REPRESENTATION('',(#2307,#2404,#2405,#2406),#4787);
#5591=SHAPE_REPRESENTATION('',(#2308,#2407,#2408,#2409),#4788);
#5592=SHAPE_REPRESENTATION('',(#2309,#2380,#2381,#2382),#4789);
#5593=SHAPE_REPRESENTATION('',(#2310,#2410,#2411,#2412),#4790);
#5594=SHAPE_REPRESENTATION('',(#2311,#2413,#2414,#2415),#4791);
#5595=SHAPE_REPRESENTATION('',(#2312,#2416,#2417,#2418),#4792);
#5596=SHAPE_REPRESENTATION('',(#2313,#2419,#2420,#2421),#4793);
#5597=SHAPE_REPRESENTATION('',(#2314,#2422,#2423,#2424),#4794);
#5598=SHAPE_REPRESENTATION('',(#2315,#2317),#4795);
#5599=SHAPE_REPRESENTATION('',(#2316),#4796);
#5600=SHAPE_REPRESENTATION('',(#2318,#2425,#2426,#2427),#4797);
#5601=SHAPE_REPRESENTATION('',(#2319,#2336,#2337),#4798);
#5602=SHAPE_REPRESENTATION('',(#2320,#2333,#2334),#4799);
#5603=SHAPE_REPRESENTATION('',(#2321),#4800);
#5604=SHAPE_REPRESENTATION('',(#2322,#2328,#2329,#2330,#2331,#2332),#4801);
#5605=SHAPE_REPRESENTATION('',(#2323),#4802);
#5606=SHAPE_REPRESENTATION('',(#2324),#4803);
#5607=SHAPE_REPRESENTATION('',(#2325),#4804);
#5608=SHAPE_REPRESENTATION('',(#2326),#4805);
#5609=SHAPE_REPRESENTATION('',(#2327),#4806);
#5610=SHAPE_REPRESENTATION('',(#2335),#4807);
#5611=SHAPE_REPRESENTATION('',(#2338,#2342),#4808);
#5612=SHAPE_REPRESENTATION('',(#2339,#2341),#4809);
#5613=SHAPE_REPRESENTATION('',(#2340),#4810);
#5614=SHAPE_REPRESENTATION('',(#2343,#2428,#2429,#2430),#4811);
#5615=SHAPE_REPRESENTATION('',(#2344,#2373,#2374,#2375),#4812);
#5616=SHAPE_REPRESENTATION('',(#2345,#2347),#4813);
#5617=SHAPE_REPRESENTATION('',(#2346),#4814);
#5618=SHAPE_REPRESENTATION('',(#2348,#2383,#2384,#2385),#4815);
#5619=SHAPE_REPRESENTATION('',(#2349,#2431,#2432,#2433),#4816);
#5620=SHAPE_REPRESENTATION('',(#2350,#2434,#2435,#2436),#4817);
#5621=SHAPE_REPRESENTATION('',(#2351,#2437,#2438,#2439),#4818);
#5622=SHAPE_REPRESENTATION('',(#2352,#2386,#2387,#2388),#4819);
#5623=SHAPE_REPRESENTATION('',(#2353,#2363,#2364,#2365),#4820);
#5624=SHAPE_REPRESENTATION('',(#2354,#2440,#2441,#2442),#4821);
#5625=SHAPE_REPRESENTATION('',(#2355,#2443,#2444,#2445),#4822);
#5626=SHAPE_REPRESENTATION('',(#2356,#2366,#2367,#2368),#4823);
#5627=SHAPE_REPRESENTATION('',(#2357,#2359),#4824);
#5628=SHAPE_REPRESENTATION('',(#2358),#4825);
#5629=SHAPE_REPRESENTATION('',(#2360,#2362),#4826);
#5630=SHAPE_REPRESENTATION('',(#2361),#4827);
#5631=SHAPE_REPRESENTATION('',(#2369,#2389,#2390,#2391),#4828);
#5632=SHAPE_REPRESENTATION('',(#2370,#2372),#4829);
#5633=SHAPE_REPRESENTATION('',(#2371),#4830);
#5634=SHAPE_REPRESENTATION('',(#2376,#2446,#2447,#2448),#4831);
#5635=SHAPE_REPRESENTATION('',(#2377,#2379),#4832);
#5636=SHAPE_REPRESENTATION('',(#2378),#4833);
#5637=SHAPE_REPRESENTATION('',(#2392,#2394),#4834);
#5638=SHAPE_REPRESENTATION('',(#2393),#4835);
#5639=SHAPE_REPRESENTATION('',(#2483,#2486),#4836);
#5640=SHAPE_REPRESENTATION('',(#2484,#2487),#4837);
#5641=SHAPE_REPRESENTATION('',(#2485),#4838);
#5642=SHAPE_REPRESENTATION('',(#2488,#2511),#4839);
#5643=SHAPE_REPRESENTATION('',(#2489,#2500,#2501,#2502,#2503,#2504,#2505,
#2506,#2507,#2508,#2509,#2510),#4840);
#5644=SHAPE_REPRESENTATION('',(#2490),#4841);
#5645=SHAPE_REPRESENTATION('',(#2491,#2493),#4842);
#5646=SHAPE_REPRESENTATION('',(#2492),#4843);
#5647=SHAPE_REPRESENTATION('',(#2494),#4844);
#5648=SHAPE_REPRESENTATION('',(#2495,#2498,#2499),#4845);
#5649=SHAPE_REPRESENTATION('',(#2496),#4846);
#5650=SHAPE_REPRESENTATION('',(#2497),#4847);
#5651=SHAPE_REPRESENTATION('',(#2512,#2606),#4848);
#5652=SHAPE_REPRESENTATION('',(#2513,#2607),#4849);
#5653=SHAPE_REPRESENTATION('',(#2514,#2608),#4850);
#5654=SHAPE_REPRESENTATION('',(#2515,#2609),#4851);
#5655=SHAPE_REPRESENTATION('',(#2516,#2610),#4852);
#5656=SHAPE_REPRESENTATION('',(#2517,#2611),#4853);
#5657=SHAPE_REPRESENTATION('',(#2518,#2612),#4854);
#5658=SHAPE_REPRESENTATION('',(#2519,#2613),#4855);
#5659=SHAPE_REPRESENTATION('',(#2520,#2614),#4856);
#5660=SHAPE_REPRESENTATION('',(#2521,#2615),#4857);
#5661=SHAPE_REPRESENTATION('',(#2522,#2616),#4858);
#5662=SHAPE_REPRESENTATION('',(#2523,#2617),#4859);
#5663=SHAPE_REPRESENTATION('',(#2524,#2618),#4860);
#5664=SHAPE_REPRESENTATION('',(#2525,#2619),#4861);
#5665=SHAPE_REPRESENTATION('',(#2526,#2528),#4862);
#5666=SHAPE_REPRESENTATION('',(#2527),#4863);
#5667=SHAPE_REPRESENTATION('',(#2529,#2629),#4864);
#5668=SHAPE_REPRESENTATION('',(#2530,#2572),#4865);
#5669=SHAPE_REPRESENTATION('',(#2531,#2565),#4866);
#5670=SHAPE_REPRESENTATION('',(#2532,#2566),#4867);
#5671=SHAPE_REPRESENTATION('',(#2533,#2581),#4868);
#5672=SHAPE_REPRESENTATION('',(#2534,#2573),#4869);
#5673=SHAPE_REPRESENTATION('',(#2535,#2574),#4870);
#5674=SHAPE_REPRESENTATION('',(#2536,#2582),#4871);
#5675=SHAPE_REPRESENTATION('',(#2537,#2556),#4872);
#5676=SHAPE_REPRESENTATION('',(#2538,#2546,#2547,#2548,#2549,#2550,#2551,
#2552,#2553,#2554,#2555),#4873);
#5677=SHAPE_REPRESENTATION('',(#2539),#4874);
#5678=SHAPE_REPRESENTATION('',(#2540,#2542),#4875);
#5679=SHAPE_REPRESENTATION('',(#2541),#4876);
#5680=SHAPE_REPRESENTATION('',(#2543,#2545),#4877);
#5681=SHAPE_REPRESENTATION('',(#2544),#4878);
#5682=SHAPE_REPRESENTATION('',(#2557,#2561),#4879);
#5683=SHAPE_REPRESENTATION('',(#2558,#2560),#4880);
#5684=SHAPE_REPRESENTATION('',(#2559),#4881);
#5685=SHAPE_REPRESENTATION('',(#2562,#2567),#4882);
#5686=SHAPE_REPRESENTATION('',(#2563),#4883);
#5687=SHAPE_REPRESENTATION('',(#2568,#2575),#4884);
#5688=SHAPE_REPRESENTATION('',(#2569,#2576),#4885);
#5689=SHAPE_REPRESENTATION('',(#2570),#4886);
#5690=SHAPE_REPRESENTATION('',(#2577,#2583),#4887);
#5691=SHAPE_REPRESENTATION('',(#2578,#2584),#4888);
#5692=SHAPE_REPRESENTATION('',(#2579,#2585),#4889);
#5693=SHAPE_REPRESENTATION('',(#2580),#4890);
#5694=SHAPE_REPRESENTATION('',(#2586,#2620),#4891);
#5695=SHAPE_REPRESENTATION('',(#2587,#2621),#4892);
#5696=SHAPE_REPRESENTATION('',(#2588,#2599),#4893);
#5697=SHAPE_REPRESENTATION('',(#2589,#2598),#4894);
#5698=SHAPE_REPRESENTATION('',(#2590,#2595,#2596,#2597),#4895);
#5699=SHAPE_REPRESENTATION('',(#2591,#2593),#4896);
#5700=SHAPE_REPRESENTATION('',(#2592),#4897);
#5701=SHAPE_REPRESENTATION('',(#2594),#4898);
#5702=SHAPE_REPRESENTATION('',(#2600,#2622),#4899);
#5703=SHAPE_REPRESENTATION('',(#2601,#2623),#4900);
#5704=SHAPE_REPRESENTATION('',(#2602),#4901);
#5705=SHAPE_REPRESENTATION('',(#2624,#2626),#4902);
#5706=SHAPE_REPRESENTATION('',(#2625),#4903);
#5707=SHAPE_REPRESENTATION('',(#2627,#2630),#4904);
#5708=SHAPE_REPRESENTATION('',(#2628),#4905);
#5709=SHAPE_REPRESENTATION('',(#2631,#2634,#2635),#4906);
#5710=SHAPE_REPRESENTATION('',(#2632,#2636,#2637),#4907);
#5711=SHAPE_REPRESENTATION('',(#2633),#4908);
#5712=SHAPE_REPRESENTATION('',(#2638,#2640),#4909);
#5713=SHAPE_REPRESENTATION('',(#2639),#4910);
#5714=SHAPE_REPRESENTATION('',(#2641,#2645),#4911);
#5715=SHAPE_REPRESENTATION('',(#2642,#2644),#4912);
#5716=SHAPE_REPRESENTATION('',(#2643),#4913);
#5717=SHAPE_REPRESENTATION('',(#2646,#2648),#4914);
#5718=SHAPE_REPRESENTATION('',(#2647),#4915);
#5719=SHAPE_REPRESENTATION('',(#2649,#2651),#4916);
#5720=SHAPE_REPRESENTATION('',(#2650),#4917);
#5721=PRODUCT_DEFINITION_CONTEXT('part definition',#6227,'design');
#5722=PRODUCT_DEFINITION('PCB','(Non enregistr\X\E9)',#5890,#5721);
#5723=PRODUCT_DEFINITION('Board','Board',#5891,#5721);
#5724=PRODUCT_DEFINITION('Open CASCADE STEP translator 7.5 1.1.1',
'Open CASCADE STEP translator 7.5 1.1.1',#5892,#5721);
#5725=PRODUCT_DEFINITION('R22','R22',#5893,#5721);
#5726=PRODUCT_DEFINITION('R2','R2',#5894,#5721);
#5727=PRODUCT_DEFINITION('R1','R1',#5895,#5721);
#5728=PRODUCT_DEFINITION('C2','C2',#5896,#5721);
#5729=PRODUCT_DEFINITION('Y1','Y1',#5897,#5721);
#5730=PRODUCT_DEFINITION('1361975687232','1361975687232',#5898,#5721);
#5731=PRODUCT_DEFINITION('Extruded','Extruded',#5899,#5721);
#5732=PRODUCT_DEFINITION('C1','C1',#5900,#5721);
#5733=PRODUCT_DEFINITION('M1','M1',#5901,#5721);
#5734=PRODUCT_DEFINITION('NORA-W106','NORA-W106',#5902,#5721);
#5735=PRODUCT_DEFINITION('Board_1','Board (1)',#5903,#5721);
#5736=PRODUCT_DEFINITION('Open CASCADE STEP translator 6.8 1.1.1',
'Open CASCADE STEP translator 6.8 1.1.1',#5904,#5721);
#5737=PRODUCT_DEFINITION('Z3','Z3',#5905,#5721);
#5738=PRODUCT_DEFINITION('Z10','Z10',#5906,#5721);
#5739=PRODUCT_DEFINITION('Z9','Z9',#5907,#5721);
#5740=PRODUCT_DEFINITION('2410859790640','2410859790640',#5908,#5721);
#5741=PRODUCT_DEFINITION('Extruded_1','Extruded (4)',#5909,#5721);
#5742=PRODUCT_DEFINITION('2410859790400','2410859790400',#5910,#5721);
#5743=PRODUCT_DEFINITION('Extruded_2','Extruded (5)',#5911,#5721);
#5744=PRODUCT_DEFINITION('U1','U1',#5912,#5721);
#5745=PRODUCT_DEFINITION('IC_Espressif_Systems_ESP32-S2_eec',
'IC_Espressif_Systems_ESP32-S2_eec',#5913,#5721);
#5746=PRODUCT_DEFINITION('body','body',#5914,#5721);
#5747=PRODUCT_DEFINITION('pins','pins',#5915,#5721);
#5748=PRODUCT_DEFINITION('logo','logo',#5916,#5721);
#5749=PRODUCT_DEFINITION('R3','R3 (1)',#5917,#5721);
#5750=PRODUCT_DEFINITION('R2_1','R2 (1)',#5918,#5721);
#5751=PRODUCT_DEFINITION('2410890683552','2410890683552',#5919,#5721);
#5752=PRODUCT_DEFINITION('Extruded_3','Extruded (8)',#5920,#5721);
#5753=PRODUCT_DEFINITION('R1_1','R1 (1)',#5921,#5721);
#5754=PRODUCT_DEFINITION('2410890683712','2410890683712',#5922,#5721);
#5755=PRODUCT_DEFINITION('Extruded_4','Extruded (7)',#5923,#5721);
#5756=PRODUCT_DEFINITION('2410890678992','2410890678992',#5924,#5721);
#5757=PRODUCT_DEFINITION('Extruded_5','Extruded (11)',#5925,#5721);
#5758=PRODUCT_DEFINITION('C10','C10',#5926,#5721);
#5759=PRODUCT_DEFINITION('C6','C6',#5927,#5721);
#5760=PRODUCT_DEFINITION('C15','C15',#5928,#5721);
#5761=PRODUCT_DEFINITION('Z8','Z8',#5929,#5721);
#5762=PRODUCT_DEFINITION('Z7','Z7',#5930,#5721);
#5763=PRODUCT_DEFINITION('Z6','Z6',#5931,#5721);
#5764=PRODUCT_DEFINITION('Z5','Z5',#5932,#5721);
#5765=PRODUCT_DEFINITION('Z4','Z4',#5933,#5721);
#5766=PRODUCT_DEFINITION('Z2','Z2',#5934,#5721);
#5767=PRODUCT_DEFINITION('2410859789440','2410859789440',#5935,#5721);
#5768=PRODUCT_DEFINITION('Extruded_6','Extruded (12)',#5936,#5721);
#5769=PRODUCT_DEFINITION('Z1','Z1',#5937,#5721);
#5770=PRODUCT_DEFINITION('E1','E1',#5938,#5721);
#5771=PRODUCT_DEFINITION('label_with_logo_8x8','label_with_logo_8x8',#5939,
#5721);
#5772=PRODUCT_DEFINITION('label_8x8','label_8x8',#5940,#5721);
#5773=PRODUCT_DEFINITION('logo_full_4mm','logo_full_4mm',#5941,#5721);
#5774=PRODUCT_DEFINITION('logo_x_4mm','logo_x_4mm',#5942,#5721);
#5775=PRODUCT_DEFINITION('logo_o_4mm','logo_o_4mm',#5943,#5721);
#5776=PRODUCT_DEFINITION('logo_l_4mm','logo_l_4mm',#5944,#5721);
#5777=PRODUCT_DEFINITION('logo_b_4mm','logo_b_4mm',#5945,#5721);
#5778=PRODUCT_DEFINITION('logo_u_4mm','logo_u_4mm',#5946,#5721);
#5779=PRODUCT_DEFINITION('MAYA_W1_Shield_UBXH04-0000683',
'MAYA_W1_Shield_UBXH04-0000683',#5947,#5721);
#5780=PRODUCT_DEFINITION('X1','X1',#5948,#5721);
#5781=PRODUCT_DEFINITION('2410890683872','2410890683872',#5949,#5721);
#5782=PRODUCT_DEFINITION('Extruded_7','Extruded (6)',#5950,#5721);
#5783=PRODUCT_DEFINITION('C16','C16',#5951,#5721);
#5784=PRODUCT_DEFINITION('L1','L1',#5952,#5721);
#5785=PRODUCT_DEFINITION('2410859790240','2410859790240',#5953,#5721);
#5786=PRODUCT_DEFINITION('Extruded_8','Extruded (3)',#5954,#5721);
#5787=PRODUCT_DEFINITION('C3','C3',#5955,#5721);
#5788=PRODUCT_DEFINITION('C5','C5',#5956,#5721);
#5789=PRODUCT_DEFINITION('C7','C7',#5957,#5721);
#5790=PRODUCT_DEFINITION('C9','C9',#5958,#5721);
#5791=PRODUCT_DEFINITION('C2_1','C2 (1)',#5959,#5721);
#5792=PRODUCT_DEFINITION('C13','C13',#5960,#5721);
#5793=PRODUCT_DEFINITION('C12','C12',#5961,#5721);
#5794=PRODUCT_DEFINITION('C11','C11',#5962,#5721);
#5795=PRODUCT_DEFINITION('C14','C14',#5963,#5721);
#5796=PRODUCT_DEFINITION('2410890683072','2410890683072',#5964,#5721);
#5797=PRODUCT_DEFINITION('Extruded_9','Extruded (13)',#5965,#5721);
#5798=PRODUCT_DEFINITION('2410890682912','2410890682912',#5966,#5721);
#5799=PRODUCT_DEFINITION('Extruded_10','Extruded (14)',#5967,#5721);
#5800=PRODUCT_DEFINITION('C1_1','C1 (1)',#5968,#5721);
#5801=PRODUCT_DEFINITION('2410859791280','2410859791280',#5969,#5721);
#5802=PRODUCT_DEFINITION('Extruded_11','Extruded (9)',#5970,#5721);
#5803=PRODUCT_DEFINITION('C4','C4',#5971,#5721);
#5804=PRODUCT_DEFINITION('2410859791040','2410859791040',#5972,#5721);
#5805=PRODUCT_DEFINITION('Extruded_12','Extruded (2)',#5973,#5721);
#5806=PRODUCT_DEFINITION('2410859790080','2410859790080',#5974,#5721);
#5807=PRODUCT_DEFINITION('Extruded_13','Extruded (1)',#5975,#5721);
#5808=PRODUCT_DEFINITION('R7','R7',#5976,#5721);
#5809=PRODUCT_DEFINITION('L2','L2',#5977,#5721);
#5810=PRODUCT_DEFINITION('RES-0402','RES-0402',#5978,#5721);
#5811=PRODUCT_DEFINITION('U3','U3',#5979,#5721);
#5812=PRODUCT_DEFINITION('1361943408560','1361943408560',#5980,#5721);
#5813=PRODUCT_DEFINITION('Open CASCADE STEP translator 6.8 13.1',
'Open CASCADE STEP translator 6.8 13.1',#5981,#5721);
#5814=PRODUCT_DEFINITION('Body_1','Body',#5982,#5721);
#5815=PRODUCT_DEFINITION('Open CASCADE STEP translator 6.8 13.2.1',
'Open CASCADE STEP translator 6.8 13.2.1',#5983,#5721);
#5816=PRODUCT_DEFINITION('Thermal_Shape','Thermal_Shape',#5984,#5721);
#5817=PRODUCT_DEFINITION('Pin_Shape','Pin_Shape',#5985,#5721);
#5818=PRODUCT_DEFINITION('Open CASCADE STEP translator 6.8 13.4.1',
'Open CASCADE STEP translator 6.8 13.4.1',#5986,#5721);
#5819=PRODUCT_DEFINITION('Open CASCADE STEP translator 6.8 13.4.2',
'Open CASCADE STEP translator 6.8 13.4.2',#5987,#5721);
#5820=PRODUCT_DEFINITION('R13','R13',#5988,#5721);
#5821=PRODUCT_DEFINITION('R9','R9',#5989,#5721);
#5822=PRODUCT_DEFINITION('R6','R6',#5990,#5721);
#5823=PRODUCT_DEFINITION('R5','R5',#5991,#5721);
#5824=PRODUCT_DEFINITION('R4','R4',#5992,#5721);
#5825=PRODUCT_DEFINITION('R20','R20',#5993,#5721);
#5826=PRODUCT_DEFINITION('R19','R19',#5994,#5721);
#5827=PRODUCT_DEFINITION('R17','R17',#5995,#5721);
#5828=PRODUCT_DEFINITION('R16','R16',#5996,#5721);
#5829=PRODUCT_DEFINITION('R15','R15',#5997,#5721);
#5830=PRODUCT_DEFINITION('R14','R14',#5998,#5721);
#5831=PRODUCT_DEFINITION('R12','R12',#5999,#5721);
#5832=PRODUCT_DEFINITION('R3_1','R3',#6000,#5721);
#5833=PRODUCT_DEFINITION('R8','R8',#6001,#5721);
#5834=PRODUCT_DEFINITION('Q1','Q1',#6002,#5721);
#5835=PRODUCT_DEFINITION('SOT-523','SOT-523',#6003,#5721);
#5836=PRODUCT_DEFINITION('DL2','DL2',#6004,#5721);
#5837=PRODUCT_DEFINITION('C12_1','C12 (1)',#6005,#5721);
#5838=PRODUCT_DEFINITION('C5_1','C5 (1)',#6006,#5721);
#5839=PRODUCT_DEFINITION('C4_1','C4 (1)',#6007,#5721);
#5840=PRODUCT_DEFINITION('C9_1','C9 (1)',#6008,#5721);
#5841=PRODUCT_DEFINITION('C21','C21',#6009,#5721);
#5842=PRODUCT_DEFINITION('C22','C22',#6010,#5721);
#5843=PRODUCT_DEFINITION('C23','C23',#6011,#5721);
#5844=PRODUCT_DEFINITION('U2','U2',#6012,#5721);
#5845=PRODUCT_DEFINITION('1361943407520','1361943407520',#6013,#5721);
#5846=PRODUCT_DEFINITION('Open CASCADE STEP translator 6.8 19.1',
'Open CASCADE STEP translator 6.8 19.1',#6014,#5721);
#5847=PRODUCT_DEFINITION('Body_2','Body (1)',#6015,#5721);
#5848=PRODUCT_DEFINITION('Open CASCADE STEP translator 6.8 19.2.1',
'Open CASCADE STEP translator 6.8 19.2.1',#6016,#5721);
#5849=PRODUCT_DEFINITION('Pin_Shape_1','Pin_Shape (1)',#6017,#5721);
#5850=PRODUCT_DEFINITION('Open CASCADE STEP translator 6.8 19.3.1',
'Open CASCADE STEP translator 6.8 19.3.1',#6018,#5721);
#5851=PRODUCT_DEFINITION('L3','L3',#6019,#5721);
#5852=PRODUCT_DEFINITION('1361975689312','1361975689312',#6020,#5721);
#5853=PRODUCT_DEFINITION('Extruded_14','Extruded (10)',#6021,#5721);
#5854=PRODUCT_DEFINITION('C28','C28',#6022,#5721);
#5855=PRODUCT_DEFINITION('CAP-0201','CAP-0201',#6023,#5721);
#5856=PRODUCT_DEFINITION('C25','C25',#6024,#5721);
#5857=PRODUCT_DEFINITION('C20','C20',#6025,#5721);
#5858=PRODUCT_DEFINITION('CAP-0402','CAP-0402',#6026,#5721);
#5859=PRODUCT_DEFINITION('C27','C27',#6027,#5721);
#5860=PRODUCT_DEFINITION('C26','C26',#6028,#5721);
#5861=PRODUCT_DEFINITION('C24','C24',#6029,#5721);
#5862=PRODUCT_DEFINITION('CAP-0603','CAP-0603',#6030,#5721);
#5863=PRODUCT_DEFINITION('R21','R21',#6031,#5721);
#5864=PRODUCT_DEFINITION('R18','R18',#6032,#5721);
#5865=PRODUCT_DEFINITION('D2','D2',#6033,#5721);
#5866=PRODUCT_DEFINITION('SOD123FL','SOD123FL',#6034,#5721);
#5867=PRODUCT_DEFINITION('8279795424','8279795424',#6035,#5721);
#5868=PRODUCT_DEFINITION('Body_3','Body (2)',#6036,#5721);
#5869=PRODUCT_DEFINITION('Open CASCADE STEP translator 7.5 15.1.1',
'Open CASCADE STEP translator 7.5 15.1.1',#6037,#5721);
#5870=PRODUCT_DEFINITION('lead','lead',#6038,#5721);
#5871=PRODUCT_DEFINITION('R11','R11',#6039,#5721);
#5872=PRODUCT_DEFINITION('R10','R10',#6040,#5721);
#5873=PRODUCT_DEFINITION('RES-0201','RES-0201',#6041,#5721);
#5874=PRODUCT_DEFINITION('DL1','DL1',#6042,#5721);
#5875=PRODUCT_DEFINITION('SMLP34RGB','SMLP34RGB',#6043,#5721);
#5876=PRODUCT_DEFINITION('DL3','DL3',#6044,#5721);
#5877=PRODUCT_DEFINITION('HSMx-190','HSMx-190',#6045,#5721);
#5878=PRODUCT_DEFINITION('JP1','JP1',#6046,#5721);
#5879=PRODUCT_DEFINITION('JP2','JP2',#6047,#5721);
#5880=PRODUCT_DEFINITION('Header _Fem_1X8','Header _Fem_1X8',#6048,#5721);
#5881=PRODUCT_DEFINITION('PB1','PB1',#6049,#5721);
#5882=PRODUCT_DEFINITION('PTS820J20KSMTRLFS','PTS820J20KSMTRLFS',#6050,
#5721);
#5883=PRODUCT_DEFINITION('J1','J1',#6051,#5721);
#5884=PRODUCT_DEFINITION(
'CX90B-16P_CL0480-0755-0-00_3DDrawing_STEP_CX90B-16P_3D_48007525000_3D
_STP',
'CX90B-16P_CL0480-0755-0-00_3DDrawing_STEP_CX90B-16P_3D_48007525000_3D
_STP',#6052,#5721);
#5885=PRODUCT_DEFINITION('CX90B-16P_3D','CX90B-16P_3D',#6053,#5721);
#5886=PRODUCT_DEFINITION('D1','D1',#6054,#5721);
#5887=PRODUCT_DEFINITION('PRTR5V0U2X','PRTR5V0U2X',#6055,#5721);
#5888=PRODUCT_DEFINITION('C16_1','C16 (1)',#6056,#5721);
#5889=PRODUCT_DEFINITION('CAP-0805','CAP-0805',#6057,#5721);
#5890=PRODUCT_DEFINITION_FORMATION('',$,#6229);
#5891=PRODUCT_DEFINITION_FORMATION('',$,#6230);
#5892=PRODUCT_DEFINITION_FORMATION('',$,#6231);
#5893=PRODUCT_DEFINITION_FORMATION('',$,#6232);
#5894=PRODUCT_DEFINITION_FORMATION('',$,#6233);
#5895=PRODUCT_DEFINITION_FORMATION('',$,#6234);
#5896=PRODUCT_DEFINITION_FORMATION('',$,#6235);
#5897=PRODUCT_DEFINITION_FORMATION('',$,#6236);
#5898=PRODUCT_DEFINITION_FORMATION('',$,#6237);
#5899=PRODUCT_DEFINITION_FORMATION('',$,#6238);
#5900=PRODUCT_DEFINITION_FORMATION('',$,#6239);
#5901=PRODUCT_DEFINITION_FORMATION('',$,#6240);
#5902=PRODUCT_DEFINITION_FORMATION('',$,#6241);
#5903=PRODUCT_DEFINITION_FORMATION('',$,#6242);
#5904=PRODUCT_DEFINITION_FORMATION('',$,#6243);
#5905=PRODUCT_DEFINITION_FORMATION('',$,#6244);
#5906=PRODUCT_DEFINITION_FORMATION('',$,#6245);
#5907=PRODUCT_DEFINITION_FORMATION('',$,#6246);
#5908=PRODUCT_DEFINITION_FORMATION('',$,#6247);
#5909=PRODUCT_DEFINITION_FORMATION('',$,#6248);
#5910=PRODUCT_DEFINITION_FORMATION('',$,#6249);
#5911=PRODUCT_DEFINITION_FORMATION('',$,#6250);
#5912=PRODUCT_DEFINITION_FORMATION('',$,#6251);
#5913=PRODUCT_DEFINITION_FORMATION('',$,#6252);
#5914=PRODUCT_DEFINITION_FORMATION('',$,#6253);
#5915=PRODUCT_DEFINITION_FORMATION('',$,#6254);
#5916=PRODUCT_DEFINITION_FORMATION('',$,#6255);
#5917=PRODUCT_DEFINITION_FORMATION('',$,#6256);
#5918=PRODUCT_DEFINITION_FORMATION('',$,#6257);
#5919=PRODUCT_DEFINITION_FORMATION('',$,#6258);
#5920=PRODUCT_DEFINITION_FORMATION('',$,#6259);
#5921=PRODUCT_DEFINITION_FORMATION('',$,#6260);
#5922=PRODUCT_DEFINITION_FORMATION('',$,#6261);
#5923=PRODUCT_DEFINITION_FORMATION('',$,#6262);
#5924=PRODUCT_DEFINITION_FORMATION('',$,#6263);
#5925=PRODUCT_DEFINITION_FORMATION('',$,#6264);
#5926=PRODUCT_DEFINITION_FORMATION('',$,#6265);
#5927=PRODUCT_DEFINITION_FORMATION('',$,#6266);
#5928=PRODUCT_DEFINITION_FORMATION('',$,#6267);
#5929=PRODUCT_DEFINITION_FORMATION('',$,#6268);
#5930=PRODUCT_DEFINITION_FORMATION('',$,#6269);
#5931=PRODUCT_DEFINITION_FORMATION('',$,#6270);
#5932=PRODUCT_DEFINITION_FORMATION('',$,#6271);
#5933=PRODUCT_DEFINITION_FORMATION('',$,#6272);
#5934=PRODUCT_DEFINITION_FORMATION('',$,#6273);
#5935=PRODUCT_DEFINITION_FORMATION('',$,#6274);
#5936=PRODUCT_DEFINITION_FORMATION('',$,#6275);
#5937=PRODUCT_DEFINITION_FORMATION('',$,#6276);
#5938=PRODUCT_DEFINITION_FORMATION('',$,#6277);
#5939=PRODUCT_DEFINITION_FORMATION('',$,#6278);
#5940=PRODUCT_DEFINITION_FORMATION('',$,#6279);
#5941=PRODUCT_DEFINITION_FORMATION('',$,#6280);
#5942=PRODUCT_DEFINITION_FORMATION('',$,#6281);
#5943=PRODUCT_DEFINITION_FORMATION('',$,#6282);
#5944=PRODUCT_DEFINITION_FORMATION('',$,#6283);
#5945=PRODUCT_DEFINITION_FORMATION('',$,#6284);
#5946=PRODUCT_DEFINITION_FORMATION('',$,#6285);
#5947=PRODUCT_DEFINITION_FORMATION('',$,#6286);
#5948=PRODUCT_DEFINITION_FORMATION('',$,#6287);
#5949=PRODUCT_DEFINITION_FORMATION('',$,#6288);
#5950=PRODUCT_DEFINITION_FORMATION('',$,#6289);
#5951=PRODUCT_DEFINITION_FORMATION('',$,#6290);
#5952=PRODUCT_DEFINITION_FORMATION('',$,#6291);
#5953=PRODUCT_DEFINITION_FORMATION('',$,#6292);
#5954=PRODUCT_DEFINITION_FORMATION('',$,#6293);
#5955=PRODUCT_DEFINITION_FORMATION('',$,#6294);
#5956=PRODUCT_DEFINITION_FORMATION('',$,#6295);
#5957=PRODUCT_DEFINITION_FORMATION('',$,#6296);
#5958=PRODUCT_DEFINITION_FORMATION('',$,#6297);
#5959=PRODUCT_DEFINITION_FORMATION('',$,#6298);
#5960=PRODUCT_DEFINITION_FORMATION('',$,#6299);
#5961=PRODUCT_DEFINITION_FORMATION('',$,#6300);
#5962=PRODUCT_DEFINITION_FORMATION('',$,#6301);
#5963=PRODUCT_DEFINITION_FORMATION('',$,#6302);
#5964=PRODUCT_DEFINITION_FORMATION('',$,#6303);
#5965=PRODUCT_DEFINITION_FORMATION('',$,#6304);
#5966=PRODUCT_DEFINITION_FORMATION('',$,#6305);
#5967=PRODUCT_DEFINITION_FORMATION('',$,#6306);
#5968=PRODUCT_DEFINITION_FORMATION('',$,#6307);
#5969=PRODUCT_DEFINITION_FORMATION('',$,#6308);
#5970=PRODUCT_DEFINITION_FORMATION('',$,#6309);
#5971=PRODUCT_DEFINITION_FORMATION('',$,#6310);
#5972=PRODUCT_DEFINITION_FORMATION('',$,#6311);
#5973=PRODUCT_DEFINITION_FORMATION('',$,#6312);
#5974=PRODUCT_DEFINITION_FORMATION('',$,#6313);
#5975=PRODUCT_DEFINITION_FORMATION('',$,#6314);
#5976=PRODUCT_DEFINITION_FORMATION('',$,#6315);
#5977=PRODUCT_DEFINITION_FORMATION('',$,#6316);
#5978=PRODUCT_DEFINITION_FORMATION('',$,#6317);
#5979=PRODUCT_DEFINITION_FORMATION('',$,#6318);
#5980=PRODUCT_DEFINITION_FORMATION('',$,#6319);
#5981=PRODUCT_DEFINITION_FORMATION('',$,#6320);
#5982=PRODUCT_DEFINITION_FORMATION('',$,#6321);
#5983=PRODUCT_DEFINITION_FORMATION('',$,#6322);
#5984=PRODUCT_DEFINITION_FORMATION('',$,#6323);
#5985=PRODUCT_DEFINITION_FORMATION('',$,#6324);
#5986=PRODUCT_DEFINITION_FORMATION('',$,#6325);
#5987=PRODUCT_DEFINITION_FORMATION('',$,#6326);
#5988=PRODUCT_DEFINITION_FORMATION('',$,#6327);
#5989=PRODUCT_DEFINITION_FORMATION('',$,#6328);
#5990=PRODUCT_DEFINITION_FORMATION('',$,#6329);
#5991=PRODUCT_DEFINITION_FORMATION('',$,#6330);
#5992=PRODUCT_DEFINITION_FORMATION('',$,#6331);
#5993=PRODUCT_DEFINITION_FORMATION('',$,#6332);
#5994=PRODUCT_DEFINITION_FORMATION('',$,#6333);
#5995=PRODUCT_DEFINITION_FORMATION('',$,#6334);
#5996=PRODUCT_DEFINITION_FORMATION('',$,#6335);
#5997=PRODUCT_DEFINITION_FORMATION('',$,#6336);
#5998=PRODUCT_DEFINITION_FORMATION('',$,#6337);
#5999=PRODUCT_DEFINITION_FORMATION('',$,#6338);
#6000=PRODUCT_DEFINITION_FORMATION('',$,#6339);
#6001=PRODUCT_DEFINITION_FORMATION('',$,#6340);
#6002=PRODUCT_DEFINITION_FORMATION('',$,#6341);
#6003=PRODUCT_DEFINITION_FORMATION('',$,#6342);
#6004=PRODUCT_DEFINITION_FORMATION('',$,#6343);
#6005=PRODUCT_DEFINITION_FORMATION('',$,#6344);
#6006=PRODUCT_DEFINITION_FORMATION('',$,#6345);
#6007=PRODUCT_DEFINITION_FORMATION('',$,#6346);
#6008=PRODUCT_DEFINITION_FORMATION('',$,#6347);
#6009=PRODUCT_DEFINITION_FORMATION('',$,#6348);
#6010=PRODUCT_DEFINITION_FORMATION('',$,#6349);
#6011=PRODUCT_DEFINITION_FORMATION('',$,#6350);
#6012=PRODUCT_DEFINITION_FORMATION('',$,#6351);
#6013=PRODUCT_DEFINITION_FORMATION('',$,#6352);
#6014=PRODUCT_DEFINITION_FORMATION('',$,#6353);
#6015=PRODUCT_DEFINITION_FORMATION('',$,#6354);
#6016=PRODUCT_DEFINITION_FORMATION('',$,#6355);
#6017=PRODUCT_DEFINITION_FORMATION('',$,#6356);
#6018=PRODUCT_DEFINITION_FORMATION('',$,#6357);
#6019=PRODUCT_DEFINITION_FORMATION('',$,#6358);
#6020=PRODUCT_DEFINITION_FORMATION('',$,#6359);
#6021=PRODUCT_DEFINITION_FORMATION('',$,#6360);
#6022=PRODUCT_DEFINITION_FORMATION('',$,#6361);
#6023=PRODUCT_DEFINITION_FORMATION('',$,#6362);
#6024=PRODUCT_DEFINITION_FORMATION('',$,#6363);
#6025=PRODUCT_DEFINITION_FORMATION('',$,#6364);
#6026=PRODUCT_DEFINITION_FORMATION('',$,#6365);
#6027=PRODUCT_DEFINITION_FORMATION('',$,#6366);
#6028=PRODUCT_DEFINITION_FORMATION('',$,#6367);
#6029=PRODUCT_DEFINITION_FORMATION('',$,#6368);
#6030=PRODUCT_DEFINITION_FORMATION('',$,#6369);
#6031=PRODUCT_DEFINITION_FORMATION('',$,#6370);
#6032=PRODUCT_DEFINITION_FORMATION('',$,#6371);
#6033=PRODUCT_DEFINITION_FORMATION('',$,#6372);
#6034=PRODUCT_DEFINITION_FORMATION('',$,#6373);
#6035=PRODUCT_DEFINITION_FORMATION('',$,#6374);
#6036=PRODUCT_DEFINITION_FORMATION('',$,#6375);
#6037=PRODUCT_DEFINITION_FORMATION('',$,#6376);
#6038=PRODUCT_DEFINITION_FORMATION('',$,#6377);
#6039=PRODUCT_DEFINITION_FORMATION('',$,#6378);
#6040=PRODUCT_DEFINITION_FORMATION('',$,#6379);
#6041=PRODUCT_DEFINITION_FORMATION('',$,#6380);
#6042=PRODUCT_DEFINITION_FORMATION('',$,#6381);
#6043=PRODUCT_DEFINITION_FORMATION('',$,#6382);
#6044=PRODUCT_DEFINITION_FORMATION('',$,#6383);
#6045=PRODUCT_DEFINITION_FORMATION('',$,#6384);
#6046=PRODUCT_DEFINITION_FORMATION('',$,#6385);
#6047=PRODUCT_DEFINITION_FORMATION('',$,#6386);
#6048=PRODUCT_DEFINITION_FORMATION('',$,#6387);
#6049=PRODUCT_DEFINITION_FORMATION('',$,#6388);
#6050=PRODUCT_DEFINITION_FORMATION('',$,#6389);
#6051=PRODUCT_DEFINITION_FORMATION('',$,#6390);
#6052=PRODUCT_DEFINITION_FORMATION('',$,#6391);
#6053=PRODUCT_DEFINITION_FORMATION('',$,#6392);
#6054=PRODUCT_DEFINITION_FORMATION('',$,#6393);
#6055=PRODUCT_DEFINITION_FORMATION('',$,#6394);
#6056=PRODUCT_DEFINITION_FORMATION('',$,#6395);
#6057=PRODUCT_DEFINITION_FORMATION('',$,#6396);
#6058=PRODUCT_RELATED_PRODUCT_CATEGORY('(Non enregistr\X\E9)',
'(Non enregistr\X\E9)',(#6229));
#6059=PRODUCT_RELATED_PRODUCT_CATEGORY('Board','Board',(#6230));
#6060=PRODUCT_RELATED_PRODUCT_CATEGORY(
'Open CASCADE STEP translator 7.5 1.1.1',
'Open CASCADE STEP translator 7.5 1.1.1',(#6231));
#6061=PRODUCT_RELATED_PRODUCT_CATEGORY('R22','R22',(#6232));
#6062=PRODUCT_RELATED_PRODUCT_CATEGORY('R2','R2',(#6233));
#6063=PRODUCT_RELATED_PRODUCT_CATEGORY('R1','R1',(#6234));
#6064=PRODUCT_RELATED_PRODUCT_CATEGORY('C2','C2',(#6235));
#6065=PRODUCT_RELATED_PRODUCT_CATEGORY('Y1','Y1',(#6236));
#6066=PRODUCT_RELATED_PRODUCT_CATEGORY('1361975687232','1361975687232',
(#6237));
#6067=PRODUCT_RELATED_PRODUCT_CATEGORY('Extruded','Extruded',(#6238));
#6068=PRODUCT_RELATED_PRODUCT_CATEGORY('C1','C1',(#6239));
#6069=PRODUCT_RELATED_PRODUCT_CATEGORY('M1','M1',(#6240));
#6070=PRODUCT_RELATED_PRODUCT_CATEGORY('NORA-W106','NORA-W106',(#6241));
#6071=PRODUCT_RELATED_PRODUCT_CATEGORY('Board (1)','Board (1)',(#6242));
#6072=PRODUCT_RELATED_PRODUCT_CATEGORY(
'Open CASCADE STEP translator 6.8 1.1.1',
'Open CASCADE STEP translator 6.8 1.1.1',(#6243));
#6073=PRODUCT_RELATED_PRODUCT_CATEGORY('Z3','Z3',(#6244));
#6074=PRODUCT_RELATED_PRODUCT_CATEGORY('Z10','Z10',(#6245));
#6075=PRODUCT_RELATED_PRODUCT_CATEGORY('Z9','Z9',(#6246));
#6076=PRODUCT_RELATED_PRODUCT_CATEGORY('2410859790640','2410859790640',
(#6247));
#6077=PRODUCT_RELATED_PRODUCT_CATEGORY('Extruded (4)','Extruded (4)',(#6248));
#6078=PRODUCT_RELATED_PRODUCT_CATEGORY('2410859790400','2410859790400',
(#6249));
#6079=PRODUCT_RELATED_PRODUCT_CATEGORY('Extruded (5)','Extruded (5)',(#6250));
#6080=PRODUCT_RELATED_PRODUCT_CATEGORY('U1','U1',(#6251));
#6081=PRODUCT_RELATED_PRODUCT_CATEGORY(
'IC_Espressif_Systems_ESP32-S2_eec','IC_Espressif_Systems_ESP32-S2_eec',
(#6252));
#6082=PRODUCT_RELATED_PRODUCT_CATEGORY('body','body',(#6253));
#6083=PRODUCT_RELATED_PRODUCT_CATEGORY('pins','pins',(#6254));
#6084=PRODUCT_RELATED_PRODUCT_CATEGORY('logo','logo',(#6255));
#6085=PRODUCT_RELATED_PRODUCT_CATEGORY('R3 (1)','R3 (1)',(#6256));
#6086=PRODUCT_RELATED_PRODUCT_CATEGORY('R2 (1)','R2 (1)',(#6257));
#6087=PRODUCT_RELATED_PRODUCT_CATEGORY('2410890683552','2410890683552',
(#6258));
#6088=PRODUCT_RELATED_PRODUCT_CATEGORY('Extruded (8)','Extruded (8)',(#6259));
#6089=PRODUCT_RELATED_PRODUCT_CATEGORY('R1 (1)','R1 (1)',(#6260));
#6090=PRODUCT_RELATED_PRODUCT_CATEGORY('2410890683712','2410890683712',
(#6261));
#6091=PRODUCT_RELATED_PRODUCT_CATEGORY('Extruded (7)','Extruded (7)',(#6262));
#6092=PRODUCT_RELATED_PRODUCT_CATEGORY('2410890678992','2410890678992',
(#6263));
#6093=PRODUCT_RELATED_PRODUCT_CATEGORY('Extruded (11)','Extruded (11)',
(#6264));
#6094=PRODUCT_RELATED_PRODUCT_CATEGORY('C10','C10',(#6265));
#6095=PRODUCT_RELATED_PRODUCT_CATEGORY('C6','C6',(#6266));
#6096=PRODUCT_RELATED_PRODUCT_CATEGORY('C15','C15',(#6267));
#6097=PRODUCT_RELATED_PRODUCT_CATEGORY('Z8','Z8',(#6268));
#6098=PRODUCT_RELATED_PRODUCT_CATEGORY('Z7','Z7',(#6269));
#6099=PRODUCT_RELATED_PRODUCT_CATEGORY('Z6','Z6',(#6270));
#6100=PRODUCT_RELATED_PRODUCT_CATEGORY('Z5','Z5',(#6271));
#6101=PRODUCT_RELATED_PRODUCT_CATEGORY('Z4','Z4',(#6272));
#6102=PRODUCT_RELATED_PRODUCT_CATEGORY('Z2','Z2',(#6273));
#6103=PRODUCT_RELATED_PRODUCT_CATEGORY('2410859789440','2410859789440',
(#6274));
#6104=PRODUCT_RELATED_PRODUCT_CATEGORY('Extruded (12)','Extruded (12)',
(#6275));
#6105=PRODUCT_RELATED_PRODUCT_CATEGORY('Z1','Z1',(#6276));
#6106=PRODUCT_RELATED_PRODUCT_CATEGORY('E1','E1',(#6277));
#6107=PRODUCT_RELATED_PRODUCT_CATEGORY('label_with_logo_8x8',
'label_with_logo_8x8',(#6278));
#6108=PRODUCT_RELATED_PRODUCT_CATEGORY('label_8x8','label_8x8',(#6279));
#6109=PRODUCT_RELATED_PRODUCT_CATEGORY('logo_full_4mm','logo_full_4mm',
(#6280));
#6110=PRODUCT_RELATED_PRODUCT_CATEGORY('logo_x_4mm','logo_x_4mm',(#6281));
#6111=PRODUCT_RELATED_PRODUCT_CATEGORY('logo_o_4mm','logo_o_4mm',(#6282));
#6112=PRODUCT_RELATED_PRODUCT_CATEGORY('logo_l_4mm','logo_l_4mm',(#6283));
#6113=PRODUCT_RELATED_PRODUCT_CATEGORY('logo_b_4mm','logo_b_4mm',(#6284));
#6114=PRODUCT_RELATED_PRODUCT_CATEGORY('logo_u_4mm','logo_u_4mm',(#6285));
#6115=PRODUCT_RELATED_PRODUCT_CATEGORY('MAYA_W1_Shield_UBXH04-0000683',
'MAYA_W1_Shield_UBXH04-0000683',(#6286));
#6116=PRODUCT_RELATED_PRODUCT_CATEGORY('X1','X1',(#6287));
#6117=PRODUCT_RELATED_PRODUCT_CATEGORY('2410890683872','2410890683872',
(#6288));
#6118=PRODUCT_RELATED_PRODUCT_CATEGORY('Extruded (6)','Extruded (6)',(#6289));
#6119=PRODUCT_RELATED_PRODUCT_CATEGORY('C16','C16',(#6290));
#6120=PRODUCT_RELATED_PRODUCT_CATEGORY('L1','L1',(#6291));
#6121=PRODUCT_RELATED_PRODUCT_CATEGORY('2410859790240','2410859790240',
(#6292));
#6122=PRODUCT_RELATED_PRODUCT_CATEGORY('Extruded (3)','Extruded (3)',(#6293));
#6123=PRODUCT_RELATED_PRODUCT_CATEGORY('C3','C3',(#6294));
#6124=PRODUCT_RELATED_PRODUCT_CATEGORY('C5','C5',(#6295));
#6125=PRODUCT_RELATED_PRODUCT_CATEGORY('C7','C7',(#6296));
#6126=PRODUCT_RELATED_PRODUCT_CATEGORY('C9','C9',(#6297));
#6127=PRODUCT_RELATED_PRODUCT_CATEGORY('C2 (1)','C2 (1)',(#6298));
#6128=PRODUCT_RELATED_PRODUCT_CATEGORY('C13','C13',(#6299));
#6129=PRODUCT_RELATED_PRODUCT_CATEGORY('C12','C12',(#6300));
#6130=PRODUCT_RELATED_PRODUCT_CATEGORY('C11','C11',(#6301));
#6131=PRODUCT_RELATED_PRODUCT_CATEGORY('C14','C14',(#6302));
#6132=PRODUCT_RELATED_PRODUCT_CATEGORY('2410890683072','2410890683072',
(#6303));
#6133=PRODUCT_RELATED_PRODUCT_CATEGORY('Extruded (13)','Extruded (13)',
(#6304));
#6134=PRODUCT_RELATED_PRODUCT_CATEGORY('2410890682912','2410890682912',
(#6305));
#6135=PRODUCT_RELATED_PRODUCT_CATEGORY('Extruded (14)','Extruded (14)',
(#6306));
#6136=PRODUCT_RELATED_PRODUCT_CATEGORY('C1 (1)','C1 (1)',(#6307));
#6137=PRODUCT_RELATED_PRODUCT_CATEGORY('2410859791280','2410859791280',
(#6308));
#6138=PRODUCT_RELATED_PRODUCT_CATEGORY('Extruded (9)','Extruded (9)',(#6309));
#6139=PRODUCT_RELATED_PRODUCT_CATEGORY('C4','C4',(#6310));
#6140=PRODUCT_RELATED_PRODUCT_CATEGORY('2410859791040','2410859791040',
(#6311));
#6141=PRODUCT_RELATED_PRODUCT_CATEGORY('Extruded (2)','Extruded (2)',(#6312));
#6142=PRODUCT_RELATED_PRODUCT_CATEGORY('2410859790080','2410859790080',
(#6313));
#6143=PRODUCT_RELATED_PRODUCT_CATEGORY('Extruded (1)','Extruded (1)',(#6314));
#6144=PRODUCT_RELATED_PRODUCT_CATEGORY('R7','R7',(#6315));
#6145=PRODUCT_RELATED_PRODUCT_CATEGORY('L2','L2',(#6316));
#6146=PRODUCT_RELATED_PRODUCT_CATEGORY('RES-0402','RES-0402',(#6317));
#6147=PRODUCT_RELATED_PRODUCT_CATEGORY('U3','U3',(#6318));
#6148=PRODUCT_RELATED_PRODUCT_CATEGORY('1361943408560','1361943408560',
(#6319));
#6149=PRODUCT_RELATED_PRODUCT_CATEGORY(
'Open CASCADE STEP translator 6.8 13.1',
'Open CASCADE STEP translator 6.8 13.1',(#6320));
#6150=PRODUCT_RELATED_PRODUCT_CATEGORY('Body','Body',(#6321));
#6151=PRODUCT_RELATED_PRODUCT_CATEGORY(
'Open CASCADE STEP translator 6.8 13.2.1',
'Open CASCADE STEP translator 6.8 13.2.1',(#6322));
#6152=PRODUCT_RELATED_PRODUCT_CATEGORY('Thermal_Shape','Thermal_Shape',
(#6323));
#6153=PRODUCT_RELATED_PRODUCT_CATEGORY('Pin_Shape','Pin_Shape',(#6324));
#6154=PRODUCT_RELATED_PRODUCT_CATEGORY(
'Open CASCADE STEP translator 6.8 13.4.1',
'Open CASCADE STEP translator 6.8 13.4.1',(#6325));
#6155=PRODUCT_RELATED_PRODUCT_CATEGORY(
'Open CASCADE STEP translator 6.8 13.4.2',
'Open CASCADE STEP translator 6.8 13.4.2',(#6326));
#6156=PRODUCT_RELATED_PRODUCT_CATEGORY('R13','R13',(#6327));
#6157=PRODUCT_RELATED_PRODUCT_CATEGORY('R9','R9',(#6328));
#6158=PRODUCT_RELATED_PRODUCT_CATEGORY('R6','R6',(#6329));
#6159=PRODUCT_RELATED_PRODUCT_CATEGORY('R5','R5',(#6330));
#6160=PRODUCT_RELATED_PRODUCT_CATEGORY('R4','R4',(#6331));
#6161=PRODUCT_RELATED_PRODUCT_CATEGORY('R20','R20',(#6332));
#6162=PRODUCT_RELATED_PRODUCT_CATEGORY('R19','R19',(#6333));
#6163=PRODUCT_RELATED_PRODUCT_CATEGORY('R17','R17',(#6334));
#6164=PRODUCT_RELATED_PRODUCT_CATEGORY('R16','R16',(#6335));
#6165=PRODUCT_RELATED_PRODUCT_CATEGORY('R15','R15',(#6336));
#6166=PRODUCT_RELATED_PRODUCT_CATEGORY('R14','R14',(#6337));
#6167=PRODUCT_RELATED_PRODUCT_CATEGORY('R12','R12',(#6338));
#6168=PRODUCT_RELATED_PRODUCT_CATEGORY('R3','R3',(#6339));
#6169=PRODUCT_RELATED_PRODUCT_CATEGORY('R8','R8',(#6340));
#6170=PRODUCT_RELATED_PRODUCT_CATEGORY('Q1','Q1',(#6341));
#6171=PRODUCT_RELATED_PRODUCT_CATEGORY('SOT-523','SOT-523',(#6342));
#6172=PRODUCT_RELATED_PRODUCT_CATEGORY('DL2','DL2',(#6343));
#6173=PRODUCT_RELATED_PRODUCT_CATEGORY('C12 (1)','C12 (1)',(#6344));
#6174=PRODUCT_RELATED_PRODUCT_CATEGORY('C5 (1)','C5 (1)',(#6345));
#6175=PRODUCT_RELATED_PRODUCT_CATEGORY('C4 (1)','C4 (1)',(#6346));
#6176=PRODUCT_RELATED_PRODUCT_CATEGORY('C9 (1)','C9 (1)',(#6347));
#6177=PRODUCT_RELATED_PRODUCT_CATEGORY('C21','C21',(#6348));
#6178=PRODUCT_RELATED_PRODUCT_CATEGORY('C22','C22',(#6349));
#6179=PRODUCT_RELATED_PRODUCT_CATEGORY('C23','C23',(#6350));
#6180=PRODUCT_RELATED_PRODUCT_CATEGORY('U2','U2',(#6351));
#6181=PRODUCT_RELATED_PRODUCT_CATEGORY('1361943407520','1361943407520',
(#6352));
#6182=PRODUCT_RELATED_PRODUCT_CATEGORY(
'Open CASCADE STEP translator 6.8 19.1',
'Open CASCADE STEP translator 6.8 19.1',(#6353));
#6183=PRODUCT_RELATED_PRODUCT_CATEGORY('Body (1)','Body (1)',(#6354));
#6184=PRODUCT_RELATED_PRODUCT_CATEGORY(
'Open CASCADE STEP translator 6.8 19.2.1',
'Open CASCADE STEP translator 6.8 19.2.1',(#6355));
#6185=PRODUCT_RELATED_PRODUCT_CATEGORY('Pin_Shape (1)','Pin_Shape (1)',
(#6356));
#6186=PRODUCT_RELATED_PRODUCT_CATEGORY(
'Open CASCADE STEP translator 6.8 19.3.1',
'Open CASCADE STEP translator 6.8 19.3.1',(#6357));
#6187=PRODUCT_RELATED_PRODUCT_CATEGORY('L3','L3',(#6358));
#6188=PRODUCT_RELATED_PRODUCT_CATEGORY('1361975689312','1361975689312',
(#6359));
#6189=PRODUCT_RELATED_PRODUCT_CATEGORY('Extruded (10)','Extruded (10)',
(#6360));
#6190=PRODUCT_RELATED_PRODUCT_CATEGORY('C28','C28',(#6361));
#6191=PRODUCT_RELATED_PRODUCT_CATEGORY('CAP-0201','CAP-0201',(#6362));
#6192=PRODUCT_RELATED_PRODUCT_CATEGORY('C25','C25',(#6363));
#6193=PRODUCT_RELATED_PRODUCT_CATEGORY('C20','C20',(#6364));
#6194=PRODUCT_RELATED_PRODUCT_CATEGORY('CAP-0402','CAP-0402',(#6365));
#6195=PRODUCT_RELATED_PRODUCT_CATEGORY('C27','C27',(#6366));
#6196=PRODUCT_RELATED_PRODUCT_CATEGORY('C26','C26',(#6367));
#6197=PRODUCT_RELATED_PRODUCT_CATEGORY('C24','C24',(#6368));
#6198=PRODUCT_RELATED_PRODUCT_CATEGORY('CAP-0603','CAP-0603',(#6369));
#6199=PRODUCT_RELATED_PRODUCT_CATEGORY('R21','R21',(#6370));
#6200=PRODUCT_RELATED_PRODUCT_CATEGORY('R18','R18',(#6371));
#6201=PRODUCT_RELATED_PRODUCT_CATEGORY('D2','D2',(#6372));
#6202=PRODUCT_RELATED_PRODUCT_CATEGORY('SOD123FL','SOD123FL',(#6373));
#6203=PRODUCT_RELATED_PRODUCT_CATEGORY('8279795424','8279795424',(#6374));
#6204=PRODUCT_RELATED_PRODUCT_CATEGORY('Body (2)','Body (2)',(#6375));
#6205=PRODUCT_RELATED_PRODUCT_CATEGORY(
'Open CASCADE STEP translator 7.5 15.1.1',
'Open CASCADE STEP translator 7.5 15.1.1',(#6376));
#6206=PRODUCT_RELATED_PRODUCT_CATEGORY('lead','lead',(#6377));
#6207=PRODUCT_RELATED_PRODUCT_CATEGORY('R11','R11',(#6378));
#6208=PRODUCT_RELATED_PRODUCT_CATEGORY('R10','R10',(#6379));
#6209=PRODUCT_RELATED_PRODUCT_CATEGORY('RES-0201','RES-0201',(#6380));
#6210=PRODUCT_RELATED_PRODUCT_CATEGORY('DL1','DL1',(#6381));
#6211=PRODUCT_RELATED_PRODUCT_CATEGORY('SMLP34RGB','SMLP34RGB',(#6382));
#6212=PRODUCT_RELATED_PRODUCT_CATEGORY('DL3','DL3',(#6383));
#6213=PRODUCT_RELATED_PRODUCT_CATEGORY('HSMx-190','HSMx-190',(#6384));
#6214=PRODUCT_RELATED_PRODUCT_CATEGORY('JP1','JP1',(#6385));
#6215=PRODUCT_RELATED_PRODUCT_CATEGORY('JP2','JP2',(#6386));
#6216=PRODUCT_RELATED_PRODUCT_CATEGORY('Header _Fem_1X8',
'Header _Fem_1X8',(#6387));
#6217=PRODUCT_RELATED_PRODUCT_CATEGORY('PB1','PB1',(#6388));
#6218=PRODUCT_RELATED_PRODUCT_CATEGORY('PTS820J20KSMTRLFS',
'PTS820J20KSMTRLFS',(#6389));
#6219=PRODUCT_RELATED_PRODUCT_CATEGORY('J1','J1',(#6390));
#6220=PRODUCT_RELATED_PRODUCT_CATEGORY(
'CX90B-16P_CL0480-0755-0-00_3DDrawing_STEP_CX90B-16P_3D_48007525000_3D
_STP',
'CX90B-16P_CL0480-0755-0-00_3DDrawing_STEP_CX90B-16P_3D_48007525000_3D
_STP',(#6391));
#6221=PRODUCT_RELATED_PRODUCT_CATEGORY('CX90B-16P_3D','CX90B-16P_3D',(#6392));
#6222=PRODUCT_RELATED_PRODUCT_CATEGORY('D1','D1',(#6393));
#6223=PRODUCT_RELATED_PRODUCT_CATEGORY('PRTR5V0U2X','PRTR5V0U2X',(#6394));
#6224=PRODUCT_RELATED_PRODUCT_CATEGORY('C16 (1)','C16 (1)',(#6395));
#6225=PRODUCT_RELATED_PRODUCT_CATEGORY('CAP-0805','CAP-0805',(#6396));
#6226=APPLICATION_PROTOCOL_DEFINITION('international standard',
'automotive_design',2009,#6227);
#6227=APPLICATION_CONTEXT(
'Core Data for Automotive Mechanical Design Process');
#6228=PRODUCT_CONTEXT('part definition',#6227,'mechanical');
#6229=PRODUCT('PCB','(Non enregistr\X\E9)','Open CASCADE Model',(#6228));
#6230=PRODUCT('Board','Board',$,(#6228));
#6231=PRODUCT('Open CASCADE STEP translator 7.5 1.1.1',
'Open CASCADE STEP translator 7.5 1.1.1',$,(#6228));
#6232=PRODUCT('R22','R22',$,(#6228));
#6233=PRODUCT('R2','R2',$,(#6228));
#6234=PRODUCT('R1','R1',$,(#6228));
#6235=PRODUCT('C2','C2',$,(#6228));
#6236=PRODUCT('Y1','Y1',$,(#6228));
#6237=PRODUCT('1361975687232','1361975687232',$,(#6228));
#6238=PRODUCT('Extruded','Extruded',$,(#6228));
#6239=PRODUCT('C1','C1',$,(#6228));
#6240=PRODUCT('M1','M1',$,(#6228));
#6241=PRODUCT('NORA-W106','NORA-W106',$,(#6228));
#6242=PRODUCT('Board_1','Board (1)',$,(#6228));
#6243=PRODUCT('Open CASCADE STEP translator 6.8 1.1.1',
'Open CASCADE STEP translator 6.8 1.1.1',$,(#6228));
#6244=PRODUCT('Z3','Z3',$,(#6228));
#6245=PRODUCT('Z10','Z10',$,(#6228));
#6246=PRODUCT('Z9','Z9',$,(#6228));
#6247=PRODUCT('2410859790640','2410859790640',$,(#6228));
#6248=PRODUCT('Extruded_1','Extruded (4)',$,(#6228));
#6249=PRODUCT('2410859790400','2410859790400',$,(#6228));
#6250=PRODUCT('Extruded_2','Extruded (5)',$,(#6228));
#6251=PRODUCT('U1','U1',$,(#6228));
#6252=PRODUCT('IC_Espressif_Systems_ESP32-S2_eec',
'IC_Espressif_Systems_ESP32-S2_eec',$,(#6228));
#6253=PRODUCT('body','body',$,(#6228));
#6254=PRODUCT('pins','pins',$,(#6228));
#6255=PRODUCT('logo','logo',$,(#6228));
#6256=PRODUCT('R3','R3 (1)',$,(#6228));
#6257=PRODUCT('R2_1','R2 (1)',$,(#6228));
#6258=PRODUCT('2410890683552','2410890683552',$,(#6228));
#6259=PRODUCT('Extruded_3','Extruded (8)',$,(#6228));
#6260=PRODUCT('R1_1','R1 (1)',$,(#6228));
#6261=PRODUCT('2410890683712','2410890683712',$,(#6228));
#6262=PRODUCT('Extruded_4','Extruded (7)',$,(#6228));
#6263=PRODUCT('2410890678992','2410890678992',$,(#6228));
#6264=PRODUCT('Extruded_5','Extruded (11)',$,(#6228));
#6265=PRODUCT('C10','C10',$,(#6228));
#6266=PRODUCT('C6','C6',$,(#6228));
#6267=PRODUCT('C15','C15',$,(#6228));
#6268=PRODUCT('Z8','Z8',$,(#6228));
#6269=PRODUCT('Z7','Z7',$,(#6228));
#6270=PRODUCT('Z6','Z6',$,(#6228));
#6271=PRODUCT('Z5','Z5',$,(#6228));
#6272=PRODUCT('Z4','Z4',$,(#6228));
#6273=PRODUCT('Z2','Z2',$,(#6228));
#6274=PRODUCT('2410859789440','2410859789440',$,(#6228));
#6275=PRODUCT('Extruded_6','Extruded (12)',$,(#6228));
#6276=PRODUCT('Z1','Z1',$,(#6228));
#6277=PRODUCT('E1','E1',$,(#6228));
#6278=PRODUCT('label_with_logo_8x8','label_with_logo_8x8',$,(#6228));
#6279=PRODUCT('label_8x8','label_8x8',$,(#6228));
#6280=PRODUCT('logo_full_4mm','logo_full_4mm',$,(#6228));
#6281=PRODUCT('logo_x_4mm','logo_x_4mm',$,(#6228));
#6282=PRODUCT('logo_o_4mm','logo_o_4mm',$,(#6228));
#6283=PRODUCT('logo_l_4mm','logo_l_4mm',$,(#6228));
#6284=PRODUCT('logo_b_4mm','logo_b_4mm',$,(#6228));
#6285=PRODUCT('logo_u_4mm','logo_u_4mm',$,(#6228));
#6286=PRODUCT('MAYA_W1_Shield_UBXH04-0000683',
'MAYA_W1_Shield_UBXH04-0000683',$,(#6228));
#6287=PRODUCT('X1','X1',$,(#6228));
#6288=PRODUCT('2410890683872','2410890683872',$,(#6228));
#6289=PRODUCT('Extruded_7','Extruded (6)',$,(#6228));
#6290=PRODUCT('C16','C16',$,(#6228));
#6291=PRODUCT('L1','L1',$,(#6228));
#6292=PRODUCT('2410859790240','2410859790240',$,(#6228));
#6293=PRODUCT('Extruded_8','Extruded (3)',$,(#6228));
#6294=PRODUCT('C3','C3',$,(#6228));
#6295=PRODUCT('C5','C5',$,(#6228));
#6296=PRODUCT('C7','C7',$,(#6228));
#6297=PRODUCT('C9','C9',$,(#6228));
#6298=PRODUCT('C2_1','C2 (1)',$,(#6228));
#6299=PRODUCT('C13','C13',$,(#6228));
#6300=PRODUCT('C12','C12',$,(#6228));
#6301=PRODUCT('C11','C11',$,(#6228));
#6302=PRODUCT('C14','C14',$,(#6228));
#6303=PRODUCT('2410890683072','2410890683072',$,(#6228));
#6304=PRODUCT('Extruded_9','Extruded (13)',$,(#6228));
#6305=PRODUCT('2410890682912','2410890682912',$,(#6228));
#6306=PRODUCT('Extruded_10','Extruded (14)',$,(#6228));
#6307=PRODUCT('C1_1','C1 (1)',$,(#6228));
#6308=PRODUCT('2410859791280','2410859791280',$,(#6228));
#6309=PRODUCT('Extruded_11','Extruded (9)',$,(#6228));
#6310=PRODUCT('C4','C4',$,(#6228));
#6311=PRODUCT('2410859791040','2410859791040',$,(#6228));
#6312=PRODUCT('Extruded_12','Extruded (2)',$,(#6228));
#6313=PRODUCT('2410859790080','2410859790080',$,(#6228));
#6314=PRODUCT('Extruded_13','Extruded (1)',$,(#6228));
#6315=PRODUCT('R7','R7',$,(#6228));
#6316=PRODUCT('L2','L2',$,(#6228));
#6317=PRODUCT('RES-0402','RES-0402',$,(#6228));
#6318=PRODUCT('U3','U3',$,(#6228));
#6319=PRODUCT('1361943408560','1361943408560',$,(#6228));
#6320=PRODUCT('Open CASCADE STEP translator 6.8 13.1',
'Open CASCADE STEP translator 6.8 13.1',$,(#6228));
#6321=PRODUCT('Body_1','Body',$,(#6228));
#6322=PRODUCT('Open CASCADE STEP translator 6.8 13.2.1',
'Open CASCADE STEP translator 6.8 13.2.1',$,(#6228));
#6323=PRODUCT('Thermal_Shape','Thermal_Shape',$,(#6228));
#6324=PRODUCT('Pin_Shape','Pin_Shape',$,(#6228));
#6325=PRODUCT('Open CASCADE STEP translator 6.8 13.4.1',
'Open CASCADE STEP translator 6.8 13.4.1',$,(#6228));
#6326=PRODUCT('Open CASCADE STEP translator 6.8 13.4.2',
'Open CASCADE STEP translator 6.8 13.4.2',$,(#6228));
#6327=PRODUCT('R13','R13',$,(#6228));
#6328=PRODUCT('R9','R9',$,(#6228));
#6329=PRODUCT('R6','R6',$,(#6228));
#6330=PRODUCT('R5','R5',$,(#6228));
#6331=PRODUCT('R4','R4',$,(#6228));
#6332=PRODUCT('R20','R20',$,(#6228));
#6333=PRODUCT('R19','R19',$,(#6228));
#6334=PRODUCT('R17','R17',$,(#6228));
#6335=PRODUCT('R16','R16',$,(#6228));
#6336=PRODUCT('R15','R15',$,(#6228));
#6337=PRODUCT('R14','R14',$,(#6228));
#6338=PRODUCT('R12','R12',$,(#6228));
#6339=PRODUCT('R3_1','R3',$,(#6228));
#6340=PRODUCT('R8','R8',$,(#6228));
#6341=PRODUCT('Q1','Q1',$,(#6228));
#6342=PRODUCT('SOT-523','SOT-523',$,(#6228));
#6343=PRODUCT('DL2','DL2',$,(#6228));
#6344=PRODUCT('C12_1','C12 (1)',$,(#6228));
#6345=PRODUCT('C5_1','C5 (1)',$,(#6228));
#6346=PRODUCT('C4_1','C4 (1)',$,(#6228));
#6347=PRODUCT('C9_1','C9 (1)',$,(#6228));
#6348=PRODUCT('C21','C21',$,(#6228));
#6349=PRODUCT('C22','C22',$,(#6228));
#6350=PRODUCT('C23','C23',$,(#6228));
#6351=PRODUCT('U2','U2',$,(#6228));
#6352=PRODUCT('1361943407520','1361943407520',$,(#6228));
#6353=PRODUCT('Open CASCADE STEP translator 6.8 19.1',
'Open CASCADE STEP translator 6.8 19.1',$,(#6228));
#6354=PRODUCT('Body_2','Body (1)',$,(#6228));
#6355=PRODUCT('Open CASCADE STEP translator 6.8 19.2.1',
'Open CASCADE STEP translator 6.8 19.2.1',$,(#6228));
#6356=PRODUCT('Pin_Shape_1','Pin_Shape (1)',$,(#6228));
#6357=PRODUCT('Open CASCADE STEP translator 6.8 19.3.1',
'Open CASCADE STEP translator 6.8 19.3.1',$,(#6228));
#6358=PRODUCT('L3','L3',$,(#6228));
#6359=PRODUCT('1361975689312','1361975689312',$,(#6228));
#6360=PRODUCT('Extruded_14','Extruded (10)',$,(#6228));
#6361=PRODUCT('C28','C28',$,(#6228));
#6362=PRODUCT('CAP-0201','CAP-0201',$,(#6228));
#6363=PRODUCT('C25','C25',$,(#6228));
#6364=PRODUCT('C20','C20',$,(#6228));
#6365=PRODUCT('CAP-0402','CAP-0402',$,(#6228));
#6366=PRODUCT('C27','C27',$,(#6228));
#6367=PRODUCT('C26','C26',$,(#6228));
#6368=PRODUCT('C24','C24',$,(#6228));
#6369=PRODUCT('CAP-0603','CAP-0603',$,(#6228));
#6370=PRODUCT('R21','R21',$,(#6228));
#6371=PRODUCT('R18','R18',$,(#6228));
#6372=PRODUCT('D2','D2',$,(#6228));
#6373=PRODUCT('SOD123FL','SOD123FL',$,(#6228));
#6374=PRODUCT('8279795424','8279795424',$,(#6228));
#6375=PRODUCT('Body_3','Body (2)',$,(#6228));
#6376=PRODUCT('Open CASCADE STEP translator 7.5 15.1.1',
'Open CASCADE STEP translator 7.5 15.1.1',$,(#6228));
#6377=PRODUCT('lead','lead',$,(#6228));
#6378=PRODUCT('R11','R11',$,(#6228));
#6379=PRODUCT('R10','R10',$,(#6228));
#6380=PRODUCT('RES-0201','RES-0201',$,(#6228));
#6381=PRODUCT('DL1','DL1',$,(#6228));
#6382=PRODUCT('SMLP34RGB','SMLP34RGB',$,(#6228));
#6383=PRODUCT('DL3','DL3',$,(#6228));
#6384=PRODUCT('HSMx-190','HSMx-190',$,(#6228));
#6385=PRODUCT('JP1','JP1',$,(#6228));
#6386=PRODUCT('JP2','JP2',$,(#6228));
#6387=PRODUCT('Header _Fem_1X8','Header _Fem_1X8',$,(#6228));
#6388=PRODUCT('PB1','PB1',$,(#6228));
#6389=PRODUCT('PTS820J20KSMTRLFS','PTS820J20KSMTRLFS',$,(#6228));
#6390=PRODUCT('J1','J1',$,(#6228));
#6391=PRODUCT(
'CX90B-16P_CL0480-0755-0-00_3DDrawing_STEP_CX90B-16P_3D_48007525000_3D
_STP',
'CX90B-16P_CL0480-0755-0-00_3DDrawing_STEP_CX90B-16P_3D_48007525000_3D
_STP',$,(#6228));
#6392=PRODUCT('CX90B-16P_3D','CX90B-16P_3D',$,(#6228));
#6393=PRODUCT('D1','D1',$,(#6228));
#6394=PRODUCT('PRTR5V0U2X','PRTR5V0U2X',$,(#6228));
#6395=PRODUCT('C16_1','C16 (1)',$,(#6228));
#6396=PRODUCT('CAP-0805','CAP-0805',$,(#6228));
#6397=PRESENTATION_STYLE_ASSIGNMENT((#6398));
#6398=SURFACE_STYLE_USAGE(.BOTH.,#6399);
#6399=SURFACE_SIDE_STYLE('',(#6400));
#6400=SURFACE_STYLE_FILL_AREA(#6401);
#6401=FILL_AREA_STYLE('Acier - Satin\X\E9',(#6402));
#6402=FILL_AREA_STYLE_COLOUR('Acier - Satin\X\E9',#6403);
#6403=COLOUR_RGB('Acier - Satin\X\E9',0.627450980392157,0.627450980392157,
0.627450980392157);
ENDSEC;
END-ISO-10303-21;
